isolate_id,antibiotic,binary_label,fold_id
13726,TZP,0,1
13748,TZP,1,0
13761,TZP,1,3
13768,TZP,1,4
14444,TZP,0,3
15219,TZP,0,4
15882,TZP,0,1
15937,TZP,0,4
16008,TZP,0,0
16233,TZP,1,1
18411,TZP,0,1
19073,TZP,0,4
1912,TZP,0,0
25616,TZP,1,1
25947,TZP,0,3
27106,TZP,0,1
27778,TZP,0,0
27989,TZP,0,2
28866,TZP,0,0
28880,TZP,0,3
28887,TZP,0,0
28893,TZP,0,3
365679,TZP,1,3
366562,TZP,1,4
368001,TZP,1,0
368320,TZP,1,3
371351,TZP,0,2
374613,TZP,0,4
375436,TZP,1,2
380979,TZP,0,3
401050,TZP,1,1
4111,TZP,0,4
430405,TZP,1,2
430414,TZP,1,0
450199,TZP,0,1
468268,TZP,0,0
4759,TZP,0,1
479404,TZP,1,4
4815,TZP,0,2
499958,TZP,0,3
511348,TZP,1,4
513382,TZP,0,2
515247,TZP,1,2
515432,TZP,1,3
516635,TZP,0,1
517281,TZP,1,2
518712,TZP,0,0
526410,TZP,1,0
539414,TZP,0,4
546733,TZP,0,2
560539,TZP,1,2
562722,TZP,0,2
564304,TZP,0,3
572640,TZP,0,2
5741,TZP,1,2
581745,TZP,1,0
583114,TZP,0,4
583141,TZP,0,0
5881,TZP,1,4
591344,TZP,1,1
599975,TZP,0,1
6031,TZP,0,0
613682,TZP,1,1
614201,TZP,0,3
669448,TZP,1,1
669510,TZP,1,2
672476,TZP,0,3
676980,TZP,0,2
680172,TZP,0,4
681054,TZP,1,4
699478,TZP,0,0
699654,TZP,0,2
702261,TZP,0,1
728987,TZP,0,4
730567,TZP,0,1
731029,TZP,0,0
736213,TZP,0,4
740795,TZP,1,3
742743,TZP,0,1
750877,TZP,0,2
750999,TZP,0,3
752729,TZP,1,0
761403,TZP,1,3
