antibiotic,model,TN,FP,FN,TP
TOB,logistic_regression,41,5,3,38
TOB,random_forest,37,9,1,40
TOB,xgboost,38,8,6,35
TOB,majority_baseline,46,0,41,0
FEP,logistic_regression,39,5,4,50
FEP,random_forest,41,3,2,52
FEP,xgboost,39,5,6,48
FEP,majority_baseline,0,44,0,54
TET,logistic_regression,32,9,10,44
TET,random_forest,23,18,8,46
TET,xgboost,32,9,12,42
TET,majority_baseline,0,41,0,54
CAZ,logistic_regression,30,7,4,51
CAZ,random_forest,27,10,0,55
CAZ,xgboost,28,9,1,54
CAZ,majority_baseline,0,37,0,55
ATM,logistic_regression,31,6,3,54
ATM,random_forest,31,6,4,53
ATM,xgboost,28,9,3,54
ATM,majority_baseline,0,37,0,57
CIP,logistic_regression,40,14,6,29
CIP,random_forest,38,16,1,34
CIP,xgboost,32,22,5,30
CIP,majority_baseline,54,0,35,0
SXT,logistic_regression,33,6,4,57
SXT,random_forest,31,8,2,59
SXT,xgboost,31,8,3,58
SXT,majority_baseline,0,39,0,61
GEN,logistic_regression,43,17,7,30
GEN,random_forest,43,17,7,30
GEN,xgboost,37,23,10,27
GEN,majority_baseline,60,0,37,0
C/T,logistic_regression,47,15,8,29
C/T,random_forest,47,15,7,30
C/T,xgboost,37,25,6,31
C/T,majority_baseline,62,0,37,0
TZP,logistic_regression,38,14,8,23
TZP,random_forest,37,15,8,23
TZP,xgboost,36,16,10,21
TZP,majority_baseline,52,0,31,0
CRO,logistic_regression,31,6,4,59
CRO,random_forest,28,9,2,61
CRO,xgboost,29,8,0,63
CRO,majority_baseline,0,37,0,63
LVX,logistic_regression,47,14,8,21
LVX,random_forest,47,14,8,21
LVX,xgboost,46,15,10,19
LVX,majority_baseline,61,0,29,0
SAM,logistic_regression,21,5,12,59
SAM,random_forest,19,7,4,67
SAM,xgboost,21,5,12,59
SAM,majority_baseline,0,26,0,71
ETP,logistic_regression,72,4,6,17
ETP,random_forest,65,11,5,18
ETP,xgboost,68,8,9,14
ETP,majority_baseline,76,0,23,0
MEM,logistic_regression,69,7,7,15
MEM,random_forest,63,13,6,16
MEM,xgboost,62,14,7,15
MEM,majority_baseline,76,0,22,0
IPM,logistic_regression,70,6,7,13
IPM,random_forest,64,12,8,12
IPM,xgboost,65,11,6,14
IPM,majority_baseline,76,0,20,0
