antibiotic,model,scheme,n_folds,accuracy_mean,accuracy_std,precision_mean,precision_std,recall_mean,recall_std,f1_mean,f1_std,roc_auc_mean,roc_auc_std,pr_auc_mean,pr_auc_std
TOB,logistic_regression,standard_stratified,5,0.9065,0.0895,0.895,0.123,0.925,0.0685,0.9067,0.0847,0.9778,0.0252,0.9794,0.0227
TOB,random_forest,standard_stratified,5,0.885,0.0821,0.8366,0.1363,0.975,0.0559,0.8928,0.0673,0.9806,0.0186,0.9805,0.02
TOB,xgboost,standard_stratified,5,0.8373,0.0984,0.8531,0.1425,0.85,0.2054,0.8252,0.1107,0.9682,0.0243,0.9688,0.0231
TOB,logistic_regression,grouped_MLST,5,0.9314,0.0759,0.9111,0.093,0.9528,0.0648,0.9307,0.0757,0.9817,0.018,0.9819,0.018
TOB,random_forest,grouped_MLST,5,0.9196,0.0666,0.9042,0.0559,0.925,0.1118,0.9127,0.0771,0.9762,0.0284,0.9753,0.029
TOB,xgboost,grouped_MLST,5,0.8739,0.1026,0.8332,0.112,0.9278,0.1104,0.876,0.1018,0.9614,0.044,0.9624,0.0403
TOB,logistic_regression,grouped_K_locus,5,0.9133,0.0667,0.8914,0.0665,0.9356,0.0983,0.911,0.0705,0.9833,0.0236,0.9843,0.022
TOB,random_forest,grouped_K_locus,5,0.947,0.0615,0.9436,0.0824,0.9514,0.0682,0.9455,0.0597,0.9813,0.0272,0.9832,0.0233
TOB,xgboost,grouped_K_locus,5,0.8778,0.0631,0.8842,0.073,0.8592,0.0951,0.8691,0.0652,0.9614,0.0317,0.9583,0.0345
FEP,logistic_regression,standard_stratified,5,0.9084,0.0671,0.9118,0.0594,0.9273,0.0761,0.9185,0.0599,0.9684,0.0306,0.9732,0.0281
FEP,random_forest,standard_stratified,5,0.9495,0.0354,0.9485,0.0471,0.9636,0.0498,0.9549,0.0322,0.9727,0.0306,0.9785,0.0251
FEP,xgboost,standard_stratified,5,0.8889,0.074,0.9088,0.0564,0.8909,0.1185,0.8966,0.0744,0.9551,0.0429,0.9657,0.0391
FEP,logistic_regression,grouped_MLST,5,0.8887,0.0503,0.8952,0.0905,0.9218,0.0832,0.9023,0.0361,0.9728,0.0208,0.9789,0.0158
FEP,random_forest,grouped_MLST,5,0.9388,0.0418,0.9348,0.0634,0.96,0.0548,0.9454,0.0376,0.9747,0.0152,0.9812,0.0114
FEP,xgboost,grouped_MLST,5,0.8877,0.0931,0.9033,0.1003,0.9055,0.1115,0.9004,0.082,0.9653,0.0272,0.9767,0.0173
FEP,logistic_regression,grouped_K_locus,5,0.8893,0.0895,0.8992,0.1065,0.9118,0.1023,0.9011,0.0812,0.9566,0.0701,0.9589,0.0729
FEP,random_forest,grouped_K_locus,5,0.9083,0.0433,0.9357,0.101,0.9121,0.0873,0.9167,0.0357,0.9633,0.0486,0.9658,0.0528
FEP,xgboost,grouped_K_locus,5,0.8973,0.0916,0.9121,0.1114,0.9052,0.0711,0.907,0.0826,0.9437,0.0843,0.9546,0.0799
TET,logistic_regression,standard_stratified,5,0.8,0.0781,0.838,0.0872,0.8182,0.1437,0.8199,0.0779,0.8787,0.0856,0.9233,0.0533
TET,random_forest,standard_stratified,5,0.7263,0.0686,0.7296,0.0931,0.8545,0.1379,0.7784,0.0574,0.8605,0.1211,0.9059,0.0849
TET,xgboost,standard_stratified,5,0.7789,0.044,0.8308,0.042,0.7782,0.1512,0.7944,0.0603,0.8493,0.0959,0.9013,0.0642
TET,logistic_regression,grouped_MLST,5,0.7674,0.0751,0.8069,0.0889,0.7973,0.1316,0.7938,0.0663,0.8637,0.0736,0.9134,0.0372
TET,random_forest,grouped_MLST,5,0.7346,0.0722,0.8038,0.1347,0.7724,0.2316,0.7556,0.0933,0.8631,0.0658,0.8913,0.0818
TET,xgboost,grouped_MLST,5,0.7357,0.08,0.7589,0.0897,0.7973,0.0996,0.7736,0.0675,0.8666,0.0527,0.9099,0.0403
TET,logistic_regression,grouped_K_locus,5,0.8091,0.0941,0.8242,0.0991,0.8509,0.0536,0.8364,0.0761,0.8849,0.061,0.9267,0.0479
TET,random_forest,grouped_K_locus,5,0.7576,0.0962,0.7392,0.1091,0.9255,0.0767,0.8158,0.0614,0.8655,0.0589,0.9047,0.0679
TET,xgboost,grouped_K_locus,5,0.823,0.0808,0.8481,0.1074,0.8509,0.1055,0.8447,0.0739,0.8797,0.0354,0.9252,0.039
CAZ,logistic_regression,standard_stratified,5,0.8801,0.1065,0.8993,0.1277,0.9273,0.0761,0.9067,0.0736,0.9727,0.0339,0.9826,0.0215
CAZ,random_forest,standard_stratified,5,0.8912,0.1009,0.86,0.1205,1.0,0.0,0.9211,0.0707,0.9779,0.025,0.9864,0.0155
CAZ,xgboost,standard_stratified,5,0.8912,0.1009,0.8767,0.1352,0.9818,0.0407,0.9202,0.0702,0.9659,0.0517,0.9761,0.0375
CAZ,logistic_regression,grouped_MLST,5,0.9022,0.1137,0.9442,0.077,0.8909,0.1626,0.9107,0.1076,0.9766,0.0323,0.9853,0.0201
CAZ,random_forest,grouped_MLST,5,0.89,0.0796,0.8705,0.1084,0.9818,0.0407,0.9183,0.0519,0.97,0.0273,0.981,0.0169
CAZ,xgboost,grouped_MLST,5,0.8911,0.0396,0.8789,0.082,0.9636,0.0813,0.914,0.0282,0.9746,0.0247,0.9841,0.0153
CAZ,logistic_regression,grouped_K_locus,5,0.89,0.0586,0.8867,0.0922,0.9446,0.0514,0.9114,0.0461,0.9728,0.0205,0.9811,0.0165
CAZ,random_forest,grouped_K_locus,5,0.904,0.0685,0.8766,0.0883,0.9846,0.0344,0.9255,0.0536,0.97,0.0234,0.9804,0.0154
CAZ,xgboost,grouped_K_locus,5,0.8789,0.067,0.8552,0.0677,0.9633,0.0506,0.905,0.0512,0.9672,0.024,0.9788,0.0158
ATM,logistic_regression,standard_stratified,5,0.9047,0.0433,0.9099,0.0824,0.947,0.0485,0.9249,0.03,0.9813,0.0247,0.9884,0.0145
ATM,random_forest,standard_stratified,5,0.8942,0.0828,0.9086,0.0929,0.9288,0.0757,0.9158,0.0648,0.9837,0.0229,0.9908,0.0126
ATM,xgboost,standard_stratified,5,0.8725,0.0596,0.8781,0.1196,0.9455,0.0813,0.9021,0.0396,0.9766,0.029,0.9864,0.0182
ATM,logistic_regression,grouped_MLST,5,0.9163,0.0592,0.93,0.0398,0.9303,0.0753,0.9294,0.0531,0.9694,0.0342,0.9784,0.0272
ATM,random_forest,grouped_MLST,5,0.9051,0.0424,0.9014,0.0258,0.947,0.0805,0.922,0.0407,0.9769,0.0262,0.9819,0.0245
ATM,xgboost,grouped_MLST,5,0.8835,0.0431,0.864,0.0462,0.9636,0.0813,0.9085,0.0374,0.9729,0.0226,0.981,0.0187
ATM,logistic_regression,grouped_K_locus,5,0.8974,0.0932,0.9133,0.1089,0.9333,0.0697,0.9194,0.0688,0.9762,0.0308,0.9868,0.0158
ATM,random_forest,grouped_K_locus,5,0.9279,0.0573,0.9148,0.0881,0.9833,0.0373,0.945,0.0416,0.9803,0.0198,0.988,0.0121
ATM,xgboost,grouped_K_locus,5,0.8956,0.0589,0.869,0.0733,0.9833,0.0373,0.9206,0.0407,0.97,0.0202,0.9813,0.0129
CIP,logistic_regression,standard_stratified,5,0.7758,0.1293,0.6876,0.1567,0.8286,0.1565,0.747,0.1412,0.8873,0.1054,0.8559,0.1307
CIP,random_forest,standard_stratified,5,0.8092,0.0837,0.7112,0.1666,0.9714,0.0639,0.8078,0.0714,0.889,0.1168,0.8556,0.1378
CIP,xgboost,standard_stratified,5,0.6967,0.1274,0.5766,0.1376,0.8571,0.2474,0.6829,0.1627,0.8275,0.119,0.7605,0.1677
CIP,logistic_regression,grouped_MLST,5,0.7425,0.0817,0.6594,0.1132,0.7714,0.239,0.6919,0.1233,0.8958,0.0625,0.8279,0.0908
CIP,random_forest,grouped_MLST,5,0.798,0.0736,0.6931,0.1045,0.9143,0.1278,0.7815,0.0782,0.8956,0.0534,0.8417,0.0683
CIP,xgboost,grouped_MLST,5,0.7196,0.0859,0.6039,0.0734,0.8571,0.2474,0.6939,0.1296,0.8231,0.1502,0.7359,0.1902
CIP,logistic_regression,grouped_K_locus,5,0.8118,0.071,0.753,0.1418,0.8274,0.1201,0.7786,0.0795,0.8634,0.0827,0.8026,0.126
CIP,random_forest,grouped_K_locus,5,0.7781,0.0648,0.7122,0.1734,0.8714,0.2167,0.7485,0.0788,0.9069,0.0883,0.8683,0.1363
CIP,xgboost,grouped_K_locus,5,0.7678,0.0818,0.6609,0.1097,0.881,0.1214,0.7499,0.0867,0.8055,0.1358,0.716,0.1924
SXT,logistic_regression,standard_stratified,5,0.9,0.05,0.9064,0.064,0.9346,0.0367,0.9193,0.04,0.9562,0.0386,0.9696,0.0286
SXT,random_forest,standard_stratified,5,0.9,0.0707,0.8831,0.0789,0.9667,0.0456,0.9218,0.0551,0.9604,0.0324,0.9722,0.0249
SXT,xgboost,standard_stratified,5,0.89,0.0224,0.88,0.0367,0.9513,0.0446,0.9132,0.0188,0.9477,0.0427,0.961,0.0403
SXT,logistic_regression,grouped_MLST,5,0.8904,0.0543,0.8984,0.079,0.9333,0.0697,0.9121,0.0417,0.9508,0.0558,0.9679,0.0349
SXT,random_forest,grouped_MLST,5,0.8999,0.1172,0.887,0.1277,0.9833,0.0373,0.9279,0.0774,0.9447,0.0605,0.9619,0.0416
SXT,xgboost,grouped_MLST,5,0.901,0.0936,0.8978,0.1215,0.9667,0.0456,0.9259,0.0636,0.9606,0.0619,0.9742,0.0401
SXT,logistic_regression,grouped_K_locus,5,0.8997,0.0059,0.9003,0.063,0.9483,0.08,0.9192,0.0123,0.958,0.034,0.975,0.0185
SXT,random_forest,grouped_K_locus,5,0.8667,0.0828,0.8613,0.0648,0.9346,0.1084,0.8936,0.0691,0.9533,0.0273,0.9706,0.0145
SXT,xgboost,grouped_K_locus,5,0.8992,0.0386,0.8718,0.0511,0.9818,0.0407,0.9222,0.0278,0.9497,0.0352,0.9707,0.0184
GEN,logistic_regression,standard_stratified,5,0.7511,0.082,0.6488,0.1015,0.8071,0.1589,0.709,0.0924,0.9036,0.0563,0.8859,0.0574
GEN,random_forest,standard_stratified,5,0.7516,0.0616,0.7001,0.1895,0.8071,0.2364,0.7033,0.0767,0.8949,0.0703,0.8788,0.0762
GEN,xgboost,standard_stratified,5,0.6589,0.0825,0.5573,0.1062,0.7286,0.1356,0.6195,0.0665,0.8708,0.0565,0.8556,0.0571
GEN,logistic_regression,grouped_MLST,5,0.7956,0.0968,0.7537,0.1898,0.8321,0.1575,0.7619,0.0735,0.8818,0.0611,0.8488,0.1003
GEN,random_forest,grouped_MLST,5,0.7557,0.1526,0.7025,0.2315,0.7464,0.2768,0.6924,0.2045,0.9019,0.0679,0.8704,0.1256
GEN,xgboost,grouped_MLST,5,0.7451,0.0892,0.6564,0.1968,0.8893,0.1187,0.7327,0.0747,0.8663,0.0641,0.8331,0.0811
GEN,logistic_regression,grouped_K_locus,5,0.8042,0.1417,0.725,0.2075,0.8071,0.2192,0.7556,0.1954,0.8675,0.1208,0.8531,0.1422
GEN,random_forest,grouped_K_locus,5,0.7502,0.1856,0.6764,0.2442,0.7821,0.2167,0.712,0.212,0.8914,0.1085,0.8772,0.1344
GEN,xgboost,grouped_K_locus,5,0.6997,0.1206,0.5962,0.1231,0.8357,0.236,0.6748,0.1287,0.8577,0.1207,0.8362,0.1391
C/T,logistic_regression,standard_stratified,5,0.7684,0.0543,0.6617,0.0728,0.7786,0.134,0.711,0.086,0.8875,0.0312,0.8459,0.0283
C/T,random_forest,standard_stratified,5,0.7784,0.0546,0.6853,0.0924,0.8143,0.2119,0.724,0.0878,0.8857,0.0799,0.8533,0.0726
C/T,xgboost,standard_stratified,5,0.6874,0.0514,0.5563,0.0383,0.8357,0.1814,0.6609,0.0701,0.8131,0.096,0.7596,0.0871
C/T,logistic_regression,grouped_MLST,5,0.7353,0.075,0.64,0.0987,0.7,0.1153,0.6637,0.0863,0.8518,0.0464,0.816,0.0507
C/T,random_forest,grouped_MLST,5,0.7669,0.0811,0.6701,0.1211,0.8036,0.13,0.7217,0.0814,0.8653,0.0856,0.8299,0.0704
C/T,xgboost,grouped_MLST,5,0.6877,0.0866,0.5789,0.0894,0.7643,0.2163,0.642,0.0821,0.8265,0.0633,0.78,0.0743
C/T,logistic_regression,grouped_K_locus,5,0.7291,0.1001,0.6089,0.1022,0.727,0.2871,0.648,0.1706,0.8654,0.1011,0.8296,0.1366
C/T,random_forest,grouped_K_locus,5,0.8087,0.0531,0.7335,0.0783,0.7778,0.1957,0.7405,0.1177,0.8999,0.071,0.8717,0.0969
C/T,xgboost,grouped_K_locus,5,0.6881,0.0939,0.5402,0.1088,0.7714,0.3289,0.622,0.192,0.8147,0.1279,0.7694,0.1472
TZP,logistic_regression,standard_stratified,5,0.7375,0.1547,0.725,0.2582,0.7429,0.344,0.6493,0.2561,0.8704,0.1136,0.8617,0.1088
TZP,random_forest,standard_stratified,5,0.7228,0.0706,0.6867,0.188,0.7476,0.374,0.6236,0.202,0.8395,0.1113,0.8023,0.1136
TZP,xgboost,standard_stratified,5,0.6868,0.048,0.6535,0.2031,0.6952,0.3305,0.5828,0.1883,0.8086,0.0504,0.7618,0.1047
TZP,logistic_regression,grouped_MLST,5,0.771,0.0512,0.6724,0.0469,0.7381,0.1534,0.7001,0.0963,0.8687,0.0934,0.8401,0.1071
TZP,random_forest,grouped_MLST,5,0.7523,0.1403,0.6332,0.1473,0.9048,0.0875,0.7408,0.1253,0.8974,0.0618,0.8456,0.1062
TZP,xgboost,grouped_MLST,5,0.6738,0.085,0.5513,0.0863,0.7048,0.2506,0.6033,0.1376,0.8557,0.1073,0.7921,0.1595
TZP,logistic_regression,grouped_K_locus,5,0.6931,0.1389,0.578,0.161,0.6857,0.3115,0.6063,0.2028,0.8273,0.095,0.7932,0.1185
TZP,random_forest,grouped_K_locus,5,0.7623,0.0505,0.654,0.1006,0.8429,0.1558,0.7243,0.0575,0.8724,0.0764,0.8096,0.1216
TZP,xgboost,grouped_K_locus,5,0.7045,0.1035,0.6295,0.1422,0.6667,0.2635,0.6155,0.1407,0.7795,0.1223,0.7006,0.1688
CRO,logistic_regression,standard_stratified,5,0.9,0.0612,0.9209,0.0961,0.9359,0.036,0.9246,0.0377,0.9804,0.0182,0.99,0.0087
CRO,random_forest,standard_stratified,5,0.89,0.0894,0.8876,0.123,0.9692,0.0421,0.9214,0.0608,0.9847,0.0184,0.9921,0.0093
CRO,xgboost,standard_stratified,5,0.92,0.0758,0.8948,0.0937,1.0,0.0,0.9423,0.0539,0.9788,0.0303,0.9881,0.0183
CRO,logistic_regression,grouped_MLST,5,0.8889,0.067,0.9186,0.0089,0.9051,0.1024,0.9098,0.057,0.9755,0.0273,0.9863,0.0154
CRO,random_forest,grouped_MLST,5,0.9194,0.0458,0.8989,0.0382,0.9846,0.0344,0.9396,0.033,0.9709,0.0318,0.984,0.0172
CRO,xgboost,grouped_MLST,5,0.8994,0.0383,0.8856,0.0313,0.9667,0.0745,0.9225,0.0336,0.9666,0.0276,0.9812,0.0164
CRO,logistic_regression,grouped_K_locus,5,0.9414,0.0409,0.9703,0.0407,0.9407,0.0813,0.9525,0.0338,0.983,0.0182,0.9913,0.0088
CRO,random_forest,grouped_K_locus,5,0.9006,0.0577,0.8782,0.0725,0.9857,0.0319,0.927,0.0392,0.9859,0.0136,0.9925,0.007
CRO,xgboost,grouped_K_locus,5,0.8917,0.0496,0.9101,0.1006,0.9368,0.0653,0.9175,0.0314,0.9874,0.0136,0.9934,0.0068
LVX,logistic_regression,standard_stratified,5,0.7556,0.1279,0.5877,0.1389,0.7333,0.3837,0.6216,0.2603,0.8374,0.1638,0.762,0.1526
LVX,random_forest,standard_stratified,5,0.7556,0.1501,0.5952,0.2463,0.7267,0.3435,0.6342,0.2766,0.8562,0.0965,0.7158,0.1654
LVX,xgboost,standard_stratified,5,0.7222,0.1416,0.6193,0.291,0.66,0.3876,0.5697,0.2521,0.8001,0.1202,0.668,0.1605
LVX,logistic_regression,grouped_MLST,5,0.754,0.0791,0.5853,0.0992,0.7067,0.3491,0.6122,0.2167,0.8903,0.0612,0.7681,0.0873
LVX,random_forest,grouped_MLST,5,0.7763,0.0707,0.6285,0.0843,0.8133,0.2456,0.6888,0.1279,0.8913,0.0552,0.7471,0.1033
LVX,xgboost,grouped_MLST,5,0.6453,0.0566,0.4723,0.0437,0.74,0.332,0.5418,0.1564,0.8359,0.0814,0.6737,0.1016
LVX,logistic_regression,grouped_K_locus,5,0.7674,0.0888,0.6402,0.1474,0.7933,0.1382,0.6943,0.084,0.8819,0.081,0.7789,0.1235
LVX,random_forest,grouped_K_locus,5,0.7902,0.1049,0.6578,0.1498,0.8333,0.1667,0.7249,0.124,0.9065,0.1058,0.8405,0.1753
LVX,xgboost,grouped_K_locus,5,0.6881,0.1139,0.5333,0.1724,0.7267,0.2499,0.5968,0.1527,0.8156,0.0898,0.6981,0.1726
SAM,logistic_regression,standard_stratified,5,0.8242,0.0604,0.9245,0.0514,0.8295,0.0829,0.8719,0.0488,0.9132,0.064,0.9715,0.0211
SAM,random_forest,standard_stratified,5,0.8874,0.0751,0.9085,0.0694,0.9438,0.0595,0.9245,0.0519,0.9325,0.0526,0.9771,0.0182
SAM,xgboost,standard_stratified,5,0.8237,0.1213,0.9208,0.0824,0.8295,0.1205,0.8702,0.094,0.899,0.0785,0.9617,0.0302
SAM,logistic_regression,grouped_MLST,5,0.8872,0.0408,0.956,0.0402,0.8876,0.0376,0.92,0.0294,0.9292,0.0462,0.9769,0.0152
SAM,random_forest,grouped_MLST,5,0.8862,0.0583,0.9162,0.0331,0.9295,0.0506,0.9226,0.0397,0.9371,0.0402,0.9798,0.0119
SAM,xgboost,grouped_MLST,5,0.8967,0.0833,0.9294,0.0507,0.9295,0.0715,0.929,0.0574,0.9154,0.066,0.971,0.0229
SAM,logistic_regression,grouped_K_locus,5,0.856,0.0663,0.9146,0.0588,0.8889,0.0751,0.8996,0.048,0.9248,0.0493,0.9745,0.0175
SAM,random_forest,grouped_K_locus,5,0.8581,0.0661,0.9018,0.0367,0.906,0.0928,0.9014,0.0512,0.9328,0.0407,0.9774,0.0143
SAM,xgboost,grouped_K_locus,5,0.8862,0.0704,0.9283,0.0546,0.9157,0.059,0.9213,0.0493,0.9085,0.0727,0.9659,0.0285
ETP,logistic_regression,standard_stratified,5,0.8995,0.0494,0.83,0.1718,0.74,0.0822,0.7759,0.1047,0.9244,0.0595,0.8543,0.088
ETP,random_forest,standard_stratified,5,0.8384,0.082,0.6717,0.2071,0.78,0.144,0.6976,0.0987,0.9475,0.029,0.8867,0.0617
ETP,xgboost,standard_stratified,5,0.8279,0.077,0.65,0.2345,0.6,0.1225,0.62,0.1733,0.8559,0.0701,0.7818,0.0819
ETP,logistic_regression,grouped_MLST,5,0.8617,0.1053,0.7533,0.2329,0.67,0.2225,0.7005,0.2171,0.9212,0.0471,0.8486,0.0904
ETP,random_forest,grouped_MLST,5,0.8481,0.0821,0.6676,0.1345,0.7,0.2449,0.6743,0.177,0.9343,0.0529,0.8441,0.1542
ETP,xgboost,grouped_MLST,5,0.812,0.1198,0.6648,0.266,0.65,0.3122,0.6032,0.2319,0.8677,0.0886,0.7277,0.1657
ETP,logistic_regression,grouped_K_locus,5,0.8827,0.0901,0.7911,0.2118,0.7867,0.146,0.774,0.1312,0.9222,0.0829,0.858,0.1413
ETP,random_forest,grouped_K_locus,5,0.8481,0.0749,0.7733,0.2521,0.5633,0.1416,0.6343,0.1599,0.9206,0.053,0.8248,0.129
ETP,xgboost,grouped_K_locus,5,0.8396,0.0715,0.6933,0.2127,0.5133,0.2012,0.5867,0.2107,0.8639,0.0745,0.7543,0.1416
MEM,logistic_regression,standard_stratified,5,0.8568,0.0557,0.745,0.2374,0.66,0.2903,0.645,0.1978,0.9052,0.0901,0.8248,0.1106
MEM,random_forest,standard_stratified,5,0.8074,0.0715,0.652,0.2248,0.7,0.326,0.5979,0.1468,0.9035,0.0528,0.8032,0.1121
MEM,xgboost,standard_stratified,5,0.7868,0.0627,0.58,0.2387,0.67,0.1565,0.5884,0.0843,0.8372,0.0474,0.7263,0.0811
MEM,logistic_regression,grouped_MLST,5,0.8673,0.0692,0.7433,0.1832,0.64,0.1782,0.6814,0.1699,0.9082,0.0859,0.8464,0.1154
MEM,random_forest,grouped_MLST,5,0.7881,0.0892,0.6433,0.2537,0.54,0.2329,0.5256,0.1355,0.9012,0.0609,0.7894,0.1414
MEM,xgboost,grouped_MLST,5,0.7379,0.1557,0.5782,0.2944,0.68,0.1255,0.5679,0.1085,0.8203,0.1125,0.6768,0.1957
MEM,logistic_regression,grouped_K_locus,5,0.8254,0.0626,0.7133,0.2785,0.51,0.2881,0.5441,0.1742,0.8791,0.0927,0.8034,0.1205
MEM,random_forest,grouped_K_locus,5,0.7952,0.1184,0.706,0.3266,0.62,0.3633,0.5545,0.2243,0.8577,0.1689,0.7543,0.2851
MEM,xgboost,grouped_K_locus,5,0.7861,0.0836,0.5889,0.2594,0.56,0.2881,0.5245,0.1829,0.777,0.1245,0.598,0.175
IPM,logistic_regression,standard_stratified,5,0.8647,0.0594,0.74,0.2408,0.65,0.1369,0.6714,0.1264,0.8744,0.0961,0.7798,0.1564
IPM,random_forest,standard_stratified,5,0.7911,0.0661,0.595,0.2401,0.6,0.2236,0.5333,0.1027,0.9008,0.0702,0.7664,0.1837
IPM,xgboost,standard_stratified,5,0.8226,0.0608,0.62,0.2226,0.7,0.2092,0.6212,0.0946,0.851,0.1002,0.7694,0.1365
IPM,logistic_regression,grouped_MLST,5,0.8746,0.0595,0.7667,0.2236,0.6,0.285,0.6457,0.2074,0.9327,0.0737,0.8552,0.1584
IPM,random_forest,grouped_MLST,5,0.8552,0.0662,0.6667,0.2041,0.75,0.25,0.679,0.1501,0.9443,0.0733,0.8333,0.2078
IPM,xgboost,grouped_MLST,5,0.8536,0.078,0.7422,0.2487,0.7,0.2092,0.6755,0.1091,0.9356,0.0767,0.8656,0.1506
IPM,logistic_regression,grouped_K_locus,5,0.8769,0.0858,0.7267,0.2428,0.6633,0.277,0.6819,0.2323,0.8564,0.165,0.7822,0.1977
IPM,random_forest,grouped_K_locus,5,0.8298,0.1043,0.6667,0.3333,0.5967,0.207,0.6015,0.2245,0.9038,0.1249,0.8098,0.255
IPM,xgboost,grouped_K_locus,5,0.7813,0.0913,0.5433,0.2586,0.62,0.2468,0.5365,0.1385,0.8263,0.1582,0.6923,0.2365
