antibiotic,model,n_isolates,n_resistant,n_susceptible,resistant_fraction,accuracy_mean,accuracy_std,precision_mean,precision_std,recall_mean,recall_std,f1_mean,f1_std,roc_auc_mean,roc_auc_std,pr_auc_mean,pr_auc_std,pooled_roc_auc,tn,fp,fn,tp,best_model_for_antibiotic,best_model_by_f1
ATM,random_forest,94,57,37,0.606,0.8942,0.0828,0.9086,0.0929,0.9288,0.0757,0.9158,0.0648,0.9837,0.0229,0.9908,0.0126,0.9765,31,6,4,53,True,False
ATM,logistic_regression,94,57,37,0.606,0.9047,0.0433,0.9099,0.0824,0.947,0.0485,0.9249,0.03,0.9813,0.0247,0.9884,0.0145,0.9734,31,6,3,54,False,True
ATM,xgboost,94,57,37,0.606,0.8725,0.0596,0.8781,0.1196,0.9455,0.0813,0.9021,0.0396,0.9766,0.029,0.9864,0.0182,0.9625,28,9,3,54,False,False
ATM,majority_baseline,94,57,37,0.606,0.6064,0.0264,0.6064,0.0264,1.0,0.0,0.7547,0.0205,0.5,0.0,0.6064,0.0264,0.4734,0,37,0,57,False,False
C/T,logistic_regression,99,37,62,0.374,0.7684,0.0543,0.6617,0.0728,0.7786,0.134,0.711,0.086,0.8875,0.0312,0.8459,0.0283,0.8723,47,15,8,29,True,False
C/T,random_forest,99,37,62,0.374,0.7784,0.0546,0.6853,0.0924,0.8143,0.2119,0.724,0.0878,0.8857,0.0799,0.8533,0.0726,0.884,47,15,7,30,False,True
C/T,xgboost,99,37,62,0.374,0.6874,0.0514,0.5563,0.0383,0.8357,0.1814,0.6609,0.0701,0.8131,0.096,0.7596,0.0871,0.8108,37,25,6,31,False,False
C/T,majority_baseline,99,37,62,0.374,0.6263,0.0252,0.0,0.0,0.0,0.0,0.0,0.0,0.5,0.0,0.3737,0.0252,0.4743,62,0,37,0,False,False
CAZ,random_forest,92,55,37,0.598,0.8912,0.1009,0.86,0.1205,1.0,0.0,0.9211,0.0707,0.9779,0.025,0.9864,0.0155,0.9767,27,10,0,55,True,True
CAZ,logistic_regression,92,55,37,0.598,0.8801,0.1065,0.8993,0.1277,0.9273,0.0761,0.9067,0.0736,0.9727,0.0339,0.9826,0.0215,0.9779,30,7,4,51,False,False
CAZ,xgboost,92,55,37,0.598,0.8912,0.1009,0.8767,0.1352,0.9818,0.0407,0.9202,0.0702,0.9659,0.0517,0.9761,0.0375,0.9639,28,9,1,54,False,False
CAZ,majority_baseline,92,55,37,0.598,0.5982,0.0176,0.5982,0.0176,1.0,0.0,0.7485,0.0139,0.5,0.0,0.5982,0.0176,0.4838,0,37,0,55,False,False
CIP,random_forest,89,35,54,0.393,0.8092,0.0837,0.7112,0.1666,0.9714,0.0639,0.8078,0.0714,0.889,0.1168,0.8556,0.1378,0.8833,38,16,1,34,True,True
CIP,logistic_regression,89,35,54,0.393,0.7758,0.1293,0.6876,0.1567,0.8286,0.1565,0.747,0.1412,0.8873,0.1054,0.8559,0.1307,0.8825,40,14,6,29,False,False
CIP,xgboost,89,35,54,0.393,0.6967,0.1274,0.5766,0.1376,0.8571,0.2474,0.6829,0.1627,0.8275,0.119,0.7605,0.1677,0.8185,32,22,5,30,False,False
CIP,majority_baseline,89,35,54,0.393,0.6065,0.0102,0.0,0.0,0.0,0.0,0.0,0.0,0.5,0.0,0.3935,0.0102,0.4926,54,0,35,0,False,False
CRO,random_forest,100,63,37,0.63,0.89,0.0894,0.8876,0.123,0.9692,0.0421,0.9214,0.0608,0.9847,0.0184,0.9921,0.0093,0.9794,28,9,2,61,True,False
CRO,logistic_regression,100,63,37,0.63,0.9,0.0612,0.9209,0.0961,0.9359,0.036,0.9246,0.0377,0.9804,0.0182,0.99,0.0087,0.9713,31,6,4,59,False,False
CRO,xgboost,100,63,37,0.63,0.92,0.0758,0.8948,0.0937,1.0,0.0,0.9423,0.0539,0.9788,0.0303,0.9881,0.0183,0.9687,29,8,0,63,False,True
CRO,majority_baseline,100,63,37,0.63,0.63,0.0274,0.63,0.0274,1.0,0.0,0.7727,0.0207,0.5,0.0,0.63,0.0274,0.4743,0,37,0,63,False,False
ETP,random_forest,99,23,76,0.232,0.8384,0.082,0.6717,0.2071,0.78,0.144,0.6976,0.0987,0.9475,0.029,0.8867,0.0617,0.9213,65,11,5,18,True,False
ETP,logistic_regression,99,23,76,0.232,0.8995,0.0494,0.83,0.1718,0.74,0.0822,0.7759,0.1047,0.9244,0.0595,0.8543,0.088,0.9199,72,4,6,17,False,True
ETP,xgboost,99,23,76,0.232,0.8279,0.077,0.65,0.2345,0.6,0.1225,0.62,0.1733,0.8559,0.0701,0.7818,0.0819,0.8421,68,8,9,14,False,False
ETP,majority_baseline,99,23,76,0.232,0.7679,0.0248,0.0,0.0,0.0,0.0,0.0,0.0,0.5,0.0,0.2321,0.0248,0.4688,76,0,23,0,False,False
FEP,random_forest,98,54,44,0.551,0.9495,0.0354,0.9485,0.0471,0.9636,0.0498,0.9549,0.0322,0.9727,0.0306,0.9785,0.0251,0.9806,41,3,2,52,True,True
FEP,logistic_regression,98,54,44,0.551,0.9084,0.0671,0.9118,0.0594,0.9273,0.0761,0.9185,0.0599,0.9684,0.0306,0.9732,0.0281,0.9689,39,5,4,50,False,False
FEP,xgboost,98,54,44,0.551,0.8889,0.074,0.9088,0.0564,0.8909,0.1185,0.8966,0.0744,0.9551,0.0429,0.9657,0.0391,0.9461,39,5,6,48,False,False
FEP,majority_baseline,98,54,44,0.551,0.5511,0.0187,0.5511,0.0187,1.0,0.0,0.7104,0.0155,0.5,0.0,0.5511,0.0187,0.4834,0,44,0,54,False,False
GEN,logistic_regression,97,37,60,0.381,0.7511,0.082,0.6488,0.1015,0.8071,0.1589,0.709,0.0924,0.9036,0.0563,0.8859,0.0574,0.882,43,17,7,30,True,True
GEN,random_forest,97,37,60,0.381,0.7516,0.0616,0.7001,0.1895,0.8071,0.2364,0.7033,0.0767,0.8949,0.0703,0.8788,0.0762,0.8786,43,17,7,30,False,False
GEN,xgboost,97,37,60,0.381,0.6589,0.0825,0.5573,0.1062,0.7286,0.1356,0.6195,0.0665,0.8708,0.0565,0.8556,0.0571,0.8532,37,23,10,27,False,False
GEN,majority_baseline,97,37,60,0.381,0.6189,0.0173,0.0,0.0,0.0,0.0,0.0,0.0,0.5,0.0,0.3811,0.0173,0.4838,60,0,37,0,False,False
IPM,random_forest,96,20,76,0.208,0.7911,0.0661,0.595,0.2401,0.6,0.2236,0.5333,0.1027,0.9008,0.0702,0.7664,0.1837,0.8816,64,12,8,12,True,False
IPM,logistic_regression,96,20,76,0.208,0.8647,0.0594,0.74,0.2408,0.65,0.1369,0.6714,0.1264,0.8744,0.0961,0.7798,0.1564,0.8461,70,6,7,13,False,True
IPM,xgboost,96,20,76,0.208,0.8226,0.0608,0.62,0.2226,0.7,0.2092,0.6212,0.0946,0.851,0.1002,0.7694,0.1365,0.8487,65,11,6,14,False,False
IPM,majority_baseline,96,20,76,0.208,0.7916,0.0047,0.0,0.0,0.0,0.0,0.0,0.0,0.5,0.0,0.2084,0.0047,0.4947,76,0,20,0,False,False
LVX,random_forest,90,29,61,0.322,0.7556,0.1501,0.5952,0.2463,0.7267,0.3435,0.6342,0.2766,0.8562,0.0965,0.7158,0.1654,0.8751,47,14,8,21,True,True
LVX,logistic_regression,90,29,61,0.322,0.7556,0.1279,0.5877,0.1389,0.7333,0.3837,0.6216,0.2603,0.8374,0.1638,0.762,0.1526,0.8457,47,14,8,21,False,False
LVX,xgboost,90,29,61,0.322,0.7222,0.1416,0.6193,0.291,0.66,0.3876,0.5697,0.2521,0.8001,0.1202,0.668,0.1605,0.8135,46,15,10,19,False,False
LVX,majority_baseline,90,29,61,0.322,0.6778,0.0248,0.0,0.0,0.0,0.0,0.0,0.0,0.5,0.0,0.3222,0.0248,0.4796,61,0,29,0,False,False
MEM,logistic_regression,98,22,76,0.224,0.8568,0.0557,0.745,0.2374,0.66,0.2903,0.645,0.1978,0.9052,0.0901,0.8248,0.1106,0.9067,69,7,7,15,True,True
MEM,random_forest,98,22,76,0.224,0.8074,0.0715,0.652,0.2248,0.7,0.326,0.5979,0.1468,0.9035,0.0528,0.8032,0.1121,0.9094,63,13,6,16,False,False
MEM,xgboost,98,22,76,0.224,0.7868,0.0627,0.58,0.2387,0.67,0.1565,0.5884,0.0843,0.8372,0.0474,0.7263,0.0811,0.8116,62,14,7,15,False,False
MEM,majority_baseline,98,22,76,0.224,0.7758,0.0239,0.0,0.0,0.0,0.0,0.0,0.0,0.5,0.0,0.2242,0.0239,0.4677,76,0,22,0,False,False
SAM,random_forest,97,71,26,0.732,0.8874,0.0751,0.9085,0.0694,0.9438,0.0595,0.9245,0.0519,0.9325,0.0526,0.9771,0.0182,0.9339,19,7,4,67,True,True
SAM,logistic_regression,97,71,26,0.732,0.8242,0.0604,0.9245,0.0514,0.8295,0.0829,0.8719,0.0488,0.9132,0.064,0.9715,0.0211,0.9152,21,5,12,59,False,False
SAM,xgboost,97,71,26,0.732,0.8237,0.1213,0.9208,0.0824,0.8295,0.1205,0.8702,0.094,0.899,0.0785,0.9617,0.0302,0.9038,21,5,12,59,False,False
SAM,majority_baseline,97,71,26,0.732,0.7321,0.0188,0.7321,0.0188,1.0,0.0,0.8452,0.0127,0.5,0.0,0.7321,0.0188,0.4791,0,26,0,71,False,False
SXT,random_forest,100,61,39,0.61,0.9,0.0707,0.8831,0.0789,0.9667,0.0456,0.9218,0.0551,0.9604,0.0324,0.9722,0.0249,0.958,31,8,2,59,True,True
SXT,logistic_regression,100,61,39,0.61,0.9,0.05,0.9064,0.064,0.9346,0.0367,0.9193,0.04,0.9562,0.0386,0.9696,0.0286,0.95,33,6,4,57,False,False
SXT,xgboost,100,61,39,0.61,0.89,0.0224,0.88,0.0367,0.9513,0.0446,0.9132,0.0188,0.9477,0.0427,0.961,0.0403,0.9462,31,8,3,58,False,False
SXT,majority_baseline,100,61,39,0.61,0.61,0.0224,0.61,0.0224,1.0,0.0,0.7576,0.0169,0.5,0.0,0.61,0.0224,0.4832,0,39,0,61,False,False
TET,logistic_regression,95,54,41,0.568,0.8,0.0781,0.838,0.0872,0.8182,0.1437,0.8199,0.0779,0.8787,0.0856,0.9233,0.0533,0.8756,32,9,10,44,True,True
TET,random_forest,95,54,41,0.568,0.7263,0.0686,0.7296,0.0931,0.8545,0.1379,0.7784,0.0574,0.8605,0.1211,0.9059,0.0849,0.8584,23,18,8,46,False,False
TET,xgboost,95,54,41,0.568,0.7789,0.044,0.8308,0.042,0.7782,0.1512,0.7944,0.0603,0.8493,0.0959,0.9013,0.0642,0.8254,32,9,12,42,False,False
TET,majority_baseline,95,54,41,0.568,0.5684,0.0235,0.5684,0.0235,1.0,0.0,0.7246,0.0195,0.5,0.0,0.5684,0.0235,0.4828,0,41,0,54,False,False
TOB,random_forest,87,41,46,0.471,0.885,0.0821,0.8366,0.1363,0.975,0.0559,0.8928,0.0673,0.9806,0.0186,0.9805,0.02,0.9719,37,9,1,40,True,False
TOB,logistic_regression,87,41,46,0.471,0.9065,0.0895,0.895,0.123,0.925,0.0685,0.9067,0.0847,0.9778,0.0252,0.9794,0.0227,0.9783,41,5,3,38,False,True
TOB,xgboost,87,41,46,0.471,0.8373,0.0984,0.8531,0.1425,0.85,0.2054,0.8252,0.1107,0.9682,0.0243,0.9688,0.0231,0.9459,38,8,6,35,False,False
TOB,majority_baseline,87,41,46,0.471,0.5288,0.0197,0.0,0.0,0.0,0.0,0.0,0.0,0.5,0.0,0.4712,0.0197,0.4817,46,0,41,0,False,False
TZP,logistic_regression,83,31,52,0.373,0.7375,0.1547,0.725,0.2582,0.7429,0.344,0.6493,0.2561,0.8704,0.1136,0.8617,0.1088,0.8251,38,14,8,23,True,True
TZP,random_forest,83,31,52,0.373,0.7228,0.0706,0.6867,0.188,0.7476,0.374,0.6236,0.202,0.8395,0.1113,0.8023,0.1136,0.822,37,15,8,23,False,False
TZP,xgboost,83,31,52,0.373,0.6868,0.048,0.6535,0.2031,0.6952,0.3305,0.5828,0.1883,0.8086,0.0504,0.7618,0.1047,0.7711,36,16,10,21,False,False
TZP,majority_baseline,83,31,52,0.373,0.6265,0.0241,0.0,0.0,0.0,0.0,0.0,0.0,0.5,0.0,0.3735,0.0241,0.4758,52,0,31,0,False,False
