antibiotic,model,accuracy_fixed,precision_fixed,recall_fixed,f1_fixed,accuracy_selected,precision_selected,recall_selected,f1_selected,accuracy_change,precision_change,recall_change,f1_change
ATM,logistic_regression,0.8941520467836257,0.9492307692307692,0.8742424242424243,0.9063258145363408,0.9046783625730994,0.9098901098901099,0.9469696969696969,0.9249010989010988,0.010526315789473717,-0.039340659340659334,0.07272727272727264,0.018575284364758082
ATM,random_forest,0.9046783625730994,0.9633333333333333,0.8742424242424243,0.9136591478696742,0.8941520467836257,0.9085714285714286,0.9287878787878787,0.9157509157509157,-0.010526315789473717,-0.05476190476190468,0.05454545454545445,0.0020917678812415463
ATM,xgboost,0.8830409356725146,0.910989010989011,0.9106060606060605,0.9063736263736264,0.8725146198830409,0.8780952380952382,0.9454545454545455,0.9021001221001221,-0.010526315789473717,-0.03289377289377282,0.03484848484848502,-0.004273504273504258
CAZ,logistic_regression,0.9017543859649123,0.9484848484848485,0.8909090909090909,0.9166836062488237,0.8801169590643274,0.8993181818181817,0.9272727272727274,0.9066859066859067,-0.0216374269005849,-0.0491666666666668,0.03636363636363649,-0.009997699562917073
CAZ,random_forest,0.9023391812865496,0.9618181818181817,0.8727272727272727,0.9141991341991341,0.8912280701754385,0.86,1.0,0.9210702341137124,-0.011111111111111072,-0.1018181818181817,0.12727272727272732,0.006871099914578238
CAZ,xgboost,0.8807017543859649,0.9095238095238095,0.909090909090909,0.9043892339544513,0.8912280701754385,0.8766666666666666,0.9818181818181818,0.920242076763816,0.010526315789473606,-0.03285714285714292,0.07272727272727286,0.01585284280936472
CIP,logistic_regression,0.7869281045751635,0.7666666666666667,0.7142857142857142,0.725967365967366,0.7758169934640523,0.6875901875901876,0.8285714285714285,0.746984126984127,-0.011111111111111183,-0.07907647907647908,0.11428571428571432,0.021016761016760976
CIP,random_forest,0.75359477124183,0.8,0.5428571428571429,0.6346853146853146,0.8091503267973856,0.7112121212121212,0.9714285714285713,0.8078007991320686,0.05555555555555558,-0.08878787878787886,0.4285714285714284,0.17311548444675395
CIP,xgboost,0.7091503267973855,0.7095238095238094,0.5714285714285714,0.5989255189255189,0.6967320261437908,0.5766317016317016,0.8571428571428571,0.6829239766081872,-0.012418300653594727,-0.1328921078921078,0.2857142857142857,0.08399845768266823
CRO,logistic_regression,0.9,0.9547619047619047,0.8884615384615385,0.9182626262626263,0.9,0.9208898944193061,0.9358974358974359,0.9245863991081382,0.0,-0.03387201034259857,0.04743589743589738,0.006323772845511888
CRO,random_forest,0.9,0.956043956043956,0.8897435897435898,0.9175090030742205,0.89,0.8875565610859729,0.9692307692307693,0.9213772893772895,-0.010000000000000009,-0.06848739495798306,0.07948717948717954,0.003868286303069013
CRO,xgboost,0.8800000000000001,0.9180952380952381,0.9051282051282051,0.9073784219001609,0.9199999999999999,0.8947619047619048,1.0,0.9423280423280422,0.039999999999999813,-0.023333333333333317,0.09487179487179487,0.0349496204278813
CT,logistic_regression,0.7778947368421052,0.8116666666666668,0.5678571428571428,0.6526007326007326,0.7684210526315789,0.6617171717171717,0.7785714285714286,0.7110008996851102,-0.0094736842105263,-0.14994949494949505,0.21071428571428574,0.05840016708437756
CT,random_forest,0.758421052631579,0.9199999999999999,0.4107142857142857,0.5545454545454545,0.7784210526315789,0.6852813852813853,0.8142857142857143,0.7239732816203405,0.019999999999999907,-0.23471861471861466,0.4035714285714286,0.16942782707488602
CT,xgboost,0.7284210526315789,0.7142857142857142,0.5464285714285714,0.5942857142857143,0.6873684210526315,0.5562637362637363,0.8357142857142857,0.6609167303284951,-0.04105263157894734,-0.15802197802197793,0.28928571428571437,0.06663101604278077
ETP,logistic_regression,0.8994736842105263,0.8800000000000001,0.7,0.7568253968253968,0.8994736842105263,0.8300000000000001,0.74,0.7758730158730158,0.0,-0.050000000000000044,0.040000000000000036,0.01904761904761898
ETP,random_forest,0.8689473684210526,0.9,0.52,0.6396825396825396,0.8384210526315788,0.6717460317460318,0.78,0.6976190476190476,-0.030526315789473735,-0.22825396825396826,0.26,0.05793650793650795
ETP,xgboost,0.8484210526315789,0.8133333333333332,0.52,0.6095238095238095,0.8278947368421052,0.65,0.6,0.6199999999999999,-0.020526315789473615,-0.16333333333333322,0.07999999999999996,0.010476190476190417
FEP,logistic_regression,0.9184210526315789,0.926969696969697,0.9272727272727274,0.9263692828910219,0.908421052631579,0.9118181818181817,0.9272727272727274,0.918464144551101,-0.009999999999999898,-0.015151515151515249,0.0,-0.007905138339920903
FEP,random_forest,0.9494736842105264,0.9633333333333333,0.9454545454545455,0.9532091097308488,0.9494736842105264,0.9484848484848485,0.9636363636363636,0.9549030679465462,0.0,-0.014848484848484778,0.018181818181818077,0.0016939582156973998
FEP,xgboost,0.8784210526315789,0.9032323232323233,0.8727272727272727,0.8855411255411255,0.8889473684210527,0.9088267288267288,0.890909090909091,0.8965800865800866,0.010526315789473828,0.005594405594405494,0.0181818181818183,0.01103896103896107
GEN,logistic_regression,0.8036842105263158,0.82,0.7071428571428571,0.7333343127460774,0.7510526315789473,0.6487878787878788,0.8071428571428572,0.7089902357704215,-0.052631578947368474,-0.17121212121212115,0.10000000000000009,-0.02434407697565588
GEN,random_forest,0.7836842105263158,0.9,0.5178571428571429,0.6393473193473194,0.7515789473684211,0.70011655011655,0.8071428571428572,0.7033333333333334,-0.03210526315789464,-0.19988344988344997,0.28928571428571426,0.063986013986014
GEN,xgboost,0.7510526315789473,0.752020202020202,0.675,0.6854118104118104,0.6589473684210526,0.5572594072594073,0.7285714285714285,0.6195488721804511,-0.09210526315789469,-0.19476079476079478,0.05357142857142849,-0.06586293823135936
IPM,logistic_regression,0.8752631578947367,0.7866666666666667,0.6,0.6666666666666666,0.8647368421052631,0.74,0.65,0.6714285714285714,-0.010526315789473606,-0.046666666666666745,0.050000000000000044,0.004761904761904745
IPM,random_forest,0.8542105263157895,0.82,0.45,0.5466666666666666,0.7910526315789473,0.595,0.6,0.5333333333333333,-0.06315789473684219,-0.22499999999999998,0.14999999999999997,-0.013333333333333308
IPM,xgboost,0.8652631578947367,0.8333333333333333,0.55,0.619047619047619,0.8226315789473684,0.62,0.7,0.6212121212121212,-0.042631578947368354,-0.21333333333333326,0.1499999999999999,0.0021645021645022577
LVX,logistic_regression,0.7777777777777778,0.6583333333333333,0.5066666666666666,0.538888888888889,0.7555555555555555,0.5876623376623377,0.7333333333333333,0.6215794009911657,-0.022222222222222254,-0.07067099567099566,0.22666666666666668,0.08269051210227674
LVX,random_forest,0.788888888888889,0.6761904761904762,0.5066666666666666,0.5498778998778999,0.7555555555555555,0.5952380952380952,0.7266666666666667,0.6341880341880342,-0.03333333333333344,-0.080952380952381,0.22000000000000008,0.08431013431013423
LVX,xgboost,0.8,0.7516666666666667,0.5933333333333334,0.6195238095238096,0.7222222222222222,0.6192918192918193,0.6599999999999999,0.5696613328192275,-0.07777777777777783,-0.1323748473748474,0.06666666666666654,-0.049862476704582104
MEM,logistic_regression,0.8778947368421053,0.8333333333333333,0.62,0.6746608946608946,0.8568421052631578,0.745,0.6599999999999999,0.644957264957265,-0.021052631578947434,-0.08833333333333326,0.039999999999999925,-0.029703629703629608
MEM,random_forest,0.8573684210526317,0.9,0.45,0.5776190476190476,0.8073684210526316,0.652020202020202,0.7,0.5978571428571429,-0.050000000000000044,-0.24797979797979797,0.24999999999999994,0.020238095238095277
MEM,xgboost,0.7873684210526315,0.5966666666666667,0.42000000000000004,0.45777777777777773,0.7868421052631579,0.58,0.67,0.5883760683760684,-0.000526315789473597,-0.01666666666666672,0.25,0.13059829059829065
SAM,logistic_regression,0.8442105263157895,0.9679487179487178,0.8152380952380952,0.8827786619510757,0.8242105263157894,0.9245288045288046,0.8295238095238094,0.8718730158730159,-0.02000000000000013,-0.04341991341991325,0.014285714285714235,-0.010905646078059772
SAM,random_forest,0.8336842105263157,0.9512820512820512,0.8161904761904761,0.877953601953602,0.8873684210526316,0.908515406162465,0.9438095238095239,0.9244546850998464,0.05368421052631589,-0.04276664511958628,0.12761904761904774,0.04650108314624446
SAM,xgboost,0.7926315789473685,0.9183982683982684,0.7876190476190477,0.8463736263736263,0.8236842105263158,0.9207792207792208,0.8295238095238096,0.8702463054187192,0.03105263157894733,0.0023809523809523725,0.04190476190476189,0.023872679045092826
SXT,logistic_regression,0.89,0.9038461538461539,0.9179487179487179,0.9099999999999999,0.9,0.9064102564102564,0.9346153846153846,0.9193333333333333,0.010000000000000009,0.002564102564102555,0.01666666666666672,0.009333333333333416
SXT,random_forest,0.9,0.9179487179487179,0.9179487179487179,0.9173333333333333,0.9,0.8830769230769231,0.9666666666666666,0.9217777777777778,0.0,-0.034871794871794815,0.048717948717948656,0.004444444444444473
SXT,xgboost,0.89,0.9073260073260073,0.9192307692307692,0.9106153846153846,0.89,0.8800366300366299,0.9512820512820512,0.9131794871794872,0.0,-0.027289377289377414,0.03205128205128205,0.002564102564102555
TET,logistic_regression,0.8105263157894737,0.8373504273504274,0.8345454545454546,0.8306832298136646,0.8,0.838008658008658,0.8181818181818181,0.8199134199134199,-0.010526315789473606,0.000658230658230563,-0.01636363636363647,-0.010769809900244676
TET,random_forest,0.8,0.8112798312798313,0.8545454545454545,0.8250649350649351,0.7263157894736842,0.7295726495726496,0.8545454545454545,0.7783612040133779,-0.0736842105263158,-0.08170718170718172,0.0,-0.04670373105155712
TET,xgboost,0.7789473684210526,0.8303030303030303,0.7781818181818182,0.7951320990222592,0.7789473684210526,0.8307792207792207,0.7781818181818182,0.7943732057416268,0.0,0.0004761904761904079,0.0,-0.0007588932806323889
TOB,logistic_regression,0.8960784313725491,0.93,0.85,0.8823308270676691,0.9065359477124183,0.8949999999999999,0.925,0.9066959064327484,0.010457516339869244,-0.03500000000000014,0.07500000000000007,0.024365079365079367
TOB,random_forest,0.8496732026143791,0.9022222222222223,0.775,0.8223114346953355,0.884967320261438,0.8365656565656565,0.975,0.8927966976264189,0.03529411764705892,-0.06565656565656575,0.19999999999999996,0.07048526293108337
TOB,xgboost,0.8483660130718954,0.8822727272727272,0.825,0.8318421052631578,0.8372549019607843,0.8530769230769231,0.85,0.8251879699248119,-0.011111111111111072,-0.029195804195804143,0.025000000000000022,-0.006654135338345912
TZP,logistic_regression,0.7838235294117647,0.8361904761904763,0.6142857142857142,0.6376556776556777,0.7375,0.725,0.7428571428571429,0.6492997198879552,-0.04632352941176465,-0.11119047619047628,0.12857142857142867,0.011644042232277552
TZP,random_forest,0.7720588235294118,0.885,0.5238095238095238,0.5943434343434344,0.7227941176470589,0.6866666666666668,0.7476190476190476,0.6235531135531136,-0.04926470588235288,-0.19833333333333325,0.2238095238095238,0.029209679209679207
TZP,xgboost,0.7125,0.7253968253968254,0.49523809523809526,0.5164102564102564,0.6867647058823529,0.6535353535353534,0.6952380952380952,0.5828431372549019,-0.02573529411764708,-0.07186147186147196,0.19999999999999996,0.06643288084464549
