antibiotic,model,fold,rule,threshold,accuracy,precision,recall,f1
ATM,logistic_regression,0,fixed_0.5,0.5,0.8421052631578947,1.0,0.7272727272727273,0.8421052631578947
ATM,logistic_regression,0,selected_threshold,0.24,0.9473684210526315,1.0,0.9090909090909091,0.9523809523809523
ATM,logistic_regression,1,fixed_0.5,0.5,0.8421052631578947,0.9,0.8181818181818182,0.8571428571428571
ATM,logistic_regression,1,selected_threshold,0.4099999999999999,0.8947368421052632,0.8461538461538461,1.0,0.9166666666666666
ATM,logistic_regression,2,fixed_0.5,0.5,1.0,1.0,1.0,1.0
ATM,logistic_regression,2,selected_threshold,0.3299999999999999,0.8947368421052632,0.8571428571428571,1.0,0.9230769230769231
ATM,logistic_regression,3,fixed_0.5,0.5,0.8421052631578947,0.8461538461538461,0.9166666666666666,0.88
ATM,logistic_regression,3,selected_threshold,0.4599999999999999,0.8421052631578947,0.8461538461538461,0.9166666666666666,0.88
ATM,logistic_regression,4,fixed_0.5,0.5,0.9444444444444444,1.0,0.9090909090909091,0.9523809523809523
ATM,logistic_regression,4,selected_threshold,0.4399999999999999,0.9444444444444444,1.0,0.9090909090909091,0.9523809523809523
CAZ,logistic_regression,0,fixed_0.5,0.5,0.9473684210526315,1.0,0.9090909090909091,0.9523809523809523
CAZ,logistic_regression,0,selected_threshold,0.4999999999999999,0.9473684210526315,1.0,0.9090909090909091,0.9523809523809523
CAZ,logistic_regression,1,fixed_0.5,0.5,0.8947368421052632,0.9090909090909091,0.9090909090909091,0.9090909090909091
CAZ,logistic_regression,1,selected_threshold,0.6399999999999999,0.8421052631578947,0.9,0.8181818181818182,0.8571428571428571
CAZ,logistic_regression,2,fixed_0.5,0.5,0.9444444444444444,1.0,0.9090909090909091,0.9523809523809523
CAZ,logistic_regression,2,selected_threshold,0.3499999999999999,0.8888888888888888,0.9090909090909091,0.9090909090909091,0.9090909090909091
CAZ,logistic_regression,3,fixed_0.5,0.5,0.8333333333333334,0.8333333333333334,0.9090909090909091,0.8695652173913043
CAZ,logistic_regression,3,selected_threshold,0.24,0.7222222222222222,0.6875,1.0,0.8148148148148148
CAZ,logistic_regression,4,fixed_0.5,0.5,0.8888888888888888,1.0,0.8181818181818182,0.9
CAZ,logistic_regression,4,selected_threshold,0.3899999999999999,1.0,1.0,1.0,1.0
CIP,logistic_regression,0,fixed_0.5,0.5,0.8333333333333334,0.75,0.8571428571428571,0.8
CIP,logistic_regression,0,selected_threshold,0.2599999999999999,0.8333333333333334,0.75,0.8571428571428571,0.8
CIP,logistic_regression,1,fixed_0.5,0.5,0.6111111111111112,0.5,0.5714285714285714,0.5333333333333333
CIP,logistic_regression,1,selected_threshold,0.4699999999999999,0.5555555555555556,0.4444444444444444,0.5714285714285714,0.5
CIP,logistic_regression,2,fixed_0.5,0.5,0.8333333333333334,0.8333333333333334,0.7142857142857143,0.7692307692307693
CIP,logistic_regression,2,selected_threshold,0.2299999999999999,0.7777777777777778,0.6363636363636364,1.0,0.7777777777777778
CIP,logistic_regression,3,fixed_0.5,0.5,0.8333333333333334,1.0,0.5714285714285714,0.7272727272727273
CIP,logistic_regression,3,selected_threshold,0.29,0.8888888888888888,0.8571428571428571,0.8571428571428571,0.8571428571428571
CIP,logistic_regression,4,fixed_0.5,0.5,0.8235294117647058,0.75,0.8571428571428571,0.8
CIP,logistic_regression,4,selected_threshold,0.3599999999999999,0.8235294117647058,0.75,0.8571428571428571,0.8
CRO,logistic_regression,0,fixed_0.5,0.5,0.9,1.0,0.8333333333333334,0.9090909090909091
CRO,logistic_regression,0,selected_threshold,0.3,0.95,1.0,0.9166666666666666,0.9565217391304348
CRO,logistic_regression,1,fixed_0.5,0.5,0.9,0.9166666666666666,0.9166666666666666,0.9166666666666666
CRO,logistic_regression,1,selected_threshold,0.6499999999999999,0.9,0.9166666666666666,0.9166666666666666,0.9166666666666666
CRO,logistic_regression,2,fixed_0.5,0.5,0.9,1.0,0.8461538461538461,0.9166666666666666
CRO,logistic_regression,2,selected_threshold,0.3299999999999999,0.9,0.9230769230769231,0.9230769230769231,0.9230769230769231
CRO,logistic_regression,3,fixed_0.5,0.5,0.85,0.8571428571428571,0.9230769230769231,0.8888888888888888
CRO,logistic_regression,3,selected_threshold,0.2799999999999999,0.8,0.7647058823529411,1.0,0.8666666666666667
CRO,logistic_regression,4,fixed_0.5,0.5,0.95,1.0,0.9230769230769231,0.96
CRO,logistic_regression,4,selected_threshold,0.4199999999999999,0.95,1.0,0.9230769230769231,0.96
CT,logistic_regression,0,fixed_0.5,0.5,0.75,0.625,0.7142857142857143,0.6666666666666666
CT,logistic_regression,0,selected_threshold,0.2799999999999999,0.7,0.5555555555555556,0.7142857142857143,0.625
CT,logistic_regression,1,fixed_0.5,0.5,0.8,1.0,0.42857142857142855,0.6
CT,logistic_regression,1,selected_threshold,0.3099999999999999,0.75,0.6666666666666666,0.5714285714285714,0.6153846153846154
CT,logistic_regression,2,fixed_0.5,0.5,0.8,0.8333333333333334,0.625,0.7142857142857143
CT,logistic_regression,2,selected_threshold,0.29,0.75,0.6363636363636364,0.875,0.7368421052631579
CT,logistic_regression,3,fixed_0.5,0.5,0.75,0.8,0.5,0.6153846153846154
CT,logistic_regression,3,selected_threshold,0.3699999999999999,0.8,0.7,0.875,0.7777777777777778
CT,logistic_regression,4,fixed_0.5,0.5,0.7894736842105263,0.8,0.5714285714285714,0.6666666666666666
CT,logistic_regression,4,selected_threshold,0.29,0.8421052631578947,0.75,0.8571428571428571,0.8
ETP,logistic_regression,0,fixed_0.5,0.5,0.85,0.6,0.75,0.6666666666666666
ETP,logistic_regression,0,selected_threshold,0.5099999999999999,0.85,0.6,0.75,0.6666666666666666
ETP,logistic_regression,1,fixed_0.5,0.5,0.9,0.8,0.8,0.8
ETP,logistic_regression,1,selected_threshold,0.5499999999999999,0.85,0.75,0.6,0.6666666666666666
ETP,logistic_regression,2,fixed_0.5,0.5,0.95,1.0,0.8,0.8888888888888888
ETP,logistic_regression,2,selected_threshold,0.4999999999999999,0.95,1.0,0.8,0.8888888888888888
ETP,logistic_regression,3,fixed_0.5,0.5,0.85,1.0,0.4,0.5714285714285714
ETP,logistic_regression,3,selected_threshold,0.3399999999999999,0.9,0.8,0.8,0.8
ETP,logistic_regression,4,fixed_0.5,0.5,0.9473684210526315,1.0,0.75,0.8571428571428571
ETP,logistic_regression,4,selected_threshold,0.4799999999999999,0.9473684210526315,1.0,0.75,0.8571428571428571
FEP,logistic_regression,0,fixed_0.5,0.5,0.9,0.9090909090909091,0.9090909090909091,0.9090909090909091
FEP,logistic_regression,0,selected_threshold,0.4099999999999999,0.9,0.9090909090909091,0.9090909090909091,0.9090909090909091
FEP,logistic_regression,1,fixed_0.5,0.5,0.9,0.9090909090909091,0.9090909090909091,0.9090909090909091
FEP,logistic_regression,1,selected_threshold,0.3699999999999999,0.85,0.8333333333333334,0.9090909090909091,0.8695652173913043
FEP,logistic_regression,2,fixed_0.5,0.5,0.95,0.9166666666666666,1.0,0.9565217391304348
FEP,logistic_regression,2,selected_threshold,0.57,0.95,0.9166666666666666,1.0,0.9565217391304348
FEP,logistic_regression,3,fixed_0.5,0.5,1.0,1.0,1.0,1.0
FEP,logistic_regression,3,selected_threshold,0.4399999999999999,1.0,1.0,1.0,1.0
FEP,logistic_regression,4,fixed_0.5,0.5,0.8421052631578947,0.9,0.8181818181818182,0.8571428571428571
FEP,logistic_regression,4,selected_threshold,0.4899999999999999,0.8421052631578947,0.9,0.8181818181818182,0.8571428571428571
GEN,logistic_regression,0,fixed_0.5,0.5,0.85,1.0,0.625,0.7692307692307693
GEN,logistic_regression,0,selected_threshold,0.1499999999999999,0.85,0.7272727272727273,1.0,0.8421052631578947
GEN,logistic_regression,1,fixed_0.5,0.5,0.8,0.8333333333333334,0.625,0.7142857142857143
GEN,logistic_regression,1,selected_threshold,0.4699999999999999,0.8,0.75,0.75,0.75
GEN,logistic_regression,2,fixed_0.5,0.5,0.7894736842105263,0.6666666666666666,0.8571428571428571,0.75
GEN,logistic_regression,2,selected_threshold,0.2799999999999999,0.631578947368421,0.5,0.8571428571428571,0.631578947368421
GEN,logistic_regression,3,fixed_0.5,0.5,0.7368421052631579,0.6,0.8571428571428571,0.7058823529411765
GEN,logistic_regression,3,selected_threshold,0.3499999999999999,0.7368421052631579,0.6,0.8571428571428571,0.7058823529411765
GEN,logistic_regression,4,fixed_0.5,0.5,0.8421052631578947,1.0,0.5714285714285714,0.7272727272727273
GEN,logistic_regression,4,selected_threshold,0.3599999999999999,0.7368421052631579,0.6666666666666666,0.5714285714285714,0.6153846153846154
IPM,logistic_regression,0,fixed_0.5,0.5,0.85,0.6,0.75,0.6666666666666666
IPM,logistic_regression,0,selected_threshold,0.5499999999999999,0.85,0.6,0.75,0.6666666666666666
IPM,logistic_regression,1,fixed_0.5,0.5,0.7368421052631579,0.3333333333333333,0.25,0.2857142857142857
IPM,logistic_regression,1,selected_threshold,0.4599999999999999,0.7894736842105263,0.5,0.5,0.5
IPM,logistic_regression,2,fixed_0.5,0.5,0.8947368421052632,1.0,0.5,0.6666666666666666
IPM,logistic_regression,2,selected_threshold,0.4899999999999999,0.8947368421052632,1.0,0.5,0.6666666666666666
IPM,logistic_regression,3,fixed_0.5,0.5,0.9473684210526315,1.0,0.75,0.8571428571428571
IPM,logistic_regression,3,selected_threshold,0.58,0.9473684210526315,1.0,0.75,0.8571428571428571
IPM,logistic_regression,4,fixed_0.5,0.5,0.9473684210526315,1.0,0.75,0.8571428571428571
IPM,logistic_regression,4,selected_threshold,0.4199999999999999,0.8421052631578947,0.6,0.75,0.6666666666666666
LVX,logistic_regression,0,fixed_0.5,0.5,0.7222222222222222,0.5,0.2,0.2857142857142857
LVX,logistic_regression,0,selected_threshold,0.3499999999999999,0.8888888888888888,0.7142857142857143,1.0,0.8333333333333334
LVX,logistic_regression,1,fixed_0.5,0.5,1.0,1.0,1.0,1.0
LVX,logistic_regression,1,selected_threshold,0.29,0.8888888888888888,0.75,1.0,0.8571428571428571
LVX,logistic_regression,2,fixed_0.5,0.5,0.7777777777777778,0.625,0.8333333333333334,0.7142857142857143
LVX,logistic_regression,2,selected_threshold,0.4199999999999999,0.7222222222222222,0.5454545454545454,1.0,0.7058823529411765
LVX,logistic_regression,3,fixed_0.5,0.5,0.7222222222222222,0.6666666666666666,0.3333333333333333,0.4444444444444444
LVX,logistic_regression,3,selected_threshold,0.3399999999999999,0.6111111111111112,0.42857142857142855,0.5,0.46153846153846156
LVX,logistic_regression,4,fixed_0.5,0.5,0.6666666666666666,0.5,0.16666666666666666,0.25
LVX,logistic_regression,4,selected_threshold,0.5099999999999999,0.6666666666666666,0.5,0.16666666666666666,0.25
MEM,logistic_regression,0,fixed_0.5,0.5,0.8,0.5,0.5,0.5
MEM,logistic_regression,0,selected_threshold,0.5199999999999999,0.8,0.5,0.5,0.5
MEM,logistic_regression,1,fixed_0.5,0.5,0.85,0.6666666666666666,0.8,0.7272727272727273
MEM,logistic_regression,1,selected_threshold,0.2499999999999999,0.85,0.625,1.0,0.7692307692307693
MEM,logistic_regression,2,fixed_0.5,0.5,0.95,1.0,0.8,0.8888888888888888
MEM,logistic_regression,2,selected_threshold,0.4699999999999999,0.95,1.0,0.8,0.8888888888888888
MEM,logistic_regression,3,fixed_0.5,0.5,0.8421052631578947,1.0,0.25,0.4
MEM,logistic_regression,3,selected_threshold,0.4999999999999999,0.8421052631578947,1.0,0.25,0.4
MEM,logistic_regression,4,fixed_0.5,0.5,0.9473684210526315,1.0,0.75,0.8571428571428571
MEM,logistic_regression,4,selected_threshold,0.3899999999999999,0.8421052631578947,0.6,0.75,0.6666666666666666
SAM,logistic_regression,0,fixed_0.5,0.5,0.85,0.9230769230769231,0.8571428571428571,0.8888888888888888
SAM,logistic_regression,0,selected_threshold,0.3299999999999999,0.8,0.8571428571428571,0.8571428571428571,0.8571428571428571
SAM,logistic_regression,1,fixed_0.5,0.5,0.95,1.0,0.9333333333333333,0.9655172413793104
SAM,logistic_regression,1,selected_threshold,0.2499999999999999,0.9,0.9333333333333333,0.9333333333333333,0.9333333333333333
SAM,logistic_regression,2,fixed_0.5,0.5,0.8421052631578947,1.0,0.7857142857142857,0.88
SAM,logistic_regression,2,selected_threshold,0.4699999999999999,0.8421052631578947,1.0,0.7857142857142857,0.88
SAM,logistic_regression,3,fixed_0.5,0.5,0.7894736842105263,1.0,0.7142857142857143,0.8333333333333334
SAM,logistic_regression,3,selected_threshold,0.4299999999999999,0.7368421052631579,0.9090909090909091,0.7142857142857143,0.8
SAM,logistic_regression,4,fixed_0.5,0.5,0.7894736842105263,0.9166666666666666,0.7857142857142857,0.8461538461538461
SAM,logistic_regression,4,selected_threshold,0.3199999999999999,0.8421052631578947,0.9230769230769231,0.8571428571428571,0.8888888888888888
SXT,logistic_regression,0,fixed_0.5,0.5,0.8,0.8333333333333334,0.8333333333333334,0.8333333333333334
SXT,logistic_regression,0,selected_threshold,0.3999999999999999,0.85,0.8461538461538461,0.9166666666666666,0.88
SXT,logistic_regression,1,fixed_0.5,0.5,0.9,0.9166666666666666,0.9166666666666666,0.9166666666666666
SXT,logistic_regression,1,selected_threshold,0.4199999999999999,0.9,0.9166666666666666,0.9166666666666666,0.9166666666666666
SXT,logistic_regression,2,fixed_0.5,0.5,0.85,0.8461538461538461,0.9166666666666666,0.88
SXT,logistic_regression,2,selected_threshold,0.4099999999999999,0.85,0.8461538461538461,0.9166666666666666,0.88
SXT,logistic_regression,3,fixed_0.5,0.5,0.95,0.9230769230769231,1.0,0.96
SXT,logistic_regression,3,selected_threshold,0.4899999999999999,0.95,0.9230769230769231,1.0,0.96
SXT,logistic_regression,4,fixed_0.5,0.5,0.95,1.0,0.9230769230769231,0.96
SXT,logistic_regression,4,selected_threshold,0.5499999999999999,0.95,1.0,0.9230769230769231,0.96
TET,logistic_regression,0,fixed_0.5,0.5,0.9473684210526315,0.9166666666666666,1.0,0.9565217391304348
TET,logistic_regression,0,selected_threshold,0.5399999999999999,0.8947368421052632,0.9090909090909091,0.9090909090909091,0.9090909090909091
TET,logistic_regression,1,fixed_0.5,0.5,0.8421052631578947,0.9,0.8181818181818182,0.8571428571428571
TET,logistic_regression,1,selected_threshold,0.5499999999999999,0.7894736842105263,0.8888888888888888,0.7272727272727273,0.8
TET,logistic_regression,2,fixed_0.5,0.5,0.6842105263157895,0.7777777777777778,0.6363636363636364,0.7
TET,logistic_regression,2,selected_threshold,0.4899999999999999,0.6842105263157895,0.7777777777777778,0.6363636363636364,0.7
TET,logistic_regression,3,fixed_0.5,0.5,0.8421052631578947,0.9,0.8181818181818182,0.8571428571428571
TET,logistic_regression,3,selected_threshold,0.4999999999999999,0.8421052631578947,0.9,0.8181818181818182,0.8571428571428571
TET,logistic_regression,4,fixed_0.5,0.5,0.7368421052631579,0.6923076923076923,0.9,0.782608695652174
TET,logistic_regression,4,selected_threshold,0.3899999999999999,0.7894736842105263,0.7142857142857143,1.0,0.8333333333333334
TOB,logistic_regression,0,fixed_0.5,0.5,0.8888888888888888,1.0,0.75,0.8571428571428571
TOB,logistic_regression,0,selected_threshold,0.2499999999999999,1.0,1.0,1.0,1.0
TOB,logistic_regression,1,fixed_0.5,0.5,0.9444444444444444,0.9,1.0,0.9473684210526315
TOB,logistic_regression,1,selected_threshold,0.3099999999999999,0.9444444444444444,0.9,1.0,0.9473684210526315
TOB,logistic_regression,2,fixed_0.5,0.5,0.8823529411764706,0.875,0.875,0.875
TOB,logistic_regression,2,selected_threshold,0.4499999999999999,0.8823529411764706,0.875,0.875,0.875
TOB,logistic_regression,3,fixed_0.5,0.5,0.8823529411764706,0.875,0.875,0.875
TOB,logistic_regression,3,selected_threshold,0.3199999999999999,0.7647058823529411,0.7,0.875,0.7777777777777778
TOB,logistic_regression,4,fixed_0.5,0.5,0.8823529411764706,1.0,0.75,0.8571428571428571
TOB,logistic_regression,4,selected_threshold,0.3199999999999999,0.9411764705882353,1.0,0.875,0.9333333333333333
TZP,logistic_regression,0,fixed_0.5,0.5,0.8235294117647058,0.7142857142857143,0.8333333333333334,0.7692307692307693
TZP,logistic_regression,0,selected_threshold,0.2299999999999999,0.5882352941176471,0.45454545454545453,0.8333333333333334,0.5882352941176471
TZP,logistic_regression,1,fixed_0.5,0.5,0.7058823529411765,1.0,0.16666666666666666,0.2857142857142857
TZP,logistic_regression,1,selected_threshold,0.4999999999999999,0.7058823529411765,1.0,0.16666666666666666,0.2857142857142857
TZP,logistic_regression,2,fixed_0.5,0.5,0.7647058823529411,0.8,0.5714285714285714,0.6666666666666666
TZP,logistic_regression,2,selected_threshold,0.3499999999999999,0.7058823529411765,0.625,0.7142857142857143,0.6666666666666666
TZP,logistic_regression,3,fixed_0.5,0.5,0.8125,1.0,0.5,0.6666666666666666
TZP,logistic_regression,3,selected_threshold,0.2699999999999999,1.0,1.0,1.0,1.0
TZP,logistic_regression,4,fixed_0.5,0.5,0.8125,0.6666666666666666,1.0,0.8
TZP,logistic_regression,4,selected_threshold,0.3099999999999999,0.6875,0.5454545454545454,1.0,0.7058823529411765
ATM,random_forest,0,fixed_0.5,0.5,0.8421052631578947,1.0,0.7272727272727273,0.8421052631578947
ATM,random_forest,0,selected_threshold,0.3,1.0,1.0,1.0,1.0
ATM,random_forest,1,fixed_0.5,0.5,0.8421052631578947,0.9,0.8181818181818182,0.8571428571428571
ATM,random_forest,1,selected_threshold,0.4799999999999999,0.8421052631578947,0.9,0.8181818181818182,0.8571428571428571
ATM,random_forest,2,fixed_0.5,0.5,1.0,1.0,1.0,1.0
ATM,random_forest,2,selected_threshold,0.2099999999999999,0.8947368421052632,0.8571428571428571,1.0,0.9230769230769231
ATM,random_forest,3,fixed_0.5,0.5,0.8947368421052632,0.9166666666666666,0.9166666666666666,0.9166666666666666
ATM,random_forest,3,selected_threshold,0.4099999999999999,0.7894736842105263,0.7857142857142857,0.9166666666666666,0.8461538461538461
ATM,random_forest,4,fixed_0.5,0.5,0.9444444444444444,1.0,0.9090909090909091,0.9523809523809523
ATM,random_forest,4,selected_threshold,0.4099999999999999,0.9444444444444444,1.0,0.9090909090909091,0.9523809523809523
CAZ,random_forest,0,fixed_0.5,0.5,0.9473684210526315,1.0,0.9090909090909091,0.9523809523809523
CAZ,random_forest,0,selected_threshold,0.18,1.0,1.0,1.0,1.0
CAZ,random_forest,1,fixed_0.5,0.5,0.8421052631578947,0.9,0.8181818181818182,0.8571428571428571
CAZ,random_forest,1,selected_threshold,0.1399999999999999,0.7894736842105263,0.7333333333333333,1.0,0.8461538461538461
CAZ,random_forest,2,fixed_0.5,0.5,0.9444444444444444,1.0,0.9090909090909091,0.9523809523809523
CAZ,random_forest,2,selected_threshold,0.3299999999999999,0.9444444444444444,0.9166666666666666,1.0,0.9565217391304348
CAZ,random_forest,3,fixed_0.5,0.5,0.8888888888888888,0.9090909090909091,0.9090909090909091,0.9090909090909091
CAZ,random_forest,3,selected_threshold,0.2599999999999999,0.7777777777777778,0.7333333333333333,1.0,0.8461538461538461
CAZ,random_forest,4,fixed_0.5,0.5,0.8888888888888888,1.0,0.8181818181818182,0.9
CAZ,random_forest,4,selected_threshold,0.2099999999999999,0.9444444444444444,0.9166666666666666,1.0,0.9565217391304348
CIP,random_forest,0,fixed_0.5,0.5,0.7222222222222222,0.6666666666666666,0.5714285714285714,0.6153846153846154
CIP,random_forest,0,selected_threshold,0.2199999999999999,0.7777777777777778,0.6363636363636364,1.0,0.7777777777777778
CIP,random_forest,1,fixed_0.5,0.5,0.6111111111111112,0.5,0.42857142857142855,0.46153846153846156
CIP,random_forest,1,selected_threshold,0.2599999999999999,0.7222222222222222,0.5833333333333334,1.0,0.7368421052631579
CIP,random_forest,2,fixed_0.5,0.5,0.8333333333333334,0.8333333333333334,0.7142857142857143,0.7692307692307693
CIP,random_forest,2,selected_threshold,0.19,0.7777777777777778,0.6363636363636364,1.0,0.7777777777777778
CIP,random_forest,3,fixed_0.5,0.5,0.7777777777777778,1.0,0.42857142857142855,0.6
CIP,random_forest,3,selected_threshold,0.2599999999999999,0.9444444444444444,1.0,0.8571428571428571,0.9230769230769231
CIP,random_forest,4,fixed_0.5,0.5,0.8235294117647058,1.0,0.5714285714285714,0.7272727272727273
CIP,random_forest,4,selected_threshold,0.3,0.8235294117647058,0.7,1.0,0.8235294117647058
CRO,random_forest,0,fixed_0.5,0.5,0.9,1.0,0.8333333333333334,0.9090909090909091
CRO,random_forest,0,selected_threshold,0.2599999999999999,1.0,1.0,1.0,1.0
CRO,random_forest,1,fixed_0.5,0.5,0.95,0.9230769230769231,1.0,0.96
CRO,random_forest,1,selected_threshold,0.1499999999999999,0.8,0.75,1.0,0.8571428571428571
CRO,random_forest,2,fixed_0.5,0.5,0.85,1.0,0.7692307692307693,0.8695652173913043
CRO,random_forest,2,selected_threshold,0.3599999999999999,0.9,0.9230769230769231,0.9230769230769231,0.9230769230769231
CRO,random_forest,3,fixed_0.5,0.5,0.85,0.8571428571428571,0.9230769230769231,0.8888888888888888
CRO,random_forest,3,selected_threshold,0.2599999999999999,0.8,0.7647058823529411,1.0,0.8666666666666667
CRO,random_forest,4,fixed_0.5,0.5,0.95,1.0,0.9230769230769231,0.96
CRO,random_forest,4,selected_threshold,0.3499999999999999,0.95,1.0,0.9230769230769231,0.96
CT,random_forest,0,fixed_0.5,0.5,0.7,0.6,0.42857142857142855,0.5
CT,random_forest,0,selected_threshold,0.2099999999999999,0.7,0.5454545454545454,0.8571428571428571,0.6666666666666666
CT,random_forest,1,fixed_0.5,0.5,0.8,1.0,0.42857142857142855,0.6
CT,random_forest,1,selected_threshold,0.1999999999999999,0.8,0.7142857142857143,0.7142857142857143,0.7142857142857143
CT,random_forest,2,fixed_0.5,0.5,0.75,1.0,0.375,0.5454545454545454
CT,random_forest,2,selected_threshold,0.1599999999999999,0.8,0.6666666666666666,1.0,0.8
CT,random_forest,3,fixed_0.5,0.5,0.7,1.0,0.25,0.4
CT,random_forest,3,selected_threshold,0.3999999999999999,0.75,0.8,0.5,0.6153846153846154
CT,random_forest,4,fixed_0.5,0.5,0.8421052631578947,1.0,0.5714285714285714,0.7272727272727273
CT,random_forest,4,selected_threshold,0.1999999999999999,0.8421052631578947,0.7,1.0,0.8235294117647058
ETP,random_forest,0,fixed_0.5,0.5,0.8,0.5,0.5,0.5
ETP,random_forest,0,selected_threshold,0.2799999999999999,0.85,0.6,0.75,0.6666666666666666
ETP,random_forest,1,fixed_0.5,0.5,0.85,1.0,0.4,0.5714285714285714
ETP,random_forest,1,selected_threshold,0.2799999999999999,0.9,0.7142857142857143,1.0,0.8333333333333334
ETP,random_forest,2,fixed_0.5,0.5,0.95,1.0,0.8,0.8888888888888888
ETP,random_forest,2,selected_threshold,0.3,0.7,0.4444444444444444,0.8,0.5714285714285714
ETP,random_forest,3,fixed_0.5,0.5,0.85,1.0,0.4,0.5714285714285714
ETP,random_forest,3,selected_threshold,0.3599999999999999,0.9,1.0,0.6,0.75
ETP,random_forest,4,fixed_0.5,0.5,0.8947368421052632,1.0,0.5,0.6666666666666666
ETP,random_forest,4,selected_threshold,0.29,0.8421052631578947,0.6,0.75,0.6666666666666666
FEP,random_forest,0,fixed_0.5,0.5,0.85,0.9,0.8181818181818182,0.8571428571428571
FEP,random_forest,0,selected_threshold,0.4199999999999999,0.9,0.9090909090909091,0.9090909090909091,0.9090909090909091
FEP,random_forest,1,fixed_0.5,0.5,0.95,1.0,0.9090909090909091,0.9523809523809523
FEP,random_forest,1,selected_threshold,0.4599999999999999,0.95,1.0,0.9090909090909091,0.9523809523809523
FEP,random_forest,2,fixed_0.5,0.5,1.0,1.0,1.0,1.0
FEP,random_forest,2,selected_threshold,0.4499999999999999,0.95,0.9166666666666666,1.0,0.9565217391304348
FEP,random_forest,3,fixed_0.5,0.5,1.0,1.0,1.0,1.0
FEP,random_forest,3,selected_threshold,0.4599999999999999,1.0,1.0,1.0,1.0
FEP,random_forest,4,fixed_0.5,0.5,0.9473684210526315,0.9166666666666666,1.0,0.9565217391304348
FEP,random_forest,4,selected_threshold,0.3099999999999999,0.9473684210526315,0.9166666666666666,1.0,0.9565217391304348
GEN,random_forest,0,fixed_0.5,0.5,0.75,1.0,0.375,0.5454545454545454
GEN,random_forest,0,selected_threshold,0.13,0.8,0.6666666666666666,1.0,0.8
GEN,random_forest,1,fixed_0.5,0.5,0.8,1.0,0.5,0.6666666666666666
GEN,random_forest,1,selected_threshold,0.3399999999999999,0.8,0.75,0.75,0.75
GEN,random_forest,2,fixed_0.5,0.5,0.7368421052631579,0.6666666666666666,0.5714285714285714,0.6153846153846154
GEN,random_forest,2,selected_threshold,0.3199999999999999,0.6842105263157895,0.5454545454545454,0.8571428571428571,0.6666666666666666
GEN,random_forest,3,fixed_0.5,0.5,0.8421052631578947,0.8333333333333334,0.7142857142857143,0.7692307692307693
GEN,random_forest,3,selected_threshold,0.1699999999999999,0.6842105263157895,0.5384615384615384,1.0,0.7
GEN,random_forest,4,fixed_0.5,0.5,0.7894736842105263,1.0,0.42857142857142855,0.6
GEN,random_forest,4,selected_threshold,0.3599999999999999,0.7894736842105263,1.0,0.42857142857142855,0.6
IPM,random_forest,0,fixed_0.5,0.5,0.85,0.6,0.75,0.6666666666666666
IPM,random_forest,0,selected_threshold,0.4299999999999999,0.85,0.6,0.75,0.6666666666666666
IPM,random_forest,1,fixed_0.5,0.5,0.7894736842105263,0.5,0.25,0.3333333333333333
IPM,random_forest,1,selected_threshold,0.29,0.7894736842105263,0.5,0.5,0.5
IPM,random_forest,2,fixed_0.5,0.5,0.8947368421052632,1.0,0.5,0.6666666666666666
IPM,random_forest,2,selected_threshold,0.2699999999999999,0.6842105263157895,0.375,0.75,0.5
IPM,random_forest,3,fixed_0.5,0.5,0.8421052631578947,1.0,0.25,0.4
IPM,random_forest,3,selected_threshold,0.4099999999999999,0.8421052631578947,1.0,0.25,0.4
IPM,random_forest,4,fixed_0.5,0.5,0.8947368421052632,1.0,0.5,0.6666666666666666
IPM,random_forest,4,selected_threshold,0.24,0.7894736842105263,0.5,0.75,0.6
LVX,random_forest,0,fixed_0.5,0.5,0.7222222222222222,0.5,0.2,0.2857142857142857
LVX,random_forest,0,selected_threshold,0.2599999999999999,0.7777777777777778,0.5714285714285714,0.8,0.6666666666666666
LVX,random_forest,1,fixed_0.5,0.5,1.0,1.0,1.0,1.0
LVX,random_forest,1,selected_threshold,0.2599999999999999,1.0,1.0,1.0,1.0
LVX,random_forest,2,fixed_0.5,0.5,0.8333333333333334,0.7142857142857143,0.8333333333333334,0.7692307692307693
LVX,random_forest,2,selected_threshold,0.19,0.6666666666666666,0.5,1.0,0.6666666666666666
LVX,random_forest,3,fixed_0.5,0.5,0.7222222222222222,0.6666666666666666,0.3333333333333333,0.4444444444444444
LVX,random_forest,3,selected_threshold,0.29,0.7222222222222222,0.5714285714285714,0.6666666666666666,0.6153846153846154
LVX,random_forest,4,fixed_0.5,0.5,0.6666666666666666,0.5,0.16666666666666666,0.25
LVX,random_forest,4,selected_threshold,0.4099999999999999,0.6111111111111112,0.3333333333333333,0.16666666666666666,0.2222222222222222
MEM,random_forest,0,fixed_0.5,0.5,0.8,0.5,0.5,0.5
MEM,random_forest,0,selected_threshold,0.3199999999999999,0.8,0.5,0.5,0.5
MEM,random_forest,1,fixed_0.5,0.5,0.9,1.0,0.6,0.75
MEM,random_forest,1,selected_threshold,0.1399999999999999,0.8,0.5555555555555556,1.0,0.7142857142857143
MEM,random_forest,2,fixed_0.5,0.5,0.85,1.0,0.4,0.5714285714285714
MEM,random_forest,2,selected_threshold,0.1499999999999999,0.7,0.45454545454545453,1.0,0.625
MEM,random_forest,3,fixed_0.5,0.5,0.8421052631578947,1.0,0.25,0.4
MEM,random_forest,3,selected_threshold,0.4099999999999999,0.8421052631578947,1.0,0.25,0.4
MEM,random_forest,4,fixed_0.5,0.5,0.8947368421052632,1.0,0.5,0.6666666666666666
MEM,random_forest,4,selected_threshold,0.3299999999999999,0.8947368421052632,0.75,0.75,0.75
SAM,random_forest,0,fixed_0.5,0.5,0.9,1.0,0.8571428571428571,0.9230769230769231
SAM,random_forest,0,selected_threshold,0.29,0.8,0.8571428571428571,0.8571428571428571,0.8571428571428571
SAM,random_forest,1,fixed_0.5,0.5,0.9,1.0,0.8666666666666667,0.9285714285714286
SAM,random_forest,1,selected_threshold,0.29,0.9,0.9333333333333333,0.9333333333333333,0.9333333333333333
SAM,random_forest,2,fixed_0.5,0.5,0.8421052631578947,1.0,0.7857142857142857,0.88
SAM,random_forest,2,selected_threshold,0.2199999999999999,1.0,1.0,1.0,1.0
SAM,random_forest,3,fixed_0.5,0.5,0.6842105263157895,0.8333333333333334,0.7142857142857143,0.7692307692307693
SAM,random_forest,3,selected_threshold,0.1699999999999999,0.8421052631578947,0.8235294117647058,1.0,0.9032258064516129
SAM,random_forest,4,fixed_0.5,0.5,0.8421052631578947,0.9230769230769231,0.8571428571428571,0.8888888888888888
SAM,random_forest,4,selected_threshold,0.3499999999999999,0.8947368421052632,0.9285714285714286,0.9285714285714286,0.9285714285714286
SXT,random_forest,0,fixed_0.5,0.5,0.8,0.8333333333333334,0.8333333333333334,0.8333333333333334
SXT,random_forest,0,selected_threshold,0.4199999999999999,0.85,0.8461538461538461,0.9166666666666666,0.88
SXT,random_forest,1,fixed_0.5,0.5,0.9,0.9166666666666666,0.9166666666666666,0.9166666666666666
SXT,random_forest,1,selected_threshold,0.4099999999999999,0.85,0.8461538461538461,0.9166666666666666,0.88
SXT,random_forest,2,fixed_0.5,0.5,0.9,0.9166666666666666,0.9166666666666666,0.9166666666666666
SXT,random_forest,2,selected_threshold,0.4399999999999999,0.95,0.9230769230769231,1.0,0.96
SXT,random_forest,3,fixed_0.5,0.5,0.95,0.9230769230769231,1.0,0.96
SXT,random_forest,3,selected_threshold,0.4299999999999999,0.85,0.8,1.0,0.8888888888888888
SXT,random_forest,4,fixed_0.5,0.5,0.95,1.0,0.9230769230769231,0.96
SXT,random_forest,4,selected_threshold,0.4499999999999999,1.0,1.0,1.0,1.0
TET,random_forest,0,fixed_0.5,0.5,0.8947368421052632,0.8461538461538461,1.0,0.9166666666666666
TET,random_forest,0,selected_threshold,0.2599999999999999,0.7894736842105263,0.7333333333333333,1.0,0.8461538461538461
TET,random_forest,1,fixed_0.5,0.5,0.8421052631578947,0.9,0.8181818181818182,0.8571428571428571
TET,random_forest,1,selected_threshold,0.5499999999999999,0.7894736842105263,0.8888888888888888,0.7272727272727273,0.8
TET,random_forest,2,fixed_0.5,0.5,0.6842105263157895,0.7777777777777778,0.6363636363636364,0.7
TET,random_forest,2,selected_threshold,0.4099999999999999,0.631578947368421,0.6666666666666666,0.7272727272727273,0.6956521739130435
TET,random_forest,3,fixed_0.5,0.5,0.7894736842105263,0.8181818181818182,0.8181818181818182,0.8181818181818182
TET,random_forest,3,selected_threshold,0.3699999999999999,0.6842105263157895,0.6923076923076923,0.8181818181818182,0.75
TET,random_forest,4,fixed_0.5,0.5,0.7894736842105263,0.7142857142857143,1.0,0.8333333333333334
TET,random_forest,4,selected_threshold,0.3999999999999999,0.7368421052631579,0.6666666666666666,1.0,0.8
TOB,random_forest,0,fixed_0.5,0.5,0.8333333333333334,1.0,0.625,0.7692307692307693
TOB,random_forest,0,selected_threshold,0.18,0.8333333333333334,0.7272727272727273,1.0,0.8421052631578947
TOB,random_forest,1,fixed_0.5,0.5,0.9444444444444444,0.9,1.0,0.9473684210526315
TOB,random_forest,1,selected_threshold,0.3999999999999999,0.9444444444444444,0.9,1.0,0.9473684210526315
TOB,random_forest,2,fixed_0.5,0.5,0.7647058823529411,0.8333333333333334,0.625,0.7142857142857143
TOB,random_forest,2,selected_threshold,0.1599999999999999,0.9411764705882353,0.8888888888888888,1.0,0.9411764705882353
TOB,random_forest,3,fixed_0.5,0.5,0.8235294117647058,0.7777777777777778,0.875,0.8235294117647058
TOB,random_forest,3,selected_threshold,0.29,0.7647058823529411,0.6666666666666666,1.0,0.8
TOB,random_forest,4,fixed_0.5,0.5,0.8823529411764706,1.0,0.75,0.8571428571428571
TOB,random_forest,4,selected_threshold,0.2799999999999999,0.9411764705882353,1.0,0.875,0.9333333333333333
TZP,random_forest,0,fixed_0.5,0.5,0.8235294117647058,0.8,0.6666666666666666,0.7272727272727273
TZP,random_forest,0,selected_threshold,0.18,0.7647058823529411,0.6,1.0,0.75
TZP,random_forest,1,fixed_0.5,0.5,0.7058823529411765,1.0,0.16666666666666666,0.2857142857142857
TZP,random_forest,1,selected_threshold,0.29,0.7058823529411765,1.0,0.16666666666666666,0.2857142857142857
TZP,random_forest,2,fixed_0.5,0.5,0.7058823529411765,1.0,0.2857142857142857,0.4444444444444444
TZP,random_forest,2,selected_threshold,0.3399999999999999,0.7058823529411765,0.6666666666666666,0.5714285714285714,0.6153846153846154
TZP,random_forest,3,fixed_0.5,0.5,0.875,1.0,0.6666666666666666,0.8
TZP,random_forest,3,selected_threshold,0.18,0.8125,0.6666666666666666,1.0,0.8
TZP,random_forest,4,fixed_0.5,0.5,0.75,0.625,0.8333333333333334,0.7142857142857143
TZP,random_forest,4,selected_threshold,0.1499999999999999,0.625,0.5,1.0,0.6666666666666666
ATM,xgboost,0,fixed_0.5,0.5,0.9473684210526315,1.0,0.9090909090909091,0.9523809523809523
ATM,xgboost,0,selected_threshold,0.2599999999999999,0.9473684210526315,1.0,0.9090909090909091,0.9523809523809523
ATM,xgboost,1,fixed_0.5,0.5,0.7894736842105263,0.7692307692307693,0.9090909090909091,0.8333333333333334
ATM,xgboost,1,selected_threshold,0.2699999999999999,0.7894736842105263,0.7333333333333333,1.0,0.8461538461538461
ATM,xgboost,2,fixed_0.5,0.5,1.0,1.0,1.0,1.0
ATM,xgboost,2,selected_threshold,0.3499999999999999,0.8947368421052632,0.8571428571428571,1.0,0.9230769230769231
ATM,xgboost,3,fixed_0.5,0.5,0.7894736842105263,0.7857142857142857,0.9166666666666666,0.8461538461538461
ATM,xgboost,3,selected_threshold,0.2299999999999999,0.8421052631578947,0.8,1.0,0.8888888888888888
ATM,xgboost,4,fixed_0.5,0.5,0.8888888888888888,1.0,0.8181818181818182,0.9
ATM,xgboost,4,selected_threshold,0.57,0.8888888888888888,1.0,0.8181818181818182,0.9
CAZ,xgboost,0,fixed_0.5,0.5,1.0,1.0,1.0,1.0
CAZ,xgboost,0,selected_threshold,0.4999999999999999,1.0,1.0,1.0,1.0
CAZ,xgboost,1,fixed_0.5,0.5,0.7368421052631579,0.7142857142857143,0.9090909090909091,0.8
CAZ,xgboost,1,selected_threshold,0.2299999999999999,0.7894736842105263,0.7333333333333333,1.0,0.8461538461538461
CAZ,xgboost,2,fixed_0.5,0.5,0.9444444444444444,1.0,0.9090909090909091,0.9523809523809523
CAZ,xgboost,2,selected_threshold,0.4999999999999999,0.9444444444444444,1.0,0.9090909090909091,0.9523809523809523
CAZ,xgboost,3,fixed_0.5,0.5,0.8333333333333334,0.8333333333333334,0.9090909090909091,0.8695652173913043
CAZ,xgboost,3,selected_threshold,0.1699999999999999,0.7777777777777778,0.7333333333333333,1.0,0.8461538461538461
CAZ,xgboost,4,fixed_0.5,0.5,0.8888888888888888,1.0,0.8181818181818182,0.9
CAZ,xgboost,4,selected_threshold,0.2299999999999999,0.9444444444444444,0.9166666666666666,1.0,0.9565217391304348
CIP,xgboost,0,fixed_0.5,0.5,0.7777777777777778,0.7142857142857143,0.7142857142857143,0.7142857142857143
CIP,xgboost,0,selected_threshold,0.09,0.7777777777777778,0.6363636363636364,1.0,0.7777777777777778
CIP,xgboost,1,fixed_0.5,0.5,0.5,0.375,0.42857142857142855,0.4
CIP,xgboost,1,selected_threshold,0.5099999999999999,0.5,0.375,0.42857142857142855,0.4
CIP,xgboost,2,fixed_0.5,0.5,0.7222222222222222,0.625,0.7142857142857143,0.6666666666666666
CIP,xgboost,2,selected_threshold,0.06,0.6666666666666666,0.5384615384615384,1.0,0.7
CIP,xgboost,3,fixed_0.5,0.5,0.7222222222222222,1.0,0.2857142857142857,0.4444444444444444
CIP,xgboost,3,selected_threshold,0.18,0.8333333333333334,0.75,0.8571428571428571,0.8
CIP,xgboost,4,fixed_0.5,0.5,0.8235294117647058,0.8333333333333334,0.7142857142857143,0.7692307692307693
CIP,xgboost,4,selected_threshold,0.06,0.7058823529411765,0.5833333333333334,1.0,0.7368421052631579
CRO,xgboost,0,fixed_0.5,0.5,0.95,1.0,0.9166666666666666,0.9565217391304348
CRO,xgboost,0,selected_threshold,0.1599999999999999,1.0,1.0,1.0,1.0
CRO,xgboost,1,fixed_0.5,0.5,0.75,0.7333333333333333,0.9166666666666666,0.8148148148148148
CRO,xgboost,1,selected_threshold,0.2299999999999999,0.8,0.75,1.0,0.8571428571428571
CRO,xgboost,2,fixed_0.5,0.5,0.95,1.0,0.9230769230769231,0.96
CRO,xgboost,2,selected_threshold,0.3199999999999999,0.95,0.9285714285714286,1.0,0.9629629629629629
CRO,xgboost,3,fixed_0.5,0.5,0.85,0.8571428571428571,0.9230769230769231,0.8888888888888888
CRO,xgboost,3,selected_threshold,0.3599999999999999,0.9,0.8666666666666667,1.0,0.9285714285714286
CRO,xgboost,4,fixed_0.5,0.5,0.9,1.0,0.8461538461538461,0.9166666666666666
CRO,xgboost,4,selected_threshold,0.3399999999999999,0.95,0.9285714285714286,1.0,0.9629629629629629
CT,xgboost,0,fixed_0.5,0.5,0.7,0.5714285714285714,0.5714285714285714,0.5714285714285714
CT,xgboost,0,selected_threshold,0.09,0.7,0.5384615384615384,1.0,0.7
CT,xgboost,1,fixed_0.5,0.5,0.8,1.0,0.42857142857142855,0.6
CT,xgboost,1,selected_threshold,0.2699999999999999,0.7,0.5714285714285714,0.5714285714285714,0.5714285714285714
CT,xgboost,2,fixed_0.5,0.5,0.7,0.75,0.375,0.5
CT,xgboost,2,selected_threshold,0.07,0.7,0.5714285714285714,1.0,0.7272727272727273
CT,xgboost,3,fixed_0.5,0.5,0.6,0.5,0.5,0.5
CT,xgboost,3,selected_threshold,0.2799999999999999,0.6,0.5,0.75,0.6
CT,xgboost,4,fixed_0.5,0.5,0.8421052631578947,0.75,0.8571428571428571,0.8
CT,xgboost,4,selected_threshold,0.18,0.7368421052631579,0.6,0.8571428571428571,0.7058823529411765
ETP,xgboost,0,fixed_0.5,0.5,0.75,0.4,0.5,0.4444444444444444
ETP,xgboost,0,selected_threshold,0.59,0.75,0.4,0.5,0.4444444444444444
ETP,xgboost,1,fixed_0.5,0.5,0.85,1.0,0.4,0.5714285714285714
ETP,xgboost,1,selected_threshold,0.2699999999999999,0.8,0.6,0.6,0.6
ETP,xgboost,2,fixed_0.5,0.5,0.95,1.0,0.8,0.8888888888888888
ETP,xgboost,2,selected_threshold,0.3699999999999999,0.95,1.0,0.8,0.8888888888888888
ETP,xgboost,3,fixed_0.5,0.5,0.85,1.0,0.4,0.5714285714285714
ETP,xgboost,3,selected_threshold,0.1399999999999999,0.85,0.75,0.6,0.6666666666666666
ETP,xgboost,4,fixed_0.5,0.5,0.8421052631578947,0.6666666666666666,0.5,0.5714285714285714
ETP,xgboost,4,selected_threshold,0.2799999999999999,0.7894736842105263,0.5,0.5,0.5
FEP,xgboost,0,fixed_0.5,0.5,0.8,0.8888888888888888,0.7272727272727273,0.8
FEP,xgboost,0,selected_threshold,0.5599999999999999,0.8,0.8888888888888888,0.7272727272727273,0.8
FEP,xgboost,1,fixed_0.5,0.5,0.9,0.9090909090909091,0.9090909090909091,0.9090909090909091
FEP,xgboost,1,selected_threshold,0.4299999999999999,0.9,0.9090909090909091,0.9090909090909091,0.9090909090909091
FEP,xgboost,2,fixed_0.5,0.5,0.85,0.9,0.8181818181818182,0.8571428571428571
FEP,xgboost,2,selected_threshold,0.6799999999999999,0.85,0.9,0.8181818181818182,0.8571428571428571
FEP,xgboost,3,fixed_0.5,0.5,0.9473684210526315,0.9090909090909091,1.0,0.9523809523809523
FEP,xgboost,3,selected_threshold,0.5599999999999999,1.0,1.0,1.0,1.0
FEP,xgboost,4,fixed_0.5,0.5,0.8947368421052632,0.9090909090909091,0.9090909090909091,0.9090909090909091
FEP,xgboost,4,selected_threshold,0.2499999999999999,0.8947368421052632,0.8461538461538461,1.0,0.9166666666666666
GEN,xgboost,0,fixed_0.5,0.5,0.85,1.0,0.625,0.7692307692307693
GEN,xgboost,0,selected_threshold,0.3499999999999999,0.75,0.7142857142857143,0.625,0.6666666666666666
GEN,xgboost,1,fixed_0.5,0.5,0.8,0.75,0.75,0.75
GEN,xgboost,1,selected_threshold,0.13,0.65,0.5384615384615384,0.875,0.6666666666666666
GEN,xgboost,2,fixed_0.5,0.5,0.5789473684210527,0.45454545454545453,0.7142857142857143,0.5555555555555556
GEN,xgboost,2,selected_threshold,0.3699999999999999,0.5263157894736842,0.4166666666666667,0.7142857142857143,0.5263157894736842
GEN,xgboost,3,fixed_0.5,0.5,0.6842105263157895,0.5555555555555556,0.7142857142857143,0.625
GEN,xgboost,3,selected_threshold,0.2499999999999999,0.6842105263157895,0.5454545454545454,0.8571428571428571,0.6666666666666666
GEN,xgboost,4,fixed_0.5,0.5,0.8421052631578947,1.0,0.5714285714285714,0.7272727272727273
GEN,xgboost,4,selected_threshold,0.13,0.6842105263157895,0.5714285714285714,0.5714285714285714,0.5714285714285714
IPM,xgboost,0,fixed_0.5,0.5,0.8,0.5,0.75,0.6
IPM,xgboost,0,selected_threshold,0.1699999999999999,0.85,0.5714285714285714,1.0,0.7272727272727273
IPM,xgboost,1,fixed_0.5,0.5,0.8421052631578947,0.6666666666666666,0.5,0.5714285714285714
IPM,xgboost,1,selected_threshold,0.1599999999999999,0.7894736842105263,0.5,0.5,0.5
IPM,xgboost,2,fixed_0.5,0.5,0.8421052631578947,1.0,0.25,0.4
IPM,xgboost,2,selected_threshold,0.1099999999999999,0.7368421052631579,0.42857142857142855,0.75,0.5454545454545454
IPM,xgboost,3,fixed_0.5,0.5,0.8947368421052632,1.0,0.5,0.6666666666666666
IPM,xgboost,3,selected_threshold,0.3199999999999999,0.8947368421052632,1.0,0.5,0.6666666666666666
IPM,xgboost,4,fixed_0.5,0.5,0.9473684210526315,1.0,0.75,0.8571428571428571
IPM,xgboost,4,selected_threshold,0.2799999999999999,0.8421052631578947,0.6,0.75,0.6666666666666666
LVX,xgboost,0,fixed_0.5,0.5,0.8888888888888888,0.8,0.8,0.8
LVX,xgboost,0,selected_threshold,0.13,0.6666666666666666,0.4444444444444444,0.8,0.5714285714285714
LVX,xgboost,1,fixed_0.5,0.5,0.8888888888888888,0.8333333333333334,0.8333333333333334,0.8333333333333334
LVX,xgboost,1,selected_threshold,0.3,0.9444444444444444,0.8571428571428571,1.0,0.9230769230769231
LVX,xgboost,2,fixed_0.5,0.5,0.7777777777777778,0.625,0.8333333333333334,0.7142857142857143
LVX,xgboost,2,selected_threshold,0.0999999999999999,0.6111111111111112,0.46153846153846156,1.0,0.631578947368421
LVX,xgboost,3,fixed_0.5,0.5,0.7777777777777778,1.0,0.3333333333333333,0.5
LVX,xgboost,3,selected_threshold,0.61,0.7777777777777778,1.0,0.3333333333333333,0.5
LVX,xgboost,4,fixed_0.5,0.5,0.6666666666666666,0.5,0.16666666666666666,0.25
LVX,xgboost,4,selected_threshold,0.3299999999999999,0.6111111111111112,0.3333333333333333,0.16666666666666666,0.2222222222222222
MEM,xgboost,0,fixed_0.5,0.5,0.75,0.4,0.5,0.4444444444444444
MEM,xgboost,0,selected_threshold,0.1999999999999999,0.75,0.4,0.5,0.4444444444444444
MEM,xgboost,1,fixed_0.5,0.5,0.7,0.3333333333333333,0.2,0.25
MEM,xgboost,1,selected_threshold,0.05,0.75,0.5,0.8,0.6153846153846154
MEM,xgboost,2,fixed_0.5,0.5,0.75,0.5,0.4,0.4444444444444444
MEM,xgboost,2,selected_threshold,0.08,0.75,0.5,0.8,0.6153846153846154
MEM,xgboost,3,fixed_0.5,0.5,0.8421052631578947,1.0,0.25,0.4
MEM,xgboost,3,selected_threshold,0.3199999999999999,0.8947368421052632,1.0,0.5,0.6666666666666666
MEM,xgboost,4,fixed_0.5,0.5,0.8947368421052632,0.75,0.75,0.75
MEM,xgboost,4,selected_threshold,0.3199999999999999,0.7894736842105263,0.5,0.75,0.6
SAM,xgboost,0,fixed_0.5,0.5,0.8,0.8571428571428571,0.8571428571428571,0.8571428571428571
SAM,xgboost,0,selected_threshold,0.4499999999999999,0.8,0.8571428571428571,0.8571428571428571,0.8571428571428571
SAM,xgboost,1,fixed_0.5,0.5,0.9,1.0,0.8666666666666667,0.9285714285714286
SAM,xgboost,1,selected_threshold,0.3599999999999999,0.95,1.0,0.9333333333333333,0.9655172413793104
SAM,xgboost,2,fixed_0.5,0.5,0.8421052631578947,1.0,0.7857142857142857,0.88
SAM,xgboost,2,selected_threshold,0.4499999999999999,0.8421052631578947,1.0,0.7857142857142857,0.88
SAM,xgboost,3,fixed_0.5,0.5,0.631578947368421,0.8181818181818182,0.6428571428571429,0.72
SAM,xgboost,3,selected_threshold,0.3299999999999999,0.631578947368421,0.8181818181818182,0.6428571428571429,0.72
SAM,xgboost,4,fixed_0.5,0.5,0.7894736842105263,0.9166666666666666,0.7857142857142857,0.8461538461538461
SAM,xgboost,4,selected_threshold,0.29,0.8947368421052632,0.9285714285714286,0.9285714285714286,0.9285714285714286
SXT,xgboost,0,fixed_0.5,0.5,0.85,0.8461538461538461,0.9166666666666666,0.88
SXT,xgboost,0,selected_threshold,0.3799999999999999,0.85,0.8461538461538461,0.9166666666666666,0.88
SXT,xgboost,1,fixed_0.5,0.5,0.9,0.9166666666666666,0.9166666666666666,0.9166666666666666
SXT,xgboost,1,selected_threshold,0.08,0.9,0.8571428571428571,1.0,0.9230769230769231
SXT,xgboost,2,fixed_0.5,0.5,0.9,0.8571428571428571,1.0,0.9230769230769231
SXT,xgboost,2,selected_threshold,0.3,0.9,0.8571428571428571,1.0,0.9230769230769231
SXT,xgboost,3,fixed_0.5,0.5,0.9,0.9166666666666666,0.9166666666666666,0.9166666666666666
SXT,xgboost,3,selected_threshold,0.4999999999999999,0.9,0.9166666666666666,0.9166666666666666,0.9166666666666666
SXT,xgboost,4,fixed_0.5,0.5,0.9,1.0,0.8461538461538461,0.9166666666666666
SXT,xgboost,4,selected_threshold,0.1499999999999999,0.9,0.9230769230769231,0.9230769230769231,0.9230769230769231
TET,xgboost,0,fixed_0.5,0.5,0.9473684210526315,0.9166666666666666,1.0,0.9565217391304348
TET,xgboost,0,selected_threshold,0.4099999999999999,0.8421052631578947,0.7857142857142857,1.0,0.88
TET,xgboost,1,fixed_0.5,0.5,0.7368421052631579,0.875,0.6363636363636364,0.7368421052631579
TET,xgboost,1,selected_threshold,0.4599999999999999,0.7368421052631579,0.875,0.6363636363636364,0.7368421052631579
TET,xgboost,2,fixed_0.5,0.5,0.7368421052631579,0.875,0.6363636363636364,0.7368421052631579
TET,xgboost,2,selected_threshold,0.4999999999999999,0.7368421052631579,0.875,0.6363636363636364,0.7368421052631579
TET,xgboost,3,fixed_0.5,0.5,0.7894736842105263,0.8181818181818182,0.8181818181818182,0.8181818181818182
TET,xgboost,3,selected_threshold,0.58,0.7894736842105263,0.8181818181818182,0.8181818181818182,0.8181818181818182
TET,xgboost,4,fixed_0.5,0.5,0.6842105263157895,0.6666666666666666,0.8,0.7272727272727273
TET,xgboost,4,selected_threshold,0.62,0.7894736842105263,0.8,0.8,0.8
TOB,xgboost,0,fixed_0.5,0.5,0.9444444444444444,1.0,0.875,0.9333333333333333
TOB,xgboost,0,selected_threshold,0.3799999999999999,0.8888888888888888,0.875,0.875,0.875
TOB,xgboost,1,fixed_0.5,0.5,0.9444444444444444,0.9,1.0,0.9473684210526315
TOB,xgboost,1,selected_threshold,0.2599999999999999,0.9444444444444444,0.9,1.0,0.9473684210526315
TOB,xgboost,2,fixed_0.5,0.5,0.8823529411764706,0.875,0.875,0.875
TOB,xgboost,2,selected_threshold,0.6,0.8823529411764706,0.875,0.875,0.875
TOB,xgboost,3,fixed_0.5,0.5,0.7058823529411765,0.6363636363636364,0.875,0.7368421052631579
TOB,xgboost,3,selected_threshold,0.13,0.7058823529411765,0.6153846153846154,1.0,0.7619047619047619
TOB,xgboost,4,fixed_0.5,0.5,0.7647058823529411,1.0,0.5,0.6666666666666666
TOB,xgboost,4,selected_threshold,0.5299999999999999,0.7647058823529411,1.0,0.5,0.6666666666666666
TZP,xgboost,0,fixed_0.5,0.5,0.7058823529411765,0.5714285714285714,0.6666666666666666,0.6153846153846154
TZP,xgboost,0,selected_threshold,0.2599999999999999,0.6470588235294118,0.5,0.8333333333333334,0.625
TZP,xgboost,1,fixed_0.5,0.5,0.6470588235294118,0.5,0.16666666666666666,0.25
TZP,xgboost,1,selected_threshold,0.09,0.7647058823529411,0.6666666666666666,0.6666666666666666,0.6666666666666666
TZP,xgboost,2,fixed_0.5,0.5,0.6470588235294118,1.0,0.14285714285714285,0.25
TZP,xgboost,2,selected_threshold,0.5199999999999999,0.6470588235294118,1.0,0.14285714285714285,0.25
TZP,xgboost,3,fixed_0.5,0.5,0.875,1.0,0.6666666666666666,0.8
TZP,xgboost,3,selected_threshold,0.19,0.6875,0.5454545454545454,1.0,0.7058823529411765
TZP,xgboost,4,fixed_0.5,0.5,0.6875,0.5555555555555556,0.8333333333333334,0.6666666666666666
TZP,xgboost,4,selected_threshold,0.5199999999999999,0.6875,0.5555555555555556,0.8333333333333334,0.6666666666666666
