id,date,Region,Sample Type,MLST,K locus,O locus,O type,VIR Score,AMR Phenotype,AMK,GEN,TOB,SAM,ATM,CAZ,CRO,FEP,CZA,C/T,ETP,IPM,MEM,CIP,LVX,TZP,SXT,TET,TGC,Total # replicons,Col(BS512),Col(MG828),Col(MGD2),Col(pHAD28),Col440I,Col440II,ColKP3,ColpVC,ColRNAI,FIA(pBK30683),FII(pBK30683),IncA,IncC,IncFIA,IncFIA(HI1),IncFIB(AP001918),IncFIB(K),IncFIB(K)(pCAV1099-114),IncFIB(pKPHS1),IncFIB(pNDM-Mar),IncFIB(pQil),IncFII,IncFII(K),IncFII(pAMA1167-NDM-5),IncFII(pCRY),IncFII(pKP91),IncFII(pKPX1),IncFII(pRSB107),IncFII(pSE11),IncFII(Yp),IncHI1B(pNDM-MAR),IncHI2,IncHI2A,IncL,IncM1,IncN,IncN2,IncQ1,IncR,IncX3,IncX4,repB
1912,2010-03-14T05:00:00.000Z,North America,Perianal,336,KL25,O5,O5,1,Susceptible,S,S,S,S,S,S,S,S,S,S,S,S,S,S,S,S,S,S,S,2,0,0,0,0,0,0,0,0,0,0,0,0,0,0,0,0,1,0,0,0,0,0,1,0,0,0,0,0,0,0,0,0,0,0,0,0,0,0,0,0,0,0
4111,2011-07-12T04:00:00.000Z,North America,Perianal,4833,KL31,O5,O5,0,Susceptible,S,S,S,S,S,S,S,S,S,S,S,S,S,S,S,S,S,S,S,7,0,0,0,0,2,1,0,0,0,0,1,0,0,0,0,0,1,0,0,0,0,0,1,0,0,0,0,0,0,1,0,0,0,0,0,0,0,0,0,0,0,0
4759,2011-09-07T04:00:00.000Z,North America,Urine,37,KL38,O3b,O3b,0,MDR,S,S,S,R,R,R,R,S,S,S,S,S,S,S,S,S,S,S,S,1,0,0,0,0,0,0,0,0,0,0,0,0,0,0,0,0,0,0,0,0,0,0,0,0,0,0,0,0,0,0,0,0,0,0,0,1,0,0,0,0,0,0
4815,2011-06-13T04:00:00.000Z,North America,Wound,261,KL38,O2v2,O2afg,1,MDR,S,R,S,R,R,R,R,I,S,S,S,S,S,R,R,S,R,R,R,2,0,0,0,0,0,0,0,0,0,0,0,0,0,0,0,0,1,0,0,0,0,0,0,0,0,1,0,0,0,0,0,0,0,0,0,0,0,0,0,0,0,0
5613,2011-11-16T05:00:00.000Z,North America,Urine,1787,KL148,O1v2,O1,0,XDR,S,R,R,R,R,R,R,R,S,R,S,S,S,I,I,I,R,R,S,1,0,0,0,0,0,0,0,0,0,0,0,0,0,0,0,0,0,1,0,0,0,0,0,0,0,0,0,0,0,0,0,0,0,0,0,0,0,0,0,0,0,0
5741,2003-05-21T04:00:00.000Z,North America,Respiratory,234,KL30,O1v2,O1,2,MDR,S,I,I,R,R,R,R,S,S,R,S,S,S,R,R,R,R,S,S,7,0,0,0,0,0,0,0,0,1,0,0,0,1,0,0,0,1,0,1,0,0,0,0,0,0,1,0,0,0,1,0,0,0,1,0,0,0,0,0,0,0,0
5881,2005-07-11T04:00:00.000Z,North America,Wound,48,KL62,O1v1,O1,3,XDR,R,R,R,R,R,R,R,R,S,R,S,S,S,R,I,R,R,R,S,7,0,0,0,1,0,0,0,0,1,0,0,0,1,0,0,0,1,0,0,1,0,0,1,0,0,0,0,0,0,0,1,0,0,0,0,0,0,0,0,0,0,0
6031,2011-06-03T04:00:00.000Z,Europe,Wound,322,KL17,O4,O4,0,MDR,S,S,R,R,I,R,R,R,S,S,S,S,S,I,S,S,R,R,S,3,0,0,0,0,1,0,0,0,0,0,0,0,0,0,0,0,1,0,0,0,0,0,1,0,0,0,0,0,0,0,0,0,0,0,0,0,0,0,0,0,0,0
6778,2011-12-18T05:00:00.000Z,North America,Urine,1842,KL3,O2v2,O2afg,0,MDR,S,R,R,R,R,R,R,R,S,R,S,S,S,R,I,I,R,S,S,2,0,0,0,0,0,0,0,0,0,0,0,0,0,0,0,0,1,0,0,0,0,0,1,0,0,0,0,0,0,0,0,0,0,0,0,0,0,0,0,0,0,0
7076,2003-04-27T04:00:00.000Z,North America,Wound,5445,KL25,O3/O3a,O3/O3a,0,XDR,S,R,R,R,R,R,R,R,S,R,S,S,S,S,S,I,R,R,R,6,0,0,0,0,0,0,0,0,0,0,0,0,0,0,0,0,1,0,0,1,0,1,1,0,0,0,0,0,0,0,1,0,0,0,0,0,0,1,0,0,0,0
13726,2011-05-27T04:00:00.000Z,Europe,Urine,39,KL23,O1v2,O1,0,Non-MDR,S,S,S,S,S,S,S,S,S,S,S,S,S,S,S,S,S,R,S,3,0,0,0,0,0,1,0,0,0,0,0,0,0,0,0,0,1,0,0,0,0,0,0,0,0,1,0,0,0,0,0,0,0,0,0,0,0,0,0,0,0,0
13748,2011-10-09T04:00:00.000Z,Europe,Blood,107,KL10,O1v1,O1,1,XDR,S,R,I,R,R,I,R,R,S,R,R,R,R,R,R,R,R,R,R,3,0,0,0,0,0,0,0,0,0,0,0,0,0,0,0,0,1,0,0,0,0,0,0,0,0,1,0,0,0,0,0,0,0,1,0,0,0,0,0,0,0,0
13761,2011-07-26T04:00:00.000Z,Europe,Wound,394,KL3,O2v2,O2afg,0,XDR,S,R,R,R,I,I,R,R,S,R,R,R,R,R,I,R,R,R,S,3,0,0,0,0,0,0,0,0,0,0,0,0,0,0,0,0,1,0,0,0,0,0,1,0,0,0,0,0,0,0,0,0,0,1,0,0,0,0,0,0,0,0
13768,2011-05-28T04:00:00.000Z,Europe,Blood,101,KL17,O1v1,O1,1,XDR,S,S,R,R,R,R,R,R,S,R,R,R,R,R,R,R,S,R,S,5,0,0,0,1,0,1,0,0,0,0,0,0,0,0,1,0,0,0,0,0,0,0,0,0,0,0,0,0,0,0,0,0,0,1,0,0,0,0,1,0,0,0
14444,2013-01-23T05:00:00.000Z,North America,Urine,4270,KL142,O3b,O3b,0,Non-MDR,S,S,S,S,S,S,S,S,S,S,S,S,S,S,S,S,R,R,S,0,0,0,0,0,0,0,0,0,0,0,0,0,0,0,0,0,0,0,0,0,0,0,0,0,0,0,0,0,0,0,0,0,0,0,0,0,0,0,0,0,0,0
15219,2013-01-20T05:00:00.000Z,North America,Urine,3705,KL60,O1v1,O1,0,MDR,S,R,R,R,R,R,R,S,S,S,S,S,S,S,S,S,R,R,S,7,0,0,0,2,0,0,0,0,0,0,0,0,0,0,1,0,1,0,0,0,0,0,1,0,0,0,0,0,0,0,0,1,1,0,0,0,0,0,0,0,0,0
15687,2013-03-02T05:00:00.000Z,North America,Urine,5446,KL62,O2v1,O2a,0,MDR,S,S,R,R,R,R,R,R,S,R,S,S,S,S,S,I,S,S,S,5,0,0,0,0,0,1,0,0,2,0,0,0,0,0,0,0,1,0,0,0,0,0,1,0,0,0,0,0,0,0,0,0,0,0,0,0,0,0,0,0,0,0
15882,2012-07-21T04:00:00.000Z,Europe,Perianal,1686,KL113,O1v1,O1,0,MDR,S,S,S,R,S,S,S,S,S,S,S,S,S,S,S,S,S,R,S,1,0,0,0,0,0,0,0,0,0,0,0,0,0,0,0,0,1,0,0,0,0,0,0,0,0,0,0,0,0,0,0,0,0,0,0,0,0,0,0,0,0,0
15937,2013-03-28T04:00:00.000Z,North America,Wound,309,KL42,O4,O4,0,MDR,S,S,S,R,S,S,S,S,S,S,S,S,S,S,S,S,R,R,S,4,0,0,0,0,0,0,0,0,0,0,0,0,0,0,0,0,0,0,0,1,0,0,0,0,0,0,0,0,0,0,1,0,0,0,0,0,0,0,1,0,0,1
16008,2013-04-04T04:00:00.000Z,North America,Urine,111,KL63,O1v2,O1,1,Non-MDR,S,S,S,S,S,S,S,S,S,S,S,S,S,S,S,S,R,S,S,3,0,0,0,0,0,0,0,0,0,0,0,0,0,0,0,0,0,1,0,0,0,0,0,0,0,0,0,0,0,0,0,0,0,1,0,0,0,0,1,0,0,0
16233,2013-03-22T04:00:00.000Z,Asia,Urine,86,KL2,O1v1,O1,3,Non-MDR,S,S,S,S,S,S,S,S,S,S,S,S,S,S,S,R,S,S,S,2,0,0,0,0,0,0,0,0,0,0,0,0,0,0,0,0,0,0,0,0,0,0,0,0,0,0,0,0,0,0,1,0,0,0,0,0,0,0,0,0,0,1
18411,2013-09-28T04:00:00.000Z,North America,Urine,2202,KL14,O3b,O3b,0,Non-MDR,S,S,S,I,S,S,S,S,S,S,S,S,S,S,S,S,S,I,S,1,0,0,0,0,0,0,0,0,0,0,0,0,0,0,0,0,0,0,0,0,0,0,0,0,1,0,0,0,0,0,0,0,0,0,0,0,0,0,0,0,0,0
19073,2013-09-20T04:00:00.000Z,Asia,Wound,20,KL28,O1v2,O1,0,MDR,S,S,S,R,R,R,R,R,S,S,S,S,S,S,S,S,R,R,S,4,0,0,0,1,0,0,0,0,0,1,0,0,0,0,0,0,1,0,0,0,0,0,1,0,0,0,0,0,0,0,0,0,0,0,0,0,0,0,0,0,0,0
20522,2013-12-19T05:00:00.000Z,North America,Respiratory,45,KL24,O2v1,O2a,1,MDR,S,R,R,R,R,R,R,R,S,R,S,S,S,I,S,I,S,R,S,3,0,0,0,0,0,0,0,0,1,0,0,0,1,0,0,0,1,0,0,0,0,0,0,0,0,0,0,0,0,0,0,0,0,0,0,0,0,0,0,0,0,0
21304,2014-02-12T05:00:00.000Z,North America,Urine,1271,KL28,O1v2,O1,1,MDR,S,S,S,R,S,S,S,S,S,S,S,S,S,S,S,I,S,R,S,4,0,0,0,1,1,0,0,0,0,0,0,0,0,0,0,0,1,0,0,0,0,0,1,0,0,0,0,0,0,0,0,0,0,0,0,0,0,0,0,0,0,0
21352,2014-02-28T05:00:00.000Z,North America,Urine,11,KL105,O2v2,O2afg,0,MDR,S,S,I,R,R,I,R,R,S,S,S,S,S,R,R,I,R,S,S,4,0,0,0,0,0,0,0,0,1,0,0,0,0,0,0,0,1,0,0,0,0,0,1,0,0,0,0,0,0,0,0,0,0,0,0,0,0,0,1,0,0,0
22232,2013-06-18T04:00:00.000Z,South America,Respiratory,405,KL151,O4,O4,1,XDR,S,R,R,R,R,R,R,R,S,R,S,S,S,I,S,I,R,R,S,2,0,0,0,0,0,0,0,0,0,0,0,0,0,0,0,0,1,0,0,0,0,0,1,0,0,0,0,0,0,0,0,0,0,0,0,0,0,0,0,0,0,0
22265,2012-09-20T04:00:00.000Z,South America,Respiratory,1583,KL102,O2v2,O2afg,0,MDR,S,R,R,R,R,R,R,S,S,R,S,S,S,R,R,I,R,S,S,4,0,1,0,1,1,0,0,0,0,0,0,0,0,0,1,0,0,0,0,0,0,0,0,0,0,0,0,0,0,0,0,0,0,0,0,0,0,0,0,0,0,0
25107,2014-08-12T04:00:00.000Z,North America,Urine,29,KL30,O1v2,O1,0,MDR,S,S,S,R,S,S,S,S,S,S,S,S,S,S,S,I,S,R,S,4,0,0,0,1,0,0,0,0,0,0,0,0,0,0,0,0,1,0,0,0,0,0,1,0,0,0,0,0,0,0,0,0,0,0,0,0,0,0,1,0,0,0
25112,2014-08-25T04:00:00.000Z,North America,Urine,2623,KL52,unknown,unknown (OL103),0,MDR,S,S,S,R,S,S,S,S,S,S,S,S,S,S,S,I,R,S,S,3,0,0,0,0,0,1,0,0,0,0,0,0,0,0,0,0,1,0,0,0,0,0,1,0,0,0,0,0,0,0,0,0,0,0,0,0,0,0,0,0,0,0
25616,2014-08-19T04:00:00.000Z,North America,Urine,1440,KL19,O2v2,O2afg,0,MDR,S,S,S,R,S,S,S,S,S,S,S,S,S,S,S,R,R,R,S,1,0,0,0,0,0,0,0,0,0,0,0,0,0,0,0,0,1,0,0,0,0,0,0,0,0,0,0,0,0,0,0,0,0,0,0,0,0,0,0,0,0,0
25947,2014-09-21T04:00:00.000Z,North America,Wound,5447,KL30,O3b,O3b,0,Susceptible,S,S,S,S,S,S,S,S,S,S,S,S,S,S,S,S,S,S,S,1,0,0,0,0,0,0,0,0,0,0,0,0,0,0,0,0,0,0,0,1,0,0,0,0,0,0,0,0,0,0,0,0,0,0,0,0,0,0,0,0,0,0
27106,2014-11-17T05:00:00.000Z,South America,Urine,1966,KL119,O4,O4,0,Susceptible,S,S,S,S,S,S,S,S,S,S,S,S,S,S,S,S,S,S,S,1,0,0,0,0,0,0,0,0,0,0,0,0,0,0,0,0,1,0,0,0,0,0,0,0,0,0,0,0,0,0,0,0,0,0,0,0,0,0,0,0,0,0
27778,2015-01-30T05:00:00.000Z,North America,Unknown,1,KL110,O1v1,O1,0,MDR,R,R,R,R,R,R,R,R,S,S,S,S,S,R,R,S,R,I,S,2,0,0,0,0,0,0,0,0,0,0,0,0,0,0,0,0,0,1,0,0,0,0,0,0,0,0,0,0,0,0,1,0,0,0,0,0,0,0,0,0,0,0
27989,2014-12-31T05:00:00.000Z,North America,Wound,2279,KL3,O2v2,O2afg,0,MDR,S,R,R,R,R,R,R,R,S,R,S,S,S,R,I,S,R,R,S,1,0,0,0,0,0,0,0,0,0,0,0,0,0,0,0,0,1,0,0,0,0,0,0,0,0,0,0,0,0,0,0,0,0,0,0,0,0,0,0,0,0,0
28183,2008-07-30T04:00:00.000Z,North America,Respiratory,199,KL154,O2v1,O2ac,0,XDR,S,S,R,R,R,R,R,S,S,R,S,S,S,R,R,I,R,R,S,7,0,0,0,1,0,0,0,0,0,0,0,0,0,0,1,0,0,1,0,0,0,0,1,0,0,0,0,0,0,0,1,0,0,0,0,0,0,1,0,1,0,0
28866,2015-02-04T05:00:00.000Z,North America,Wound,15,KL146,O1/O2v2,O2afg,0,MDR,S,R,I,S,S,S,S,S,S,S,S,S,S,R,R,S,S,R,S,2,0,0,0,0,0,0,0,0,0,0,0,0,0,0,1,0,0,0,0,0,0,0,0,0,0,0,0,0,0,0,0,0,0,0,0,0,0,0,1,0,0,0
28880,2014-10-16T04:00:00.000Z,North America,Urine,36,KL27,O2v2,O2afg,1,Susceptible,S,S,S,S,S,S,S,S,S,S,S,S,S,S,S,S,S,S,S,1,0,0,0,0,0,1,0,0,0,0,0,0,0,0,0,0,0,0,0,0,0,0,0,0,0,0,0,0,0,0,0,0,0,0,0,0,0,0,0,0,0,0
28887,2014-12-09T05:00:00.000Z,North America,Urine,253,KL15,O4,O4,0,Susceptible,S,S,S,S,S,S,S,S,S,S,S,S,S,S,S,S,S,S,S,4,0,0,0,1,1,0,0,0,0,0,0,0,0,0,0,0,1,0,0,0,0,0,1,0,0,0,0,0,0,0,0,0,0,0,0,0,0,0,0,0,0,0
28893,2014-12-09T05:00:00.000Z,North America,Urine,5448,KL125,O3/O3a,O3/O3a,0,Susceptible,S,S,S,S,S,S,S,S,S,S,S,S,S,S,S,S,S,S,S,0,0,0,0,0,0,0,0,0,0,0,0,0,0,0,0,0,0,0,0,0,0,0,0,0,0,0,0,0,0,0,0,0,0,0,0,0,0,0,0,0,0,0
365679,2016-01-27T05:00:00.000Z,Asia,Urine,2071,KL51,O1v2,O1,3,XDR,I,R,R,R,R,R,R,R,R,R,R,R,R,R,R,R,R,R,S,6,0,0,0,0,1,0,0,0,0,0,0,0,0,1,0,0,0,0,0,0,1,0,1,1,0,0,0,1,0,0,0,0,0,0,0,0,0,0,0,0,0,0
366562,2015-07-12T04:00:00.000Z,Africa,Urine,147,KL64,O2v1,O2a,1,XDR,R,R,R,R,R,R,R,R,S,R,R,I,R,R,R,R,R,R,R,8,1,0,1,1,0,0,0,1,0,0,0,0,0,0,0,0,0,0,0,1,0,0,0,0,0,0,1,0,0,0,1,0,0,0,0,0,0,0,1,0,0,0
368001,2015-11-16T05:00:00.000Z,Africa,Wound,14,KL2,O1v1,O1,0,XDR,R,R,R,R,R,R,R,R,R,R,R,R,R,R,R,R,R,S,S,4,0,0,0,0,0,0,0,0,0,0,0,0,0,0,0,0,1,0,0,1,0,0,1,0,0,0,0,0,0,0,1,0,0,0,0,0,0,0,0,0,0,0
368320,2015-09-29T04:00:00.000Z,Africa,Blood,38,KL52,unknown,unknown (OL101),1,XDR,S,R,R,R,R,R,R,R,S,R,R,I,R,R,R,R,R,R,R,12,0,1,0,3,2,3,1,0,0,0,0,0,0,0,0,0,1,0,0,0,0,0,1,0,0,0,0,0,0,0,0,0,0,0,0,0,0,0,0,0,0,0
371351,2003-10-25T04:00:00.000Z,Europe,Wound,44,KL57,O1v2,O1,0,MDR,S,R,R,I,R,R,R,S,S,S,S,S,S,S,S,S,R,S,S,5,0,0,0,0,0,1,0,0,0,0,0,0,0,0,1,0,1,0,0,0,0,0,1,0,0,0,0,0,0,0,0,0,0,0,0,0,0,0,1,0,0,0
374613,2016-01-29T05:00:00.000Z,North America,Urine,686,KL5,O1v1,O1,1,MDR,S,S,S,R,R,R,R,I,S,S,S,S,S,S,S,S,R,R,S,3,0,0,0,0,1,0,0,0,0,0,0,0,0,0,0,0,1,0,0,0,0,0,0,0,0,1,0,0,0,0,0,0,0,0,0,0,0,0,0,0,0,0
375436,2016-02-16T05:00:00.000Z,North America,Urine,13,KL3,O1/O2v2,O2afg,2,XDR,S,R,S,R,R,R,R,R,S,R,R,R,R,R,R,R,R,S,S,7,0,0,0,0,0,1,0,0,2,0,0,0,0,0,0,0,1,0,0,0,1,0,2,0,0,0,0,0,0,0,0,0,0,0,0,0,0,0,0,0,0,0
380979,2016-02-12T05:00:00.000Z,North America,Urine,134,KL25,O5,O5,0,Susceptible,S,S,S,S,S,S,S,S,S,S,S,S,S,S,S,S,S,S,S,2,0,0,0,0,0,0,0,0,0,0,0,0,0,0,0,0,1,0,1,0,0,0,0,0,0,0,0,0,0,0,0,0,0,0,0,0,0,0,0,0,0,0
401050,2016-06-02T04:00:00.000Z,North America,Fluid,252,KL51,O1v2,O1,0,MDR,S,S,S,R,S,S,S,S,S,S,S,S,S,R,I,R,R,S,S,5,0,0,0,0,0,0,0,0,0,0,0,0,0,0,1,0,0,0,0,0,0,0,0,0,0,1,1,0,0,0,0,0,0,0,0,0,0,1,1,0,0,0
410359,2016-07-26T04:00:00.000Z,North America,Urine,471,KL57,O2v2,O2afg,0,XDR,S,R,I,R,R,R,R,R,S,S,S,S,S,I,I,I,R,R,R,2,0,0,0,0,0,0,0,0,0,0,0,0,0,0,0,0,1,0,0,0,0,0,1,0,0,0,0,0,0,0,0,0,0,0,0,0,0,0,0,0,0,0
414780,2016-08-18T04:00:00.000Z,North America,Urine,323,KL21,O3b,O3b,0,MDR,S,S,I,R,R,R,R,R,S,S,S,S,S,S,S,I,R,R,I,1,0,0,0,0,0,0,0,0,0,0,0,0,0,0,0,0,1,0,0,0,0,0,0,0,0,0,0,0,0,0,0,0,0,0,0,0,0,0,0,0,0,0
430405,2013-04-28T04:00:00.000Z,Middle East,Blood,512,KL107,O2v2,O2afg,0,XDR,R,I,R,R,R,R,R,R,S,R,R,R,R,R,R,R,R,I,S,4,0,0,0,0,0,0,0,0,1,0,0,0,0,0,0,0,1,0,0,0,1,0,1,0,0,0,0,0,0,0,0,0,0,0,0,0,0,0,0,0,0,0
430414,2013-09-30T04:00:00.000Z,Middle East,Blood,11,KL15,O4,O4,1,XDR,S,R,I,R,R,R,R,R,S,R,R,R,R,R,R,R,R,R,I,9,0,0,0,0,2,1,0,0,1,0,0,0,0,0,0,0,1,0,0,1,0,0,1,0,0,0,0,0,0,0,1,0,0,1,0,0,0,0,0,0,0,0
450199,2017-01-10T05:00:00.000Z,North America,Urine,5449,KL113,O3b,O3b,0,Non-MDR,S,S,S,R,S,S,S,S,S,S,S,S,S,S,S,S,S,R,S,5,0,0,0,1,0,0,0,0,0,0,0,0,0,0,0,0,1,0,0,0,0,0,1,0,0,1,0,0,0,0,0,0,0,0,0,0,0,0,1,0,0,0
468268,2017-04-11T04:00:00.000Z,North America,Urine,5450,KL58,O3b,O3b,0,MDR,S,R,S,I,R,R,R,R,S,S,S,S,S,S,S,S,R,R,S,1,0,0,0,0,0,0,0,0,0,0,0,0,0,0,0,0,1,0,0,0,0,0,0,0,0,0,0,0,0,0,0,0,0,0,0,0,0,0,0,0,0,0
479404,2017-04-15T04:00:00.000Z,Asia,Wound,16,KL51,O3b,O3b,1,XDR,S,S,R,R,R,R,R,R,R,R,R,R,R,R,R,R,R,R,S,11,0,0,0,1,1,1,1,0,0,0,0,0,0,1,0,1,0,0,0,0,1,1,1,0,0,0,0,0,1,0,0,0,0,0,0,0,0,0,0,0,1,0
499958,2017-08-27T04:00:00.000Z,North America,Urine,551,KL10,O1v1,O1,0,MDR,S,S,R,R,I,R,R,R,S,S,S,S,S,S,S,S,R,R,S,2,0,0,0,0,0,0,0,0,0,0,0,0,0,0,0,0,1,0,1,0,0,0,0,0,0,0,0,0,0,0,0,0,0,0,0,0,0,0,0,0,0,0
511348,2014-02-24T05:00:00.000Z,Middle East,Unknown,14,KL2,O1v1,O1,0,XDR,S,R,R,R,R,R,R,R,S,R,R,I,R,I,S,R,R,S,S,5,0,0,0,0,0,0,0,0,0,1,0,0,1,0,0,0,1,0,0,0,0,0,0,0,0,0,0,0,0,0,0,1,1,0,0,0,0,0,0,0,0,0
513382,2014-02-24T05:00:00.000Z,Middle East,Unknown,342,KL30,O1v2,O1,0,Susceptible,S,S,S,S,S,S,S,S,S,S,S,S,S,S,S,S,S,S,S,0,0,0,0,0,0,0,0,0,0,0,0,0,0,0,0,0,0,0,0,0,0,0,0,0,0,0,0,0,0,0,0,0,0,0,0,0,0,0,0,0,0,0
515247,2016-05-04T04:00:00.000Z,Middle East,Unknown,23,KL1,O1v2,O1,2,XDR,R,S,R,R,R,R,R,R,R,R,R,R,R,R,R,R,S,R,R,10,0,0,0,1,0,1,0,0,1,0,0,0,0,0,0,0,0,0,0,0,1,0,2,0,0,0,0,0,0,0,1,0,0,0,1,0,0,0,1,0,0,1
515432,2014-12-15T05:00:00.000Z,Middle East,Unknown,1399,KL43,O2v1,O2ac,4,MDR,S,R,R,R,R,R,R,R,S,R,S,S,S,R,R,R,R,S,S,6,0,0,0,0,0,0,0,0,0,0,0,0,1,0,1,0,0,1,0,0,1,0,1,0,0,0,0,0,0,0,0,0,0,0,0,0,0,0,0,1,0,0
516635,2016-05-04T04:00:00.000Z,Middle East,Unknown,391,KL30,O1v2,O1,0,MDR,S,R,I,R,R,R,R,R,S,S,S,S,S,S,S,S,R,R,S,6,0,0,0,0,0,0,0,0,0,0,0,0,0,0,1,0,1,0,0,1,0,0,1,0,0,0,0,0,0,0,1,0,0,0,0,0,0,0,1,0,0,0
517281,2016-05-04T04:00:00.000Z,Middle East,Unknown,147,KL64,O2v1,O2a,0,PDR,R,I,R,R,R,R,R,R,R,R,R,R,R,R,R,R,R,R,R,4,0,0,0,1,0,0,0,1,0,0,0,0,0,0,0,0,0,0,0,0,0,1,0,0,0,0,1,0,0,0,0,0,0,0,0,0,0,0,0,0,0,0
518712,2016-05-04T04:00:00.000Z,Middle East,Unknown,43,KL61,O1v1,O1,0,MDR,S,S,S,R,R,R,R,R,S,S,S,S,S,S,S,S,R,S,S,3,0,0,0,0,0,0,0,0,0,0,0,0,0,0,0,0,1,0,0,0,0,0,0,0,0,1,0,0,0,0,0,0,0,0,0,0,0,0,1,0,0,0
526410,2017-11-12T05:00:00.000Z,Europe,Urine,392,KL27,O4,O4,0,MDR,S,R,R,R,R,R,R,R,S,R,R,I,I,R,R,R,R,R,R,5,0,0,0,2,0,0,0,0,0,0,0,0,0,0,0,0,1,0,0,0,0,0,1,0,0,0,0,0,0,0,0,0,0,1,0,0,0,0,0,0,0,0
539414,2017-12-10T05:00:00.000Z,North America,Blood,22,KL9,O2v2,O2afg,0,MDR,S,S,R,R,I,I,R,R,S,S,S,S,S,S,S,S,R,R,S,3,0,0,0,1,0,0,0,0,0,0,0,0,0,0,0,0,1,0,0,0,0,0,1,0,0,0,0,0,0,0,0,0,0,0,0,0,0,0,0,0,0,0
546733,2018-01-26T05:00:00.000Z,North America,Urine,788,KL46,O3b,O3b,0,MDR,S,R,R,R,R,R,R,R,S,S,S,S,S,I,S,S,R,R,S,5,0,0,0,1,0,1,0,0,0,0,0,0,0,0,0,0,1,0,1,0,0,0,1,0,0,0,0,0,0,0,0,0,0,0,0,0,0,0,0,0,0,0
560539,2018-03-30T04:00:00.000Z,North America,Urine,3050,KL36,O4,O4,0,XDR,S,R,I,R,R,I,R,R,S,R,R,R,R,R,R,R,R,R,S,7,0,0,0,0,0,0,0,0,0,0,0,0,0,0,1,0,1,0,1,0,1,0,1,0,0,1,0,0,0,0,0,0,0,0,0,0,0,0,1,0,0,0
562722,2018-04-02T04:00:00.000Z,North America,Urine,133,KL116,O1v1,O1,2,Susceptible,S,S,S,S,S,S,S,S,S,S,S,S,S,S,S,S,S,S,S,3,0,0,0,0,0,0,0,0,1,0,0,0,0,0,0,0,1,0,0,0,0,0,0,0,0,1,0,0,0,0,0,0,0,0,0,0,0,0,0,0,0,0
564304,2018-02-28T05:00:00.000Z,North America,Urine,348,KL62,O1v1,O1,0,MDR,S,S,R,R,I,I,R,R,S,S,S,S,S,S,S,S,R,R,S,3,0,0,0,0,0,0,0,0,0,0,0,0,0,0,0,0,1,0,1,0,0,0,1,0,0,0,0,0,0,0,0,0,0,0,0,0,0,0,0,0,0,0
572640,2018-04-26T04:00:00.000Z,North America,Blood,65,KL2,O1v2,O1,2,MDR,S,S,S,R,S,S,S,S,S,S,S,S,S,S,S,S,S,R,R,0,0,0,0,0,0,0,0,0,0,0,0,0,0,0,0,0,0,0,0,0,0,0,0,0,0,0,0,0,0,0,0,0,0,0,0,0,0,0,0,0,0,0
581745,2018-01-19T05:00:00.000Z,Asia,Urine,244,KL35,O5,O5,0,XDR,S,S,R,R,R,R,R,R,R,R,R,R,I,R,I,R,R,R,R,5,0,0,0,0,0,0,0,0,0,0,0,0,1,0,0,0,1,0,1,0,0,0,1,0,0,0,0,0,0,0,0,0,0,0,0,0,1,0,0,0,0,0
582610,2017-10-10T04:00:00.000Z,Asia,Respiratory,268,KL20,O2v1,O2a,5,MDR,S,S,I,R,R,I,R,R,S,I,S,S,S,S,S,I,R,R,S,2,0,0,0,0,0,0,0,0,0,0,0,0,0,0,0,0,0,0,0,0,0,0,1,0,0,0,0,0,0,0,0,0,0,0,0,0,0,0,0,0,0,1
583114,2018-06-11T04:00:00.000Z,Europe,Perianal,661,KL28,O2v1,O2a,0,MDR,S,S,S,S,R,R,R,S,S,S,S,S,S,S,S,S,R,R,S,1,0,0,0,0,0,0,0,0,0,0,0,0,0,0,0,0,0,1,0,0,0,0,0,0,0,0,0,0,0,0,0,0,0,0,0,0,0,0,0,0,0,0
583141,2018-06-27T04:00:00.000Z,North America,Urine,2217,KL13,O3b,O3b,0,MDR,S,R,R,R,R,R,R,R,S,S,S,S,S,I,S,S,R,R,S,2,0,0,0,0,0,0,0,0,0,0,0,0,0,0,0,0,1,0,1,0,0,0,0,0,0,0,0,0,0,0,0,0,0,0,0,0,0,0,0,0,0,0
591344,2018-07-24T04:00:00.000Z,North America,Wound,636,KL61,O5,O5,0,MDR,S,S,S,R,S,S,S,S,S,S,S,S,S,S,S,R,S,R,R,1,0,0,0,0,0,0,0,0,0,0,0,0,0,0,0,0,1,0,0,0,0,0,0,0,0,0,0,0,0,0,0,0,0,0,0,0,0,0,0,0,0,0
599975,2018-08-14T04:00:00.000Z,North America,Urine,25,KL2,O1v2,O1,1,MDR,S,R,R,R,R,R,R,R,S,S,S,S,S,I,S,S,R,R,S,3,0,0,0,0,1,0,0,0,0,0,0,0,0,0,0,0,1,0,0,0,0,0,1,0,0,0,0,0,0,0,0,0,0,0,0,0,0,0,0,0,0,0
607210,2018-09-26T04:00:00.000Z,North America,Urine,231,KL51,O1v2,O1,0,MDR,R,R,R,R,R,R,R,R,S,R,S,S,S,R,R,I,S,S,S,3,0,0,0,0,0,0,0,0,0,0,0,0,0,0,0,0,0,0,0,1,0,0,1,0,0,0,0,0,0,0,0,0,0,0,0,0,0,0,1,0,0,0
613682,2018-04-12T04:00:00.000Z,Africa,Environmental,15,KL112,O1v1,O1,1,XDR,R,R,R,R,R,R,R,R,R,R,R,R,R,R,R,R,R,R,S,11,0,0,0,0,2,0,0,1,0,0,0,0,0,0,1,0,1,0,0,1,0,0,0,0,0,1,1,0,0,0,1,0,0,0,0,0,0,1,1,0,0,0
614201,2018-09-26T04:00:00.000Z,Africa,Environmental,1838,KL14,O3b,O3b,0,MDR,S,S,S,R,R,R,R,R,S,S,S,S,S,S,S,S,S,S,S,4,0,0,0,1,1,0,0,0,0,0,0,0,0,0,0,0,1,0,0,0,0,0,1,0,0,0,0,0,0,0,0,0,0,0,0,0,0,0,0,0,0,0
669448,2017-09-25T04:00:00.000Z,Europe,Blood,307,KL102,O2v2,O2afg,1,XDR,S,R,R,R,R,R,R,R,S,R,R,R,R,R,R,R,R,I,I,3,0,0,0,0,0,0,0,0,0,0,0,0,0,0,0,0,1,0,0,0,1,0,1,0,0,0,0,0,0,0,0,0,0,0,0,0,0,0,0,0,0,0
669510,2018-04-23T04:00:00.000Z,Europe,Respiratory,17,KL62,O2v2,O2afg,0,MDR,S,S,I,R,I,R,R,R,R,R,I,R,R,S,S,R,R,S,S,7,0,0,0,1,0,0,0,0,0,0,0,1,0,0,0,0,1,0,0,1,0,0,1,0,0,0,0,0,0,0,1,0,0,0,0,0,0,0,1,0,0,0
672476,2019-07-01T04:00:00.000Z,North America,Urine,200,KL39,O3b,O3b,0,Susceptible,S,S,S,S,S,S,S,S,S,S,S,S,S,S,S,S,S,S,S,0,0,0,0,0,0,0,0,0,0,0,0,0,0,0,0,0,0,0,0,0,0,0,0,0,0,0,0,0,0,0,0,0,0,0,0,0,0,0,0,0,0,0
676980,2019-08-26T04:00:00.000Z,North America,Urine,198,KL30,O1v1,O1,0,Susceptible,S,S,S,S,S,S,S,S,S,S,S,S,S,S,S,S,S,S,S,0,0,0,0,0,0,0,0,0,0,0,0,0,0,0,0,0,0,0,0,0,0,0,0,0,0,0,0,0,0,0,0,0,0,0,0,0,0,0,0,0,0,0
680172,2019-09-04T04:00:00.000Z,North America,Urine,987,KL46,O3b,O3b,0,Non-MDR,S,S,S,S,S,S,S,S,S,S,S,S,S,I,I,S,R,S,S,1,0,0,0,0,0,0,0,0,0,0,0,0,0,0,0,0,0,1,0,0,0,0,0,0,0,0,0,0,0,0,0,0,0,0,0,0,0,0,0,0,0,0
681054,2015-10-18T04:00:00.000Z,Asia,Urine,340,KL15,O4,O4,1,XDR,S,R,I,R,R,R,R,R,R,R,R,R,R,R,R,R,R,R,S,6,0,0,0,0,1,0,0,0,1,0,0,0,0,0,0,0,1,0,0,0,0,0,1,0,0,0,0,0,0,0,0,0,0,0,0,0,0,1,0,1,0,0
699478,2019-10-11T04:00:00.000Z,North America,Urine,2441,KL14,O3b,O3b,0,Susceptible,S,S,S,S,S,S,S,S,S,S,S,S,S,S,S,S,S,S,S,0,0,0,0,0,0,0,0,0,0,0,0,0,0,0,0,0,0,0,0,0,0,0,0,0,0,0,0,0,0,0,0,0,0,0,0,0,0,0,0,0,0,0
699654,2019-10-29T04:00:00.000Z,North America,Urine,1835,KL65,O3b,O3b,0,Susceptible,S,S,S,S,S,S,S,S,S,S,S,S,S,S,S,S,S,S,S,6,0,0,0,1,1,1,0,0,0,0,0,0,0,0,0,0,1,0,0,0,0,0,0,0,1,1,0,0,0,0,0,0,0,0,0,0,0,0,0,0,0,0
702261,2019-03-26T04:00:00.000Z,Africa,Wound,711,KL54,O1v2,O1,1,MDR,S,S,R,R,R,I,R,R,S,S,S,S,S,S,S,S,R,R,S,0,0,0,0,0,0,0,0,0,0,0,0,0,0,0,0,0,0,0,0,0,0,0,0,0,0,0,0,0,0,0,0,0,0,0,0,0,0,0,0,0,0,0
702325,2019-02-12T05:00:00.000Z,Africa,Wound,485,KL107,unknown,unknown (OL101),1,MDR,S,S,S,R,S,S,S,S,S,S,S,S,S,S,S,I,S,R,S,7,0,0,0,0,3,0,0,0,0,0,0,0,0,0,0,0,1,0,0,0,0,0,1,0,0,0,0,0,0,0,0,0,0,0,0,0,0,1,1,0,0,0
728987,2018-05-25T04:00:00.000Z,Asia,Wound,70,KL122,O1v2,O1,0,MDR,S,R,I,R,R,R,R,R,S,S,S,S,S,S,S,S,R,R,S,6,0,0,0,0,1,0,0,0,0,0,0,0,0,0,0,0,1,0,1,0,0,0,1,0,0,0,0,0,0,0,0,0,0,0,0,1,0,0,1,0,0,0
730567,2019-12-21T05:00:00.000Z,North America,Blood,1621,KL46,O3b,O3b,0,Susceptible,S,S,S,S,S,S,S,S,S,S,S,S,S,S,S,S,S,S,S,3,0,0,0,1,0,0,0,0,0,0,0,0,0,0,0,0,1,0,0,0,0,0,1,0,0,0,0,0,0,0,0,0,0,0,0,0,0,0,0,0,0,0
731029,2019-10-08T04:00:00.000Z,Asia,Urine,37,KL15,O4,O4,3,MDR,S,R,S,R,R,R,R,R,S,S,S,S,S,I,I,S,S,R,S,4,0,0,0,0,0,0,0,0,0,0,0,0,0,0,0,0,1,0,1,0,0,1,0,0,0,1,0,0,0,0,0,0,0,0,0,0,0,0,0,0,0,0
736213,2019-12-03T05:00:00.000Z,North America,Urine,380,KL2,O1v1,O1,5,Susceptible,S,S,S,S,S,S,S,S,S,S,S,S,S,S,S,S,S,S,S,4,0,0,0,0,0,0,0,0,0,0,0,0,0,0,1,0,1,0,0,0,0,0,0,0,0,2,0,0,0,0,0,0,0,0,0,0,0,0,0,0,0,0
740795,2019-12-12T05:00:00.000Z,Europe,Respiratory,395,KL2,O1v1,O1,1,MDR,S,S,R,R,R,R,R,R,S,R,R,R,R,R,R,R,S,S,S,4,0,0,0,1,0,1,0,0,0,0,0,0,0,0,0,0,1,0,0,0,0,0,1,0,0,0,0,0,0,0,0,0,0,0,0,0,0,0,0,0,0,0
742743,2019-11-21T05:00:00.000Z,North America,Blood,34,KL128,O3b,O3b,0,Susceptible,S,S,S,S,S,S,S,S,S,S,S,S,S,S,S,S,S,S,S,3,0,0,0,0,0,0,0,0,0,0,0,0,0,0,1,0,1,0,0,0,0,0,0,0,0,0,0,0,0,0,0,0,0,0,0,0,0,0,1,0,0,0
750877,2020-01-07T05:00:00.000Z,North America,Urine,461,KL62,O1v2,O1,0,Susceptible,S,S,S,S,S,S,S,S,S,S,S,S,S,S,S,S,S,S,S,4,0,0,0,0,2,0,0,0,0,0,0,0,0,0,0,0,1,0,0,0,0,0,1,0,0,0,0,0,0,0,0,0,0,0,0,0,0,0,0,0,0,0
750999,2020-01-15T05:00:00.000Z,North America,Urine,4075,KL107,unknown,unknown (OL101),0,Susceptible,S,S,S,S,S,S,S,S,S,S,S,S,S,S,S,S,S,S,S,4,0,0,0,0,0,0,0,0,0,0,0,0,0,0,0,0,1,0,0,0,1,0,2,0,0,0,0,0,0,0,0,0,0,0,0,0,0,0,0,0,0,0
752729,2019-12-03T05:00:00.000Z,Europe,Perianal,147,KL64,O2v1,O2a,4,XDR,S,S,R,R,R,R,R,R,R,R,R,R,R,R,R,R,R,S,S,6,0,0,0,1,0,0,0,0,0,0,0,0,0,0,0,0,0,0,1,1,1,0,0,0,0,0,0,0,0,0,1,0,0,0,0,0,0,0,1,0,0,0
761403,2020-03-20T04:00:00.000Z,North America,Blood,258,KL107,O2v2,O2afg,0,XDR,R,S,R,R,R,R,R,R,S,R,R,R,R,R,R,R,R,I,S,5,0,0,0,0,0,0,0,0,1,0,0,0,0,0,0,0,1,0,0,0,0,0,1,0,0,0,0,0,0,0,0,0,0,0,0,0,0,0,1,1,0,0
