feature_id,display_name,source_column,source_excel_columns,feature_type,encoding,published_names,published_cell_values,published_callers,prevalence_count,prevalence_fraction,retained_in_model_matrix,drop_reason
gene__aac_2_Iia__9c86f637dab6,aac(2')-Iia,"[""aac(2')-Iia""]","[""AN""]",gene_or_allele,named_cell_presence_case_normalized; OR_identical_determinant_columns; blank=0,"[""aac(2')-Iia""]","[""aac(2')-Iia""]",AMRFinderPlus;ARIBA,1,0.01,True,
gene__aac_3_IId__0ca553a3e15f,aac(3)-IId,"[""aac(3)-IId""]","[""AO""]",gene_or_allele,named_cell_presence_case_normalized; OR_identical_determinant_columns; blank=0,"[""aac(3)-IId"", ""aac(3)-Iid""]","[""aac(3)-IId"", ""aac(3)-Iid""]",AMRFinderPlus;ARIBA,8,0.08,True,
gene__aac_3_IIe__0590cef7e34d,aac(3)-IIe,"[""aac(3)-IIe""]","[""AP""]",gene_or_allele,named_cell_presence_case_normalized; OR_identical_determinant_columns; blank=0,"[""aac(3)-IIe"", ""aac(3)-Iie""]","[""aac(3)-IIe"", ""aac(3)-Iie""]",AMRFinderPlus;ARIBA,19,0.19,True,
gene__aac_3_IIg__f145d4456597,aac(3)-IIg,"[""aac(3)-IIg""]","[""AQ""]",gene_or_allele,named_cell_presence_case_normalized; OR_identical_determinant_columns; blank=0,"[""aac(3)-IIg""]","[""aac(3)-IIg""]",AMRFinderPlus;ARIBA,1,0.01,True,
gene__aac_3_IVa__74bd15e0ab3f,aac(3)-IVa,"[""aac(3)-IVa""]","[""AR""]",gene_or_allele,named_cell_presence_case_normalized; OR_identical_determinant_columns; blank=0,"[""aac(3)-IVa""]","[""aac(3)-IVa""]",AMRFinderPlus;ARIBA,1,0.01,True,
gene__aac_6_Ib4__83a5f45c9699,aac(6')-Ib4,"[""aac(6')-Ib4""]","[""AS""]",gene_or_allele,named_cell_presence_case_normalized; OR_identical_determinant_columns; blank=0,"[""aac(6')-Ib4""]","[""aac(6')-Ib4""]",AMRFinderPlus;ARIBA,2,0.02,True,
gene__aac_6_Ib_AKT__5ca650df53c2,aac(6')-Ib-AKT,"[""aac(6')-Ib-AKT""]","[""AT""]",gene_or_allele,named_cell_presence_case_normalized; OR_identical_determinant_columns; blank=0,"[""aac(6')-Ib-AKT""]","[""aac(6')-Ib-AKT""]",AMRFinderPlus;ARIBA,5,0.05,True,
gene__aac_6_Ib__22bae5c8a74e,aac(6')-Ib,"[""aac(6')-Ib-AKT""]","[""AT""]",gene_or_allele,named_cell_presence_case_normalized; OR_identical_determinant_columns; blank=0,"[""aac(6')-Ib""]","[""aac(6')-Ib""]",AMRFinderPlus;ARIBA,1,0.01,True,
gene__aac_6_Ib_cr5__ec16b29386f5,aac(6')-Ib-cr5,"[""aac(6')-Ib-cr5""]","[""AU""]",gene_or_allele,named_cell_presence_case_normalized; OR_identical_determinant_columns; blank=0,"[""aac(6')-Ib-cr5""]","[""aac(6')-Ib-cr5""]",AMRFinderPlus;ARIBA,35,0.35,True,
gene__aac_6_Ib_G__566c8f5f56fc,aac(6')-Ib-G,"[""aac(6')-Ib-G""]","[""AV""]",gene_or_allele,named_cell_presence_case_normalized; OR_identical_determinant_columns; blank=0,"[""aac(6')-Ib-G""]","[""aac(6')-Ib-G""]",AMRFinderPlus;ARIBA,1,0.01,True,
gene__aac_6_IIc__5125879a4c57,aac(6')-IIc,"[""aac(6')-IIc""]","[""AW""]",gene_or_allele,named_cell_presence_case_normalized; OR_identical_determinant_columns; blank=0,"[""aac(6')-IIc""]","[""aac(6')-IIc""]",AMRFinderPlus;ARIBA,1,0.01,True,
gene__aac_6_Il__43e6a7176631,aac(6')-Il,"[""aac(6')-Il""]","[""AX""]",gene_or_allele,named_cell_presence_case_normalized; OR_identical_determinant_columns; blank=0,"[""aac(6')-Il""]","[""aac(6')-Il""]",AMRFinderPlus;ARIBA,1,0.01,True,
gene__aadA1__15687b499fd6,aadA1,"[""aadA1""]","[""AY""]",gene_or_allele,named_cell_presence_case_normalized; OR_identical_determinant_columns; blank=0,"[""aadA1""]","[""aadA1""]",AMRFinderPlus;ARIBA,13,0.13,True,
gene__aadA16__3e668ce14552,aadA16,"[""aadA16""]","[""AZ""]",gene_or_allele,named_cell_presence_case_normalized; OR_identical_determinant_columns; blank=0,"[""aadA16""]","[""aadA16""]",AMRFinderPlus;ARIBA,3,0.03,True,
gene__aadA2__d33a4eec592a,aadA2,"[""aadA2""]","[""BA""]",gene_or_allele,named_cell_presence_case_normalized; OR_identical_determinant_columns; blank=0,"[""aadA2""]","[""aadA2""]",AMRFinderPlus;ARIBA,18,0.18,True,
gene__ant_2_Ia__4f7da569764e,ant(2'')-Ia,"[""ant(2'')-Ia""]","[""BB""]",gene_or_allele,named_cell_presence_case_normalized; OR_identical_determinant_columns; blank=0,"[""ant(2'')-Ia""]","[""ant(2'')-Ia""]",AMRFinderPlus;ARIBA,3,0.03,True,
gene__aph_3_Ia__3d72b1a8886b,aph(3')-Ia,"[""aph(3')-Ia""]","[""BC""]",gene_or_allele,named_cell_presence_case_normalized; OR_identical_determinant_columns; blank=0,"[""aph(3')-Ia""]","[""aph(3')-Ia""]",AMRFinderPlus;ARIBA,12,0.12,True,
gene__aph_3_Ib__42354e4cc2ec,aph(3'')-Ib,"[""aph(3'')-Ib""]","[""BD""]",gene_or_allele,named_cell_presence_case_normalized; OR_identical_determinant_columns; blank=0,"[""aph(3'')-Ib""]","[""aph(3'')-Ib""]",AMRFinderPlus;ARIBA,44,0.44,True,
gene__aph_3_VI__709faaabdc88,aph(3')-VI,"[""aph(3')-VI""]","[""BE""]",gene_or_allele,named_cell_presence_case_normalized; OR_identical_determinant_columns; blank=0,"[""aph(3')-VI""]","[""aph(3')-VI""]",AMRFinderPlus;ARIBA,3,0.03,True,
gene__aph_3_Vib__d9a2b83d591e,aph(3')-Vib,"[""aph(3')-Vib""]","[""BF""]",gene_or_allele,named_cell_presence_case_normalized; OR_identical_determinant_columns; blank=0,"[""aph(3')-Vib""]","[""aph(3')-Vib""]",AMRFinderPlus;ARIBA,1,0.01,True,
gene__aph_3_XV__54118836b92b,aph(3')-XV,"[""aph(3')-XV""]","[""BG""]",gene_or_allele,named_cell_presence_case_normalized; OR_identical_determinant_columns; blank=0,"[""aph(3')-XV""]","[""aph(3')-XV""]",AMRFinderPlus;ARIBA,1,0.01,True,
gene__aph_4_Ia__37a4ead2ddca,aph(4)-Ia,"[""aph(4)-Ia""]","[""BH""]",gene_or_allele,named_cell_presence_case_normalized; OR_identical_determinant_columns; blank=0,"[""aph(4)-Ia""]","[""aph(4)-Ia""]",AMRFinderPlus;ARIBA,1,0.01,True,
gene__aph_6_Id__f94324227069,aph(6)-Id,"[""aph(6)-Id""]","[""BI""]",gene_or_allele,named_cell_presence_case_normalized; OR_identical_determinant_columns; blank=0,"[""aph(6)-Id""]","[""aph(6)-Id""]",AMRFinderPlus;ARIBA,41,0.41,True,
gene__aphA16__37cc2e183c36,aphA16,"[""aphA16""]","[""BJ""]",gene_or_allele,named_cell_presence_case_normalized; OR_identical_determinant_columns; blank=0,"[""aphA16""]",[],AMRFinderPlus;ARIBA,0,0.0,False,zero_variance_absent
gene__armA__1e3e7a5cbbf7,armA,"[""armA""]","[""BK""]",gene_or_allele,named_cell_presence_case_normalized; OR_identical_determinant_columns; blank=0,"[""armA""]","[""armA""]",AMRFinderPlus;ARIBA,4,0.04,True,
gene__arr_2__3f94280a4461,arr-2,"[""arr-2""]","[""BL""]",gene_or_allele,named_cell_presence_case_normalized; OR_identical_determinant_columns; blank=0,"[""arr-2""]","[""arr-2""]",AMRFinderPlus;ARIBA,3,0.03,True,
gene__arr_269927220__e45b2c03e53a,arr-269927220,"[""arr-269927220""]","[""BM""]",gene_or_allele,named_cell_presence_case_normalized; OR_identical_determinant_columns; blank=0,"[""arr-269927220""]","[""arr-269927220""]",AMRFinderPlus;ARIBA,1,0.01,True,
gene__arr_3__3ee789662ef8,arr-3,"[""arr-3""]","[""BN""]",gene_or_allele,named_cell_presence_case_normalized; OR_identical_determinant_columns; blank=0,"[""arr-3""]","[""arr-3""]",AMRFinderPlus;ARIBA,6,0.06,True,
gene__arr_8_like__f42aa4ad0eab,arr-8-like,"[""arr-8-like""]","[""BO""]",gene_or_allele,named_cell_presence_case_normalized; OR_identical_determinant_columns; blank=0,"[""arr-8-like""]","[""arr-8-like""]",AMRFinderPlus;ARIBA,1,0.01,True,
gene__blaCARB_2__24c64e94426d,blaCARB-2,"[""blaCARB-2""]","[""BP""]",gene_or_allele,named_cell_presence_case_normalized; OR_identical_determinant_columns; blank=0,"[""blaCARB-2""]","[""blaCARB-2""]",AMRFinderPlus;ARIBA,2,0.02,True,
gene__blaCMY_4__1b7453f819b2,blaCMY-4,"[""blaCMY-4""]","[""BQ""]",gene_or_allele,named_cell_presence_case_normalized; OR_identical_determinant_columns; blank=0,"[""blaCMY-4""]","[""blaCMY-4""]",AMRFinderPlus;ARIBA,1,0.01,True,
gene__blaCTX_M_14__fc9c58acd0f5,blaCTX-M-14,"[""blaCTX-M-14""]","[""BR""]",gene_or_allele,named_cell_presence_case_normalized; OR_identical_determinant_columns; blank=0,"[""blaCTX-M-14""]","[""blaCTX-M-14""]",AMRFinderPlus;ARIBA,7,0.07,True,
gene__blaCTX_M_15__b1d9b9d47471,blaCTX-M-15,"[""blaCTX-M-15""]","[""BS""]",gene_or_allele,named_cell_presence_case_normalized; OR_identical_determinant_columns; blank=0,"[""blaCTX-M-15""]","[""blaCTX-M-15""]",AMRFinderPlus;ARIBA,45,0.45,True,
gene__blaCTX_M_3__3ded50be1fb4,blaCTX-M-3,"[""blaCTX-M-3""]","[""BT""]",gene_or_allele,named_cell_presence_case_normalized; OR_identical_determinant_columns; blank=0,"[""blaCTX-M-3""]","[""blaCTX-M-3""]",AMRFinderPlus;ARIBA,1,0.01,True,
gene__blaCTX_M_55__1df213c735c7,blaCTX-M-55,"[""blaCTX-M-55""]","[""BU""]",gene_or_allele,named_cell_presence_case_normalized; OR_identical_determinant_columns; blank=0,"[""blaCTX-M-55""]","[""blaCTX-M-55""]",AMRFinderPlus;ARIBA,1,0.01,True,
gene__blaCTX_M_8__4bb0737cf29d,blaCTX-M-8,"[""blaCTX-M-8""]","[""BV""]",gene_or_allele,named_cell_presence_case_normalized; OR_identical_determinant_columns; blank=0,"[""blaCTX-M-8""]",[],AMRFinderPlus;ARIBA,0,0.0,False,zero_variance_absent
gene__blaDHA_1__e60f091f95c5,blaDHA-1,"[""blaDHA-1""]","[""BW""]",gene_or_allele,named_cell_presence_case_normalized; OR_identical_determinant_columns; blank=0,"[""blaDHA-1""]","[""blaDHA-1""]",AMRFinderPlus;ARIBA,2,0.02,True,
gene__blaFOX_5__8b528f2222bf,blaFOX-5,"[""blaFOX-5""]","[""BX""]",gene_or_allele,named_cell_presence_case_normalized; OR_identical_determinant_columns; blank=0,"[""blaFOX-5""]","[""blaFOX-5""]",AMRFinderPlus;ARIBA,1,0.01,True,
gene__blaGES_5__35846c68064b,blaGES-5,"[""blaGES-5""]","[""BY""]",gene_or_allele,named_cell_presence_case_normalized; OR_identical_determinant_columns; blank=0,"[""blaGES-5""]","[""blaGES-5""]",AMRFinderPlus;ARIBA,1,0.01,True,
gene__blaIMP_15__80046691531c,blaIMP-15,"[""blaIMP-15""]","[""BZ""]",gene_or_allele,named_cell_presence_case_normalized; OR_identical_determinant_columns; blank=0,"[""blaIMP-15""]","[""blaIMP-15""]",AMRFinderPlus;ARIBA,1,0.01,True,
gene__blaKPC_2__1215ec196a62,blaKPC-2,"[""blaKPC-2""]","[""CA""]",gene_or_allele,named_cell_presence_case_normalized; OR_identical_determinant_columns; blank=0,"[""blaKPC-2""]","[""blaKPC-2""]",AMRFinderPlus;ARIBA,3,0.03,True,
gene__blaKPC_3__4f23d51e3cfe,blaKPC-3,"[""blaKPC-3""]","[""CB""]",gene_or_allele,named_cell_presence_case_normalized; OR_identical_determinant_columns; blank=0,"[""blaKPC-3""]","[""blaKPC-3""]",AMRFinderPlus;ARIBA,2,0.02,True,
gene__blaNDM_1__47f592955a0b,blaNDM-1,"[""blaNDM-1""]","[""CC""]",gene_or_allele,named_cell_presence_case_normalized; OR_identical_determinant_columns; blank=0,"[""blaNDM-1""]","[""blaNDM-1""]",AMRFinderPlus;ARIBA,7,0.07,True,
gene__blaNDM_5__97581221d5db,blaNDM-5,"[""blaNDM-5""]","[""CD""]",gene_or_allele,named_cell_presence_case_normalized; OR_identical_determinant_columns; blank=0,"[""blaNDM-5""]","[""blaNDM-5""]",AMRFinderPlus;ARIBA,1,0.01,True,
gene__blaNDM_7__83931ed5221d,blaNDM-7,"[""blaNDM-7""]","[""CE""]",gene_or_allele,named_cell_presence_case_normalized; OR_identical_determinant_columns; blank=0,"[""blaNDM-7""]","[""blaNDM-7""]",AMRFinderPlus;ARIBA,1,0.01,True,
gene__blaOXA_1__33637d4ebdae,blaOXA-1,"[""blaOXA-1""]","[""CF""]",gene_or_allele,named_cell_presence_case_normalized; OR_identical_determinant_columns; blank=0,"[""blaOXA-1""]","[""blaOXA-1""]",AMRFinderPlus;ARIBA,30,0.3,True,
gene__blaOXA_10__c7efc8d7affe,blaOXA-10,"[""blaOXA-10""]","[""CG""]",gene_or_allele,named_cell_presence_case_normalized; OR_identical_determinant_columns; blank=0,"[""blaOXA-10""]","[""blaOXA-10""]",AMRFinderPlus;ARIBA,1,0.01,True,
gene__blaOXA_9__b5c8a779ea6c,blaOXA-9,"[""blaOXA-9""]","[""CH""]",gene_or_allele,named_cell_presence_case_normalized; OR_identical_determinant_columns; blank=0,"[""blaOXA-9""]","[""blaOXA-9""]",AMRFinderPlus;ARIBA,1,0.01,True,
gene__blaOXA_181__cb068f61c2a5,blaOXA-181,"[""blaOXA-181""]","[""CI""]",gene_or_allele,named_cell_presence_case_normalized; OR_identical_determinant_columns; blank=0,"[""blaOXA-181""]","[""blaOXA-181""]",AMRFinderPlus;ARIBA,2,0.02,True,
gene__blaOXA_232__dac1198d664c,blaOXA-232,"[""blaOXA-232""]","[""CJ""]",gene_or_allele,named_cell_presence_case_normalized; OR_identical_determinant_columns; blank=0,"[""blaOXA-232""]","[""blaOXA-232""]",AMRFinderPlus;ARIBA,2,0.02,True,
gene__blaOXA_48__a80281b6de74,blaOXA-48,"[""blaOXA-48""]","[""CK""]",gene_or_allele,named_cell_presence_case_normalized; OR_identical_determinant_columns; blank=0,"[""blaOXA-48""]","[""blaOXA-48""]",AMRFinderPlus;ARIBA,7,0.07,True,
gene__blaOXA_2__06018aa29e0a,blaOXA-2,"[""blaOXA-2""]","[""CL""]",gene_or_allele,named_cell_presence_case_normalized; OR_identical_determinant_columns; blank=0,"[""blaOXA-2""]","[""blaOXA-2""]",AMRFinderPlus;ARIBA,1,0.01,True,
gene__blaSHV_1__2856649d1151,blaSHV-1,"[""blaSHV-1""]","[""CM""]",gene_or_allele,named_cell_presence_case_normalized; OR_identical_determinant_columns; blank=0,"[""blaSHV-1""]","[""blaSHV-1""]",AMRFinderPlus;ARIBA,24,0.24,True,
gene__blaSHV_11__6cfbd3be8d6f,blaSHV-11,"[""blaSHV-11"", ""blaSHV-11""]","[""CN"", ""DL""]",gene_or_allele,named_cell_presence_case_normalized; OR_identical_determinant_columns; blank=0,"[""blaSHV-11""]","[""blaSHV-11""]",AMRFinderPlus;ARIBA,38,0.38,True,
gene__blaSHV_110__974582efefd1,blaSHV-110,"[""blaSHV-110""]","[""CO""]",gene_or_allele,named_cell_presence_case_normalized; OR_identical_determinant_columns; blank=0,"[""blaSHV-110""]",[],AMRFinderPlus;ARIBA,0,0.0,False,zero_variance_absent
gene__blaSHV_119__8313292abae2,blaSHV-119,"[""blaSHV-119""]","[""CP""]",gene_or_allele,named_cell_presence_case_normalized; OR_identical_determinant_columns; blank=0,"[""blaSHV-119""]","[""blaSHV-119""]",AMRFinderPlus;ARIBA,1,0.01,True,
gene__blaSHV_142__712c82344f14,blaSHV-142,"[""blaSHV-142""]","[""CQ""]",gene_or_allele,named_cell_presence_case_normalized; OR_identical_determinant_columns; blank=0,"[""blaSHV-142""]","[""blaSHV-142""]",AMRFinderPlus;ARIBA,1,0.01,True,
gene__blaSHV_168__2919af75fa14,blaSHV-168,"[""blaSHV-168""]","[""CR""]",gene_or_allele,named_cell_presence_case_normalized; OR_identical_determinant_columns; blank=0,"[""blaSHV-168""]","[""blaSHV-168""]",AMRFinderPlus;ARIBA,1,0.01,True,
gene__blaSHV_187__5da02ed84baa,blaSHV-187,"[""blaSHV-187""]","[""CS""]",gene_or_allele,named_cell_presence_case_normalized; OR_identical_determinant_columns; blank=0,"[""blaSHV-187""]","[""blaSHV-187""]",AMRFinderPlus;ARIBA,5,0.05,True,
gene__blaSHV_202__381586083ab1,blaSHV-202,"[""blaSHV-202""]","[""CT""]",gene_or_allele,named_cell_presence_case_normalized; OR_identical_determinant_columns; blank=0,"[""blaSHV-202""]","[""blaSHV-202""]",AMRFinderPlus;ARIBA,1,0.01,True,
gene__blaSHV_207__92e0baed85d1,blaSHV-207,"[""blaSHV-207""]","[""CU""]",gene_or_allele,named_cell_presence_case_normalized; OR_identical_determinant_columns; blank=0,"[""blaSHV-207""]","[""blaSHV-207""]",AMRFinderPlus;ARIBA,1,0.01,True,
gene__blaSHV_26__e7d7b216e895,blaSHV-26,"[""blaSHV-26""]","[""CV""]",gene_or_allele,named_cell_presence_case_normalized; OR_identical_determinant_columns; blank=0,"[""blaSHV-26""]","[""blaSHV-26""]",AMRFinderPlus;ARIBA,1,0.01,True,
gene__blaSHV_27__0faf55eb38a5,blaSHV-27,"[""blaSHV-27""]","[""CW""]",gene_or_allele,named_cell_presence_case_normalized; OR_identical_determinant_columns; blank=0,"[""blaSHV-27""]","[""blaSHV-27""]",AMRFinderPlus;ARIBA,6,0.06,True,
gene__blaSHV_28__848c9d283ddc,blaSHV-28,"[""blaSHV-28""]","[""CX""]",gene_or_allele,named_cell_presence_case_normalized; OR_identical_determinant_columns; blank=0,"[""blaSHV-28""]","[""blaSHV-28""]",AMRFinderPlus;ARIBA,5,0.05,True,
gene__blaSHV_32__8f68dd883c23,blaSHV-32,"[""blaSHV-32""]","[""CY""]",gene_or_allele,named_cell_presence_case_normalized; OR_identical_determinant_columns; blank=0,"[""blaSHV-32""]","[""blaSHV-32""]",AMRFinderPlus;ARIBA,1,0.01,True,
gene__blaSHV_33__c3a221fef10d,blaSHV-33,"[""blaSHV-33""]","[""CZ""]",gene_or_allele,named_cell_presence_case_normalized; OR_identical_determinant_columns; blank=0,"[""blaSHV-33""]",[],AMRFinderPlus;ARIBA,0,0.0,False,zero_variance_absent
gene__blaSHV_171__b46a6a5c3496,blaSHV-171,"[""blaSHV-171""]","[""DA""]",gene_or_allele,named_cell_presence_case_normalized; OR_identical_determinant_columns; blank=0,"[""blaSHV-171""]","[""blaSHV-171""]",AMRFinderPlus;ARIBA,1,0.01,True,
gene__blaSHV_108__380edcc1eab8,blaSHV-108,"[""blaSHV-108""]","[""DB""]",gene_or_allele,named_cell_presence_case_normalized; OR_identical_determinant_columns; blank=0,"[""blaSHV-108""]",[],AMRFinderPlus;ARIBA,0,0.0,False,zero_variance_absent
gene__blaSHV_36__de8aa5462be7,blaSHV-36,"[""blaSHV-36""]","[""DC""]",gene_or_allele,named_cell_presence_case_normalized; OR_identical_determinant_columns; blank=0,"[""blaSHV-36""]","[""blaSHV-36""]",AMRFinderPlus;ARIBA,1,0.01,True,
gene__blaSHV_52__3c738e9bcfdd,blaSHV-52,"[""blaSHV-52""]","[""DD""]",gene_or_allele,named_cell_presence_case_normalized; OR_identical_determinant_columns; blank=0,"[""blaSHV-52""]","[""blaSHV-52""]",AMRFinderPlus;ARIBA,1,0.01,True,
gene__blaSHV_60__82babea88ffe,blaSHV-60,"[""blaSHV-60""]","[""DE""]",gene_or_allele,named_cell_presence_case_normalized; OR_identical_determinant_columns; blank=0,"[""blaSHV-60""]","[""blaSHV-60""]",AMRFinderPlus;ARIBA,2,0.02,True,
gene__blaSHV_71__64710cc2e056,blaSHV-71,"[""blaSHV-71""]","[""DF""]",gene_or_allele,named_cell_presence_case_normalized; OR_identical_determinant_columns; blank=0,"[""blaSHV-71""]","[""blaSHV-71""]",AMRFinderPlus;ARIBA,1,0.01,True,
gene__blaSHV_75__8cfb7212ad81,blaSHV-75,"[""blaSHV-75""]","[""DG""]",gene_or_allele,named_cell_presence_case_normalized; OR_identical_determinant_columns; blank=0,"[""blaSHV-75""]","[""blaSHV-75""]",AMRFinderPlus;ARIBA,1,0.01,True,
gene__blaSHV_76__e4bc5c5d4260,blaSHV-76,"[""blaSHV-76""]","[""DH""]",gene_or_allele,named_cell_presence_case_normalized; OR_identical_determinant_columns; blank=0,"[""blaSHV-76""]","[""blaSHV-76""]",AMRFinderPlus;ARIBA,1,0.01,True,
gene__blaSHV_77__dd4db7d5427c,blaSHV-77,"[""blaSHV-77""]","[""DI""]",gene_or_allele,named_cell_presence_case_normalized; OR_identical_determinant_columns; blank=0,"[""blaSHV-77""]","[""blaSHV-77""]",AMRFinderPlus;ARIBA,1,0.01,True,
gene__blaSHV_5__766b16a665e3,blaSHV-5,"[""blaSHV-5""]","[""DJ""]",gene_or_allele,named_cell_presence_case_normalized; OR_identical_determinant_columns; blank=0,"[""blaSHV-5""]","[""blaSHV-5""]",AMRFinderPlus;ARIBA,1,0.01,True,
gene__blaSHV_7__9e13b93f9fe6,blaSHV-7,"[""blaSHV-7""]","[""DK""]",gene_or_allele,named_cell_presence_case_normalized; OR_identical_determinant_columns; blank=0,"[""blaSHV-7""]",[],AMRFinderPlus;ARIBA,0,0.0,False,zero_variance_absent
gene__blaSHV_12__d89ed9fb6a79,blaSHV-12,"[""blaSHV-12""]","[""DM""]",gene_or_allele,named_cell_presence_case_normalized; OR_identical_determinant_columns; blank=0,"[""blaSHV-12""]","[""blaSHV-12""]",AMRFinderPlus;ARIBA,4,0.04,True,
gene__blaTEM_1__4f26c2c6a7cc,blaTEM-1,"[""blaTEM-1""]","[""DN""]",gene_or_allele,named_cell_presence_case_normalized; OR_identical_determinant_columns; blank=0,"[""blaTEM-1""]","[""blaTEM-1""]",AMRFinderPlus;ARIBA,50,0.5,True,
gene__blaVIM_1__b8633f36b0b4,blaVIM-1,"[""blaVIM-1""]","[""DO""]",gene_or_allele,named_cell_presence_case_normalized; OR_identical_determinant_columns; blank=0,"[""blaVIM-1""]","[""blaVIM-1""]",AMRFinderPlus;ARIBA,1,0.01,True,
gene__blaVIM_4__ed55a8109914,blaVIM-4,"[""blaVIM-4""]","[""DP""]",gene_or_allele,named_cell_presence_case_normalized; OR_identical_determinant_columns; blank=0,"[""blaVIM-4""]","[""blaVIM-4""]",AMRFinderPlus;ARIBA,1,0.01,True,
gene__catA1__660cc15104bb,catA1,"[""catA1""]","[""DQ""]",gene_or_allele,named_cell_presence_case_normalized; OR_identical_determinant_columns; blank=0,"[""catA1""]","[""catA1""]",AMRFinderPlus;ARIBA,7,0.07,True,
gene__catA2__4347443d0785,catA2,"[""catA2""]","[""DR""]",gene_or_allele,named_cell_presence_case_normalized; OR_identical_determinant_columns; blank=0,"[""catA2""]","[""catA2""]",AMRFinderPlus;ARIBA,7,0.07,True,
gene__catB__4c7c8bd128b1,catB,"[""catB""]","[""DS""]",gene_or_allele,named_cell_presence_case_normalized; OR_identical_determinant_columns; blank=0,"[""catB""]","[""catB""]",AMRFinderPlus;ARIBA,3,0.03,True,
gene__catB11__47750f628385,catB11,"[""catB11""]","[""DT""]",gene_or_allele,named_cell_presence_case_normalized; OR_identical_determinant_columns; blank=0,"[""catB11""]","[""catB11""]",AMRFinderPlus;ARIBA,1,0.01,True,
gene__catB2__9d488614d805,catB2,"[""catB2""]","[""DU""]",gene_or_allele,named_cell_presence_case_normalized; OR_identical_determinant_columns; blank=0,"[""catB2""]","[""catB2""]",AMRFinderPlus;ARIBA,1,0.01,True,
gene__catB3__bc428193ee96,catB3,"[""catB3""]","[""DV""]",gene_or_allele,named_cell_presence_case_normalized; OR_identical_determinant_columns; blank=0,"[""catB3""]","[""catB3""]",AMRFinderPlus;ARIBA,26,0.26,True,
gene__cmlA1__9fa4d895cb79,cmlA1,"[""cmlA1""]","[""DW""]",gene_or_allele,named_cell_presence_case_normalized; OR_identical_determinant_columns; blank=0,"[""cmlA1""]","[""cmlA1""]",AMRFinderPlus;ARIBA,2,0.02,True,
gene__cmlA5__e8c84368d378,cmlA5,"[""cmlA5""]","[""DX""]",gene_or_allele,named_cell_presence_case_normalized; OR_identical_determinant_columns; blank=0,"[""cmlA5""]","[""cmlA5""]",AMRFinderPlus;ARIBA,3,0.03,True,
gene__cmlA6__c45345700937,cmlA6,"[""cmlA6""]","[""DY""]",gene_or_allele,named_cell_presence_case_normalized; OR_identical_determinant_columns; blank=0,"[""cmlA6""]","[""cmlA6""]",AMRFinderPlus;ARIBA,1,0.01,True,
gene__dfr7__3de314457e0d,dfr7,"[""dfr7""]","[""DZ""]",gene_or_allele,named_cell_presence_case_normalized; OR_identical_determinant_columns; blank=0,"[""dfr7""]","[""dfr7""]",AMRFinderPlus;ARIBA,1,0.01,True,
gene__dfrA1__408cd02e6001,dfrA1,"[""dfrA1""]","[""EA""]",gene_or_allele,named_cell_presence_case_normalized; OR_identical_determinant_columns; blank=0,"[""dfrA1""]","[""dfrA1""]",AMRFinderPlus;ARIBA,11,0.11,True,
gene__dfrA12__c420466a1d49,dfrA12,"[""dfrA12""]","[""EB""]",gene_or_allele,named_cell_presence_case_normalized; OR_identical_determinant_columns; blank=0,"[""dfrA12""]","[""dfrA12""]",AMRFinderPlus;ARIBA,15,0.15,True,
gene__dfrA14__a289266e0f01,dfrA14,"[""dfrA14""]","[""EC""]",gene_or_allele,named_cell_presence_case_normalized; OR_identical_determinant_columns; blank=0,"[""dfrA14""]","[""dfrA14""]",AMRFinderPlus;ARIBA,34,0.34,True,
gene__dfrA18__6dc5a8b3fa07,dfrA18,"[""dfrA18""]","[""ED""]",gene_or_allele,named_cell_presence_case_normalized; OR_identical_determinant_columns; blank=0,"[""dfrA18""]","[""dfrA18""]",AMRFinderPlus;ARIBA,1,0.01,True,
gene__dfrA19__e643d9e8c22f,dfrA19,"[""dfrA19""]","[""EE""]",gene_or_allele,named_cell_presence_case_normalized; OR_identical_determinant_columns; blank=0,"[""dfrA19""]","[""dfrA19""]",AMRFinderPlus;ARIBA,2,0.02,True,
gene__dfrA26__93b2425ae33c,dfrA26,"[""dfrA26""]","[""EF""]",gene_or_allele,named_cell_presence_case_normalized; OR_identical_determinant_columns; blank=0,"[""dfrA26""]",[],AMRFinderPlus;ARIBA,0,0.0,False,zero_variance_absent
gene__dfrA27__1e67f448c6dd,dfrA27,"[""dfrA27""]","[""EG""]",gene_or_allele,named_cell_presence_case_normalized; OR_identical_determinant_columns; blank=0,"[""dfrA27""]","[""dfrA27""]",AMRFinderPlus;ARIBA,3,0.03,True,
gene__dfrA32__75c81905d551,dfrA32,"[""dfrA32""]","[""EH""]",gene_or_allele,named_cell_presence_case_normalized; OR_identical_determinant_columns; blank=0,"[""dfrA32""]","[""dfrA32""]",AMRFinderPlus;ARIBA,1,0.01,True,
gene__dfrA5__bdab96a3ae19,dfrA5,"[""dfrA5""]","[""EI""]",gene_or_allele,named_cell_presence_case_normalized; OR_identical_determinant_columns; blank=0,"[""dfrA5""]","[""dfrA5""]",AMRFinderPlus;ARIBA,2,0.02,True,
gene__dfrA7__abb2cd32375d,dfrA7,"[""dfrA7""]","[""EJ""]",gene_or_allele,named_cell_presence_case_normalized; OR_identical_determinant_columns; blank=0,"[""dfrA7""]","[""dfrA7""]",AMRFinderPlus;ARIBA,2,0.02,True,
gene__dfrA8__c720609f7e1a,dfrA8,"[""dfrA8""]","[""EK""]",gene_or_allele,named_cell_presence_case_normalized; OR_identical_determinant_columns; blank=0,"[""dfrA8""]","[""dfrA8""]",AMRFinderPlus;ARIBA,1,0.01,True,
gene__erm_42__495068371c67,erm(42),"[""erm(42)""]","[""EL""]",gene_or_allele,named_cell_presence_case_normalized; OR_identical_determinant_columns; blank=0,"[""erm(42)""]","[""erm(42)""]",AMRFinderPlus;ARIBA,1,0.01,True,
gene__erm_B__25b1a1f314ce,erm(B),"[""erm(B)""]","[""EM""]",gene_or_allele,named_cell_presence_case_normalized; OR_identical_determinant_columns; blank=0,"[""erm(B)""]","[""erm(B)""]",AMRFinderPlus;ARIBA,2,0.02,True,
gene__ermC__1cc08102c15e,ermC,"[""ermC""]","[""EN""]",gene_or_allele,named_cell_presence_case_normalized; OR_identical_determinant_columns; blank=0,"[""ermC""]","[""ermC""]",AMRFinderPlus;ARIBA,1,0.01,True,
gene__floR__0150b5a65352,floR,"[""floR""]","[""EO""]",gene_or_allele,named_cell_presence_case_normalized; OR_identical_determinant_columns; blank=0,"[""floR""]","[""floR""]",AMRFinderPlus;ARIBA,3,0.03,True,
gene__floR2__0d9f4cbd30dc,floR2,"[""floR2""]","[""EP""]",gene_or_allele,named_cell_presence_case_normalized; OR_identical_determinant_columns; blank=0,"[""floR2""]","[""floR2""]",AMRFinderPlus;ARIBA,1,0.01,True,
gene__fosA_gen__9f8699db5899,fosA_gen,"[""fosA_gen""]","[""EQ""]",gene_or_allele,named_cell_presence_case_normalized; OR_identical_determinant_columns; blank=0,"[""fosA_gen""]","[""fosA_gen""]",AMRFinderPlus;ARIBA,93,0.93,True,
gene__fosA5__20fcb919317e,fosA5,"[""fosA5""]","[""ER""]",gene_or_allele,named_cell_presence_case_normalized; OR_identical_determinant_columns; blank=0,"[""fosA5""]","[""fosA5""]",AMRFinderPlus;ARIBA,3,0.03,True,
gene__fosA7__ca8d29f760ba,fosA7,"[""fosA7""]","[""ES""]",gene_or_allele,named_cell_presence_case_normalized; OR_identical_determinant_columns; blank=0,"[""fosA7""]","[""fosA7""]",AMRFinderPlus;ARIBA,2,0.02,True,
gene__fosA7_3__9858be559cf3,fosA7.3,"[""fosA7.3""]","[""ET""]",gene_or_allele,named_cell_presence_case_normalized; OR_identical_determinant_columns; blank=0,"[""fosA7.3""]","[""fosA7.3""]",AMRFinderPlus;ARIBA,6,0.06,True,
gene__mcr_1_1__cfcbc4d2489b,mcr-1.1,"[""mcr-1.1""]","[""EU""]",gene_or_allele,named_cell_presence_case_normalized; OR_identical_determinant_columns; blank=0,"[""mcr-1.1""]","[""mcr-1.1""]",AMRFinderPlus;ARIBA,1,0.01,True,
gene__mcr_8_1__c4b56e2f74fa,mcr-8.1,"[""mcr-8.1""]","[""EV""]",gene_or_allele,named_cell_presence_case_normalized; OR_identical_determinant_columns; blank=0,"[""mcr-8.1""]","[""mcr-8.1""]",AMRFinderPlus;ARIBA,1,0.01,True,
gene__mph_A__fd470d53e276,mph(A),"[""mph(A)""]","[""EW""]",gene_or_allele,named_cell_presence_case_normalized; OR_identical_determinant_columns; blank=0,"[""mph(A)""]","[""mph(A)""]",AMRFinderPlus;ARIBA,20,0.2,True,
gene__mph_B__d07c4a8ed0ae,mph(B),"[""mph(B)""]","[""EX""]",gene_or_allele,named_cell_presence_case_normalized; OR_identical_determinant_columns; blank=0,"[""mph(B)""]","[""mph(B)""]",AMRFinderPlus;ARIBA,1,0.01,True,
gene__mph_E__bbdc9db0677f,mph(E),"[""mph(E)""]","[""EY""]",gene_or_allele,named_cell_presence_case_normalized; OR_identical_determinant_columns; blank=0,"[""mph(E)""]","[""mph(E)""]",AMRFinderPlus;ARIBA,5,0.05,True,
gene__msr_E__bf31980dd0a7,msr(E),"[""msr(E)""]","[""EZ""]",gene_or_allele,named_cell_presence_case_normalized; OR_identical_determinant_columns; blank=0,"[""msr(E)""]","[""msr(E)""]",AMRFinderPlus;ARIBA,5,0.05,True,
gene__qnrA1__1987f9bb8a71,qnrA1,"[""qnrA1""]","[""FA""]",gene_or_allele,named_cell_presence_case_normalized; OR_identical_determinant_columns; blank=0,"[""qnrA1""]","[""qnrA1""]",AMRFinderPlus;ARIBA,4,0.04,True,
gene__qnrB1__82385f8142c7,qnrB1,"[""qnrB1""]","[""FB""]",gene_or_allele,named_cell_presence_case_normalized; OR_identical_determinant_columns; blank=0,"[""qnrB1""]","[""qnrB1""]",AMRFinderPlus;ARIBA,22,0.22,True,
gene__qnrB19__f24b2e236d22,qnrB19,"[""qnrB19""]","[""FC""]",gene_or_allele,named_cell_presence_case_normalized; OR_identical_determinant_columns; blank=0,"[""qnrB19""]","[""qnrB19""]",AMRFinderPlus;ARIBA,1,0.01,True,
gene__qnrB4__a0abfc97db02,qnrB4,"[""qnrB4""]","[""FD""]",gene_or_allele,named_cell_presence_case_normalized; OR_identical_determinant_columns; blank=0,"[""qnrB4""]","[""qnrB4""]",AMRFinderPlus;ARIBA,2,0.02,True,
gene__qnrB6__68d60e35189d,qnrB6,"[""qnrB6""]","[""FE""]",gene_or_allele,named_cell_presence_case_normalized; OR_identical_determinant_columns; blank=0,"[""qnrB6""]","[""qnrB6""]",AMRFinderPlus;ARIBA,2,0.02,True,
gene__qnrB9__48a7c4a55798,qnrB9,"[""qnrB9""]","[""FF""]",gene_or_allele,named_cell_presence_case_normalized; OR_identical_determinant_columns; blank=0,"[""qnrB9""]","[""qnrB9""]",AMRFinderPlus;ARIBA,1,0.01,True,
gene__qnrS1__dd225cb6bb26,qnrS1,"[""qnrS1""]","[""FG""]",gene_or_allele,named_cell_presence_case_normalized; OR_identical_determinant_columns; blank=0,"[""qnrS1""]","[""qnrS1""]",AMRFinderPlus;ARIBA,14,0.14,True,
gene__rmtB1__206fbadc2706,rmtB1,"[""rmtB1""]","[""FH""]",gene_or_allele,named_cell_presence_case_normalized; OR_identical_determinant_columns; blank=0,"[""rmtB1""]","[""rmtB1""]",AMRFinderPlus;ARIBA,1,0.01,True,
gene__rmtF1__98fa5442507e,rmtF1,"[""rmtF1""]","[""FI""]",gene_or_allele,named_cell_presence_case_normalized; OR_identical_determinant_columns; blank=0,"[""rmtF1""]","[""rmtF1""]",AMRFinderPlus;ARIBA,3,0.03,True,
gene__rmtH__0b842a786976,rmtH,"[""rmtH""]","[""FJ""]",gene_or_allele,named_cell_presence_case_normalized; OR_identical_determinant_columns; blank=0,"[""rmtH""]","[""rmtH""]",AMRFinderPlus;ARIBA,1,0.01,True,
gene__sul1__f3335816df53,sul1,"[""sul1""]","[""FK""]",gene_or_allele,named_cell_presence_case_normalized; OR_identical_determinant_columns; blank=0,"[""sul1""]","[""sul1""]",AMRFinderPlus;ARIBA,39,0.39,True,
gene__sul2__691bb44fc37d,sul2,"[""sul2""]","[""FL""]",gene_or_allele,named_cell_presence_case_normalized; OR_identical_determinant_columns; blank=0,"[""sul2""]","[""sul2""]",AMRFinderPlus;ARIBA,42,0.42,True,
gene__sul3__c35f66389909,sul3,"[""sul3""]","[""FM""]",gene_or_allele,named_cell_presence_case_normalized; OR_identical_determinant_columns; blank=0,"[""sul3""]","[""sul3""]",AMRFinderPlus;ARIBA,2,0.02,True,
gene__tet_A__77c7af2b14d7,tet(A),"[""tet(A)""]","[""FN""]",gene_or_allele,named_cell_presence_case_normalized; OR_identical_determinant_columns; blank=0,"[""tet(A)""]","[""tet(A)""]",AMRFinderPlus;ARIBA,35,0.35,True,
gene__tet_B__e414ad27e773,tet(B),"[""tet(B)""]","[""FO""]",gene_or_allele,named_cell_presence_case_normalized; OR_identical_determinant_columns; blank=0,"[""tet(B)""]","[""tet(B)""]",AMRFinderPlus;ARIBA,1,0.01,True,
gene__tet_D__3c1d9fd570ce,tet(D),"[""tet(D)""]","[""FP""]",gene_or_allele,named_cell_presence_case_normalized; OR_identical_determinant_columns; blank=0,"[""tet(D)""]","[""tet(D)""]",AMRFinderPlus;ARIBA,11,0.11,True,
gene__tet_G__ff8069e4bb7d,tet(G),"[""tet(G)""]","[""FQ""]",gene_or_allele,named_cell_presence_case_normalized; OR_identical_determinant_columns; blank=0,"[""tet(G)""]","[""tet(G)""]",AMRFinderPlus;ARIBA,1,0.01,True,
gene__tet_M__d76e29348b04,tet(M),"[""tet(M)""]","[""FR""]",gene_or_allele,named_cell_presence_case_normalized; OR_identical_determinant_columns; blank=0,"[""tet(M)""]","[""tet(M)""]",AMRFinderPlus;ARIBA,1,0.01,True,
gene__tet_X__9c42914df2c5,tet(X),"[""tet(X)""]","[""FS""]",gene_or_allele,named_cell_presence_case_normalized; OR_identical_determinant_columns; blank=0,"[""tet(X)""]","[""tet(X)""]",AMRFinderPlus;ARIBA,1,0.01,True,
variant__OmpK35_17__66f4c20ddacd,OmpK35-17%,"[""OmpK35/OmpK36 mutations""]","[""FT""]",resistance_variant,exact_semicolon_token_presence; blank=no_published_variant_call,"[""OmpK35-17%""]","[""OmpK35-17%;OmpK36GD""]",Kleborate,1,0.01,True,
variant__OmpK35_21__31dd4cc2c7ca,OmpK35-21%,"[""OmpK35/OmpK36 mutations""]","[""FT""]",resistance_variant,exact_semicolon_token_presence; blank=no_published_variant_call,"[""OmpK35-21%""]","[""OmpK35-21%;OmpK36GD""]",Kleborate,1,0.01,True,
variant__OmpK35_25__fd91e78b8b94,OmpK35-25%,"[""OmpK35/OmpK36 mutations""]","[""FT""]",resistance_variant,exact_semicolon_token_presence; blank=no_published_variant_call,"[""OmpK35-25%""]","[""OmpK35-25%"", ""OmpK35-25%;OmpK36GD""]",Kleborate,3,0.03,True,
variant__OmpK35_30__62c7989dcb3c,OmpK35-30%,"[""OmpK35/OmpK36 mutations""]","[""FT""]",resistance_variant,exact_semicolon_token_presence; blank=no_published_variant_call,"[""OmpK35-30%""]","[""OmpK35-30%""]",Kleborate,1,0.01,True,
variant__OmpK35_59__aa2f1c0ae1df,OmpK35-59%,"[""OmpK35/OmpK36 mutations""]","[""FT""]",resistance_variant,exact_semicolon_token_presence; blank=no_published_variant_call,"[""OmpK35-59%""]","[""OmpK35-59%""]",Kleborate,3,0.03,True,
variant__OmpK35_72__737848bea52e,OmpK35-72%,"[""OmpK35/OmpK36 mutations""]","[""FT""]",resistance_variant,exact_semicolon_token_presence; blank=no_published_variant_call,"[""OmpK35-72%""]","[""OmpK35-72%""]",Kleborate,1,0.01,True,
variant__OmpK35_76__298f13b13ce1,OmpK35-76%,"[""OmpK35/OmpK36 mutations""]","[""FT""]",resistance_variant,exact_semicolon_token_presence; blank=no_published_variant_call,"[""OmpK35-76%""]","[""OmpK35-76%"", ""OmpK35-76%;OmpK36TD""]",Kleborate,3,0.03,True,
variant__OmpK35_87__b0d3a2ebe702,OmpK35-87%,"[""OmpK35/OmpK36 mutations""]","[""FT""]",resistance_variant,exact_semicolon_token_presence; blank=no_published_variant_call,"[""OmpK35-87%""]","[""OmpK35-87%""]",Kleborate,1,0.01,True,
variant__OmpK36GD__a3b86b232e9f,OmpK36GD,"[""OmpK35/OmpK36 mutations""]","[""FT""]",resistance_variant,exact_semicolon_token_presence; blank=no_published_variant_call,"[""OmpK36GD""]","[""OmpK35-17%;OmpK36GD"", ""OmpK35-21%;OmpK36GD"", ""OmpK35-25%;OmpK36GD"", ""OmpK36GD""]",Kleborate,4,0.04,True,
variant__OmpK36TD__f8db20b567d2,OmpK36TD,"[""OmpK35/OmpK36 mutations""]","[""FT""]",resistance_variant,exact_semicolon_token_presence; blank=no_published_variant_call,"[""OmpK36TD""]","[""OmpK35-76%;OmpK36TD""]",Kleborate,2,0.02,True,
variant__MgrB_0__31a2fe707ea6,MgrB-0%,"[""MgrB mutations""]","[""FU""]",resistance_variant,exact_semicolon_token_presence; blank=no_published_variant_call,"[""MgrB-0%""]","[""MgrB-0%""]",Kleborate,1,0.01,True,
variant__MgrB_32__0323946870fa,MgrB-32%,"[""MgrB mutations""]","[""FU""]",resistance_variant,exact_semicolon_token_presence; blank=no_published_variant_call,"[""MgrB-32%""]","[""MgrB-32%""]",Kleborate,1,0.01,True,
variant__MgrB_49__684df5ce7bab,MgrB-49%,"[""MgrB mutations""]","[""FU""]",resistance_variant,exact_semicolon_token_presence; blank=no_published_variant_call,"[""MgrB-49%""]","[""MgrB-49%""]",Kleborate,1,0.01,True,
variant__MgrB_51__fd69d10f80c0,MgrB-51%,"[""MgrB mutations""]","[""FU""]",resistance_variant,exact_semicolon_token_presence; blank=no_published_variant_call,"[""MgrB-51%""]","[""MgrB-51%""]",Kleborate,1,0.01,True,
variant__MgrB_53__ec8926a14680,MgrB-53%,"[""MgrB mutations""]","[""FU""]",resistance_variant,exact_semicolon_token_presence; blank=no_published_variant_call,"[""MgrB-53%""]","[""MgrB-53%""]",Kleborate,1,0.01,True,
variant__MgrB_89__851202355ac8,MgrB-89%,"[""MgrB mutations""]","[""FU""]",resistance_variant,exact_semicolon_token_presence; blank=no_published_variant_call,"[""MgrB-89%""]","[""MgrB-89%""]",Kleborate,2,0.02,True,
