initial_experiment_rank,antibiotic,primary_antibiotic,total_isolates,susceptible_count,intermediate_count,resistant_count,missing_count,usable_binary_count,minority_class_count,minority_class_fraction,majority_to_minority_ratio,eligible_for_ml,eligibility_reason,minimum_usable_binary_count,minimum_minority_class_count,minimum_minority_class_fraction
1,TOB,True,100,46,13,41,0,87,41,0.47126436781609193,1.1219512195121952,True,eligible,70,20,0.2
2,FEP,True,100,44,2,54,0,98,44,0.4489795918367347,1.2272727272727273,True,eligible,70,20,0.2
3,TET,True,100,41,5,54,0,95,41,0.43157894736842106,1.3170731707317074,True,eligible,70,20,0.2
4,CAZ,True,100,37,8,55,0,92,37,0.40217391304347827,1.4864864864864864,True,eligible,70,20,0.2
5,ATM,True,100,37,6,57,0,94,37,0.39361702127659576,1.5405405405405406,True,eligible,70,20,0.2
6,CIP,True,100,54,11,35,0,89,35,0.39325842696629215,1.542857142857143,True,eligible,70,20,0.2
7,SXT,True,100,39,0,61,0,100,39,0.39,1.564102564102564,True,eligible,70,20,0.2
8,GEN,True,100,60,3,37,0,97,37,0.38144329896907214,1.6216216216216217,True,eligible,70,20,0.2
9,C/T,True,100,62,1,37,0,99,37,0.37373737373737376,1.6756756756756757,True,eligible,70,20,0.2
10,TZP,True,100,52,17,31,0,83,31,0.37349397590361444,1.6774193548387097,True,eligible,70,20,0.2
11,CRO,True,100,37,0,63,0,100,37,0.37,1.7027027027027026,True,eligible,70,20,0.2
12,LVX,True,100,61,10,29,0,90,29,0.32222222222222224,2.103448275862069,True,eligible,70,20,0.2
13,SAM,True,100,26,3,71,0,97,26,0.26804123711340205,2.730769230769231,True,eligible,70,20,0.2
14,ETP,True,100,76,1,23,0,99,23,0.23232323232323232,3.3043478260869565,True,eligible,70,20,0.2
15,MEM,True,100,76,2,22,0,98,22,0.22448979591836735,3.4545454545454546,True,eligible,70,20,0.2
16,IPM,True,100,76,4,20,0,96,20,0.20833333333333334,3.8,True,eligible,70,20,0.2
,TGC,True,100,85,3,12,0,97,12,0.12371134020618557,7.083333333333333,False,minority_class_below_minimum;minority_fraction_below_minimum,70,20,0.2
,AMK,True,100,89,1,10,0,99,10,0.10101010101010101,8.9,False,minority_class_below_minimum;minority_fraction_below_minimum,70,20,0.2
,CZA,True,100,90,0,10,0,100,10,0.1,9.0,False,minority_class_below_minimum;minority_fraction_below_minimum,70,20,0.2
,CST,False,100,0,2,5,93,5,0,0.0,inf,False,audit_only_not_primary;insufficient_measured_binary_phenotypes;minority_class_below_minimum;minority_fraction_below_minimum,70,20,0.2
