antibiotic,fold_id,fold_size,susceptible_count,resistant_count,resistant_fraction
TOB,0,18,10,8,0.4444444444444444
TOB,1,18,9,9,0.5
TOB,2,17,9,8,0.47058823529411764
TOB,3,17,9,8,0.47058823529411764
TOB,4,17,9,8,0.47058823529411764
FEP,0,20,9,11,0.55
FEP,1,20,9,11,0.55
FEP,2,20,9,11,0.55
FEP,3,19,9,10,0.5263157894736842
FEP,4,19,8,11,0.5789473684210527
TET,0,19,8,11,0.5789473684210527
TET,1,19,8,11,0.5789473684210527
TET,2,19,8,11,0.5789473684210527
TET,3,19,8,11,0.5789473684210527
TET,4,19,9,10,0.5263157894736842
CAZ,0,19,8,11,0.5789473684210527
CAZ,1,19,8,11,0.5789473684210527
CAZ,2,18,7,11,0.6111111111111112
CAZ,3,18,7,11,0.6111111111111112
CAZ,4,18,7,11,0.6111111111111112
ATM,0,19,8,11,0.5789473684210527
ATM,1,19,8,11,0.5789473684210527
ATM,2,19,7,12,0.631578947368421
ATM,3,19,7,12,0.631578947368421
ATM,4,18,7,11,0.6111111111111112
CIP,0,18,11,7,0.3888888888888889
CIP,1,18,11,7,0.3888888888888889
CIP,2,18,11,7,0.3888888888888889
CIP,3,18,11,7,0.3888888888888889
CIP,4,17,10,7,0.4117647058823529
SXT,0,20,8,12,0.6
SXT,1,20,8,12,0.6
SXT,2,20,8,12,0.6
SXT,3,20,8,12,0.6
SXT,4,20,7,13,0.65
GEN,0,20,12,8,0.4
GEN,1,20,12,8,0.4
GEN,2,19,12,7,0.3684210526315789
GEN,3,19,12,7,0.3684210526315789
GEN,4,19,12,7,0.3684210526315789
C/T,0,20,13,7,0.35
C/T,1,20,13,7,0.35
C/T,2,20,12,8,0.4
C/T,3,20,12,8,0.4
C/T,4,19,12,7,0.3684210526315789
TZP,0,17,11,6,0.35294117647058826
TZP,1,17,11,6,0.35294117647058826
TZP,2,17,10,7,0.4117647058823529
TZP,3,16,10,6,0.375
TZP,4,16,10,6,0.375
CRO,0,20,8,12,0.6
CRO,1,20,8,12,0.6
CRO,2,20,7,13,0.65
CRO,3,20,7,13,0.65
CRO,4,20,7,13,0.65
LVX,0,18,13,5,0.2777777777777778
LVX,1,18,12,6,0.3333333333333333
LVX,2,18,12,6,0.3333333333333333
LVX,3,18,12,6,0.3333333333333333
LVX,4,18,12,6,0.3333333333333333
SAM,0,20,6,14,0.7
SAM,1,20,5,15,0.75
SAM,2,19,5,14,0.7368421052631579
SAM,3,19,5,14,0.7368421052631579
SAM,4,19,5,14,0.7368421052631579
ETP,0,20,16,4,0.2
ETP,1,20,15,5,0.25
ETP,2,20,15,5,0.25
ETP,3,20,15,5,0.25
ETP,4,19,15,4,0.21052631578947367
MEM,0,20,16,4,0.2
MEM,1,20,15,5,0.25
MEM,2,20,15,5,0.25
MEM,3,19,15,4,0.21052631578947367
MEM,4,19,15,4,0.21052631578947367
IPM,0,20,16,4,0.2
IPM,1,19,15,4,0.21052631578947367
IPM,2,19,15,4,0.21052631578947367
IPM,3,19,15,4,0.21052631578947367
IPM,4,19,15,4,0.21052631578947367
