antibiotic,filename,total_samples,susceptible_count,resistant_count,feature_count,positive_fraction,negative_fraction,n_splits,minimum_fold_size,maximum_fold_size,minimum_resistant_per_fold,minimum_susceptible_per_fold,class_ratio,source_feature_matrix,source_label_file,eligible_for_ml,random_seed,shuffle,validation_strategy,class_ratio_definition,feature_order_sha256,sklearn_version,fold_interpretation
TOB,TOB_ml.csv,87,46,41,145,0.47126436781609193,0.5287356321839081,5,17,18,8,9,1.1219512195121952,data/processed/master/amr_feature_matrix.csv,data/processed/per_antibiotic/TOB_labels.csv,True,42,True,stratified_cross_validation,majority_count/minority_count,dc1619c75895ebdf8eef0a041403ff858864c684b578f8279fd46e3ca8c9c4c2,1.4.1.post1,fold_id == k: validation; all other folds: training
FEP,FEP_ml.csv,98,44,54,145,0.5510204081632653,0.4489795918367347,5,19,20,10,8,1.2272727272727273,data/processed/master/amr_feature_matrix.csv,data/processed/per_antibiotic/FEP_labels.csv,True,42,True,stratified_cross_validation,majority_count/minority_count,dc1619c75895ebdf8eef0a041403ff858864c684b578f8279fd46e3ca8c9c4c2,1.4.1.post1,fold_id == k: validation; all other folds: training
TET,TET_ml.csv,95,41,54,145,0.5684210526315789,0.43157894736842106,5,19,19,10,8,1.3170731707317074,data/processed/master/amr_feature_matrix.csv,data/processed/per_antibiotic/TET_labels.csv,True,42,True,stratified_cross_validation,majority_count/minority_count,dc1619c75895ebdf8eef0a041403ff858864c684b578f8279fd46e3ca8c9c4c2,1.4.1.post1,fold_id == k: validation; all other folds: training
CAZ,CAZ_ml.csv,92,37,55,145,0.5978260869565217,0.40217391304347827,5,18,19,11,7,1.4864864864864864,data/processed/master/amr_feature_matrix.csv,data/processed/per_antibiotic/CAZ_labels.csv,True,42,True,stratified_cross_validation,majority_count/minority_count,dc1619c75895ebdf8eef0a041403ff858864c684b578f8279fd46e3ca8c9c4c2,1.4.1.post1,fold_id == k: validation; all other folds: training
ATM,ATM_ml.csv,94,37,57,145,0.6063829787234043,0.39361702127659576,5,18,19,11,7,1.5405405405405406,data/processed/master/amr_feature_matrix.csv,data/processed/per_antibiotic/ATM_labels.csv,True,42,True,stratified_cross_validation,majority_count/minority_count,dc1619c75895ebdf8eef0a041403ff858864c684b578f8279fd46e3ca8c9c4c2,1.4.1.post1,fold_id == k: validation; all other folds: training
CIP,CIP_ml.csv,89,54,35,145,0.39325842696629215,0.6067415730337079,5,17,18,7,10,1.542857142857143,data/processed/master/amr_feature_matrix.csv,data/processed/per_antibiotic/CIP_labels.csv,True,42,True,stratified_cross_validation,majority_count/minority_count,dc1619c75895ebdf8eef0a041403ff858864c684b578f8279fd46e3ca8c9c4c2,1.4.1.post1,fold_id == k: validation; all other folds: training
SXT,SXT_ml.csv,100,39,61,145,0.61,0.39,5,20,20,12,7,1.564102564102564,data/processed/master/amr_feature_matrix.csv,data/processed/per_antibiotic/SXT_labels.csv,True,42,True,stratified_cross_validation,majority_count/minority_count,dc1619c75895ebdf8eef0a041403ff858864c684b578f8279fd46e3ca8c9c4c2,1.4.1.post1,fold_id == k: validation; all other folds: training
GEN,GEN_ml.csv,97,60,37,145,0.38144329896907214,0.6185567010309279,5,19,20,7,12,1.6216216216216217,data/processed/master/amr_feature_matrix.csv,data/processed/per_antibiotic/GEN_labels.csv,True,42,True,stratified_cross_validation,majority_count/minority_count,dc1619c75895ebdf8eef0a041403ff858864c684b578f8279fd46e3ca8c9c4c2,1.4.1.post1,fold_id == k: validation; all other folds: training
C/T,CT_ml.csv,99,62,37,145,0.37373737373737376,0.6262626262626263,5,19,20,7,12,1.6756756756756757,data/processed/master/amr_feature_matrix.csv,data/processed/per_antibiotic/CT_labels.csv,True,42,True,stratified_cross_validation,majority_count/minority_count,dc1619c75895ebdf8eef0a041403ff858864c684b578f8279fd46e3ca8c9c4c2,1.4.1.post1,fold_id == k: validation; all other folds: training
TZP,TZP_ml.csv,83,52,31,145,0.37349397590361444,0.6265060240963856,5,16,17,6,10,1.6774193548387097,data/processed/master/amr_feature_matrix.csv,data/processed/per_antibiotic/TZP_labels.csv,True,42,True,stratified_cross_validation,majority_count/minority_count,dc1619c75895ebdf8eef0a041403ff858864c684b578f8279fd46e3ca8c9c4c2,1.4.1.post1,fold_id == k: validation; all other folds: training
CRO,CRO_ml.csv,100,37,63,145,0.63,0.37,5,20,20,12,7,1.7027027027027026,data/processed/master/amr_feature_matrix.csv,data/processed/per_antibiotic/CRO_labels.csv,True,42,True,stratified_cross_validation,majority_count/minority_count,dc1619c75895ebdf8eef0a041403ff858864c684b578f8279fd46e3ca8c9c4c2,1.4.1.post1,fold_id == k: validation; all other folds: training
LVX,LVX_ml.csv,90,61,29,145,0.32222222222222224,0.6777777777777778,5,18,18,5,12,2.103448275862069,data/processed/master/amr_feature_matrix.csv,data/processed/per_antibiotic/LVX_labels.csv,True,42,True,stratified_cross_validation,majority_count/minority_count,dc1619c75895ebdf8eef0a041403ff858864c684b578f8279fd46e3ca8c9c4c2,1.4.1.post1,fold_id == k: validation; all other folds: training
SAM,SAM_ml.csv,97,26,71,145,0.7319587628865979,0.26804123711340205,5,19,20,14,5,2.730769230769231,data/processed/master/amr_feature_matrix.csv,data/processed/per_antibiotic/SAM_labels.csv,True,42,True,stratified_cross_validation,majority_count/minority_count,dc1619c75895ebdf8eef0a041403ff858864c684b578f8279fd46e3ca8c9c4c2,1.4.1.post1,fold_id == k: validation; all other folds: training
ETP,ETP_ml.csv,99,76,23,145,0.23232323232323232,0.7676767676767676,5,19,20,4,15,3.3043478260869565,data/processed/master/amr_feature_matrix.csv,data/processed/per_antibiotic/ETP_labels.csv,True,42,True,stratified_cross_validation,majority_count/minority_count,dc1619c75895ebdf8eef0a041403ff858864c684b578f8279fd46e3ca8c9c4c2,1.4.1.post1,fold_id == k: validation; all other folds: training
MEM,MEM_ml.csv,98,76,22,145,0.22448979591836735,0.7755102040816326,5,19,20,4,15,3.4545454545454546,data/processed/master/amr_feature_matrix.csv,data/processed/per_antibiotic/MEM_labels.csv,True,42,True,stratified_cross_validation,majority_count/minority_count,dc1619c75895ebdf8eef0a041403ff858864c684b578f8279fd46e3ca8c9c4c2,1.4.1.post1,fold_id == k: validation; all other folds: training
IPM,IPM_ml.csv,96,76,20,145,0.20833333333333334,0.7916666666666666,5,19,20,4,15,3.8,data/processed/master/amr_feature_matrix.csv,data/processed/per_antibiotic/IPM_labels.csv,True,42,True,stratified_cross_validation,majority_count/minority_count,dc1619c75895ebdf8eef0a041403ff858864c684b578f8279fd46e3ca8c9c4c2,1.4.1.post1,fold_id == k: validation; all other folds: training
