isolate_id,antibiotic,phenotype,binary_label
13726,SXT,S,0
13748,SXT,R,1
13761,SXT,R,1
13768,SXT,S,0
14444,SXT,R,1
15219,SXT,R,1
15687,SXT,S,0
15882,SXT,S,0
15937,SXT,R,1
16008,SXT,R,1
16233,SXT,S,0
18411,SXT,S,0
19073,SXT,R,1
1912,SXT,S,0
20522,SXT,S,0
21304,SXT,S,0
21352,SXT,R,1
22232,SXT,R,1
22265,SXT,R,1
25107,SXT,S,0
25112,SXT,R,1
25616,SXT,R,1
25947,SXT,S,0
27106,SXT,S,0
27778,SXT,R,1
27989,SXT,R,1
28183,SXT,R,1
28866,SXT,S,0
28880,SXT,S,0
28887,SXT,S,0
28893,SXT,S,0
365679,SXT,R,1
366562,SXT,R,1
368001,SXT,R,1
368320,SXT,R,1
371351,SXT,R,1
374613,SXT,R,1
375436,SXT,R,1
380979,SXT,S,0
401050,SXT,R,1
410359,SXT,R,1
4111,SXT,S,0
414780,SXT,R,1
430405,SXT,R,1
430414,SXT,R,1
450199,SXT,S,0
468268,SXT,R,1
4759,SXT,S,0
479404,SXT,R,1
4815,SXT,R,1
499958,SXT,R,1
511348,SXT,R,1
513382,SXT,S,0
515247,SXT,S,0
515432,SXT,R,1
516635,SXT,R,1
517281,SXT,R,1
518712,SXT,R,1
526410,SXT,R,1
539414,SXT,R,1
546733,SXT,R,1
560539,SXT,R,1
5613,SXT,R,1
562722,SXT,S,0
564304,SXT,R,1
572640,SXT,S,0
5741,SXT,R,1
581745,SXT,R,1
582610,SXT,R,1
583114,SXT,R,1
583141,SXT,R,1
5881,SXT,R,1
591344,SXT,S,0
599975,SXT,R,1
6031,SXT,R,1
607210,SXT,S,0
613682,SXT,R,1
614201,SXT,S,0
669448,SXT,R,1
669510,SXT,R,1
672476,SXT,S,0
676980,SXT,S,0
6778,SXT,R,1
680172,SXT,R,1
681054,SXT,R,1
699478,SXT,S,0
699654,SXT,S,0
702261,SXT,R,1
702325,SXT,S,0
7076,SXT,R,1
728987,SXT,R,1
730567,SXT,S,0
731029,SXT,S,0
736213,SXT,S,0
740795,SXT,S,0
742743,SXT,S,0
750877,SXT,S,0
750999,SXT,S,0
752729,SXT,R,1
761403,SXT,R,1
