file_id,local_path,source_type,source_name,source_accession_or_url,retrieved_date,description,sha256,status
SRC001,,bioproject,NCBI BioProject,https://www.ncbi.nlm.nih.gov/bioproject/PRJNA717739,,Genome project accession for the selected 100-isolate diversity panel,,PENDING
SRC002,,publication,Martin et al. 2023,DOI:10.1099/mgen.0.000967,,Primary study containing isolate selection and published AST/AMR information,,PENDING
SRC003,,supplementary,Isolate metadata table,,,Expected isolate identifiers and metadata,,PENDING
SRC004,,supplementary,AST phenotype table,,,Antibiotic-specific phenotype labels,,PENDING
SRC005,,supplementary,AMR determinant table,,,Published AMRFinderPlus/ARIBA resistance determinants,,PENDING
M3_SOURCE_TABLE_S1,data/raw/published_study/mgen-9-967-s002.xlsx,supplementary,Martin et al. 2023 - Table S1,DOI:10.1099/mgen.0.000967; BioProject:PRJNA717739,,Local published Table S1 used for M3; retrieval date not recorded,dc7b34de297e20faa95f86d4ab3e4b3120fafc522d9604998b4b89e089b83275,LOCAL_SOURCE_VALIDATED_M3
M3_AST_CLEAN_LONG,data/interim/ast/ast_clean_long.csv,derived_ast,Table S1 AST phenotype processing,data/raw/published_study/mgen-9-967-s002.xlsx,,scripts/03_process_ast.py; Table S1; source_sha256=dc7b34de297e20faa95f86d4ab3e4b3120fafc522d9604998b4b89e089b83275; eligibility in configs/project.yaml; S=0 R=1; I/missing excluded from binary targets,3403ca186ae8a65acfcd55748ddb7ef92720ae1d9c5b72855ff7c8d030db7f2b,VALIDATED_M3
M3_AST_BINARY_SUMMARY,data/reports/ast_binary_summary.csv,derived_ast,Table S1 AST phenotype processing,data/raw/published_study/mgen-9-967-s002.xlsx,,scripts/03_process_ast.py; Table S1; source_sha256=dc7b34de297e20faa95f86d4ab3e4b3120fafc522d9604998b4b89e089b83275; eligibility in configs/project.yaml; S=0 R=1; I/missing excluded from binary targets,b2fc94624df5696859513cdaf60ce70c1505492fcb20b48f0708b71ccde18d9e,VALIDATED_M3
M3_AST_ANTIBIOTIC_RANKING,data/reports/ast_antibiotic_ranking.csv,derived_ast,Table S1 AST phenotype processing,data/raw/published_study/mgen-9-967-s002.xlsx,,scripts/03_process_ast.py; Table S1; source_sha256=dc7b34de297e20faa95f86d4ab3e4b3120fafc522d9604998b4b89e089b83275; eligibility in configs/project.yaml; S=0 R=1; I/missing excluded from binary targets,4c7377222dc5314ff006e56ddc8d4cd5d407029c70b9cc34019b7198aabed614,VALIDATED_M3
M3_AMK_LABELS,data/processed/per_antibiotic/AMK_labels.csv,derived_ast,Table S1 AST phenotype processing,data/raw/published_study/mgen-9-967-s002.xlsx,,scripts/03_process_ast.py; Table S1; source_sha256=dc7b34de297e20faa95f86d4ab3e4b3120fafc522d9604998b4b89e089b83275; eligibility in configs/project.yaml; S=0 R=1; I/missing excluded from binary targets,9f0040b46bea220f8a7574723602a54f0aa3f44f7b7f218327e54eab651e1865,VALIDATED_M3
M3_GEN_LABELS,data/processed/per_antibiotic/GEN_labels.csv,derived_ast,Table S1 AST phenotype processing,data/raw/published_study/mgen-9-967-s002.xlsx,,scripts/03_process_ast.py; Table S1; source_sha256=dc7b34de297e20faa95f86d4ab3e4b3120fafc522d9604998b4b89e089b83275; eligibility in configs/project.yaml; S=0 R=1; I/missing excluded from binary targets,16053dedfd9612dc66aaf23517c260ac61744a0f0091277338a03b8d7959dd5f,VALIDATED_M3
M3_TOB_LABELS,data/processed/per_antibiotic/TOB_labels.csv,derived_ast,Table S1 AST phenotype processing,data/raw/published_study/mgen-9-967-s002.xlsx,,scripts/03_process_ast.py; Table S1; source_sha256=dc7b34de297e20faa95f86d4ab3e4b3120fafc522d9604998b4b89e089b83275; eligibility in configs/project.yaml; S=0 R=1; I/missing excluded from binary targets,31e108ae5f5b26d537d3e8a20886c3708234e0c250328063683827b9be9c46ff,VALIDATED_M3
M3_SAM_LABELS,data/processed/per_antibiotic/SAM_labels.csv,derived_ast,Table S1 AST phenotype processing,data/raw/published_study/mgen-9-967-s002.xlsx,,scripts/03_process_ast.py; Table S1; source_sha256=dc7b34de297e20faa95f86d4ab3e4b3120fafc522d9604998b4b89e089b83275; eligibility in configs/project.yaml; S=0 R=1; I/missing excluded from binary targets,4b7a2ec5efac9fcc3a11e46600f200597b4b39cb04e3879b8145afde0d7d6493,VALIDATED_M3
M3_ATM_LABELS,data/processed/per_antibiotic/ATM_labels.csv,derived_ast,Table S1 AST phenotype processing,data/raw/published_study/mgen-9-967-s002.xlsx,,scripts/03_process_ast.py; Table S1; source_sha256=dc7b34de297e20faa95f86d4ab3e4b3120fafc522d9604998b4b89e089b83275; eligibility in configs/project.yaml; S=0 R=1; I/missing excluded from binary targets,54439f3e615edda3f9ac6779b29409dd77384ee3caf448f3f9e071738526722d,VALIDATED_M3
M3_CAZ_LABELS,data/processed/per_antibiotic/CAZ_labels.csv,derived_ast,Table S1 AST phenotype processing,data/raw/published_study/mgen-9-967-s002.xlsx,,scripts/03_process_ast.py; Table S1; source_sha256=dc7b34de297e20faa95f86d4ab3e4b3120fafc522d9604998b4b89e089b83275; eligibility in configs/project.yaml; S=0 R=1; I/missing excluded from binary targets,8e80ec1bbe6a36abc73feefd7838d03b6dc2db36250ecf27b3134bf226627777,VALIDATED_M3
M3_CRO_LABELS,data/processed/per_antibiotic/CRO_labels.csv,derived_ast,Table S1 AST phenotype processing,data/raw/published_study/mgen-9-967-s002.xlsx,,scripts/03_process_ast.py; Table S1; source_sha256=dc7b34de297e20faa95f86d4ab3e4b3120fafc522d9604998b4b89e089b83275; eligibility in configs/project.yaml; S=0 R=1; I/missing excluded from binary targets,79172e44730ee9f3e791f01b8f36331fe7413ec241e79be2d3cb09af07a06554,VALIDATED_M3
M3_FEP_LABELS,data/processed/per_antibiotic/FEP_labels.csv,derived_ast,Table S1 AST phenotype processing,data/raw/published_study/mgen-9-967-s002.xlsx,,scripts/03_process_ast.py; Table S1; source_sha256=dc7b34de297e20faa95f86d4ab3e4b3120fafc522d9604998b4b89e089b83275; eligibility in configs/project.yaml; S=0 R=1; I/missing excluded from binary targets,2b6ada234600471b9aac13ad5b10065a7477c2b2e68a2adf97c23b3d810217ea,VALIDATED_M3
M3_CZA_LABELS,data/processed/per_antibiotic/CZA_labels.csv,derived_ast,Table S1 AST phenotype processing,data/raw/published_study/mgen-9-967-s002.xlsx,,scripts/03_process_ast.py; Table S1; source_sha256=dc7b34de297e20faa95f86d4ab3e4b3120fafc522d9604998b4b89e089b83275; eligibility in configs/project.yaml; S=0 R=1; I/missing excluded from binary targets,bbd0757b3bc3199292847467cf49c89d5b09e0a9460d98d19b83a5f7681e3cc5,VALIDATED_M3
M3_CT_LABELS,data/processed/per_antibiotic/CT_labels.csv,derived_ast,Table S1 AST phenotype processing,data/raw/published_study/mgen-9-967-s002.xlsx,,scripts/03_process_ast.py; Table S1; source_sha256=dc7b34de297e20faa95f86d4ab3e4b3120fafc522d9604998b4b89e089b83275; eligibility in configs/project.yaml; S=0 R=1; I/missing excluded from binary targets,111cf490f039dea9db682b3caee2124883dd7a8b60e90cf05895693ef5c3b28e,VALIDATED_M3
M3_ETP_LABELS,data/processed/per_antibiotic/ETP_labels.csv,derived_ast,Table S1 AST phenotype processing,data/raw/published_study/mgen-9-967-s002.xlsx,,scripts/03_process_ast.py; Table S1; source_sha256=dc7b34de297e20faa95f86d4ab3e4b3120fafc522d9604998b4b89e089b83275; eligibility in configs/project.yaml; S=0 R=1; I/missing excluded from binary targets,c045d05105fa2d7bab9e36bae59414b25cb14a033279339127a78f1a3833326b,VALIDATED_M3
M3_IPM_LABELS,data/processed/per_antibiotic/IPM_labels.csv,derived_ast,Table S1 AST phenotype processing,data/raw/published_study/mgen-9-967-s002.xlsx,,scripts/03_process_ast.py; Table S1; source_sha256=dc7b34de297e20faa95f86d4ab3e4b3120fafc522d9604998b4b89e089b83275; eligibility in configs/project.yaml; S=0 R=1; I/missing excluded from binary targets,a7c07f763f9f0b6fb100c69deb62d9b876a4add52886971ef3faa3b93929d19e,VALIDATED_M3
M3_MEM_LABELS,data/processed/per_antibiotic/MEM_labels.csv,derived_ast,Table S1 AST phenotype processing,data/raw/published_study/mgen-9-967-s002.xlsx,,scripts/03_process_ast.py; Table S1; source_sha256=dc7b34de297e20faa95f86d4ab3e4b3120fafc522d9604998b4b89e089b83275; eligibility in configs/project.yaml; S=0 R=1; I/missing excluded from binary targets,b6c768ca32c94fe8333a0275b0697e7c714a245c6d4ec9a8e14fe1535c02cdf5,VALIDATED_M3
M3_CIP_LABELS,data/processed/per_antibiotic/CIP_labels.csv,derived_ast,Table S1 AST phenotype processing,data/raw/published_study/mgen-9-967-s002.xlsx,,scripts/03_process_ast.py; Table S1; source_sha256=dc7b34de297e20faa95f86d4ab3e4b3120fafc522d9604998b4b89e089b83275; eligibility in configs/project.yaml; S=0 R=1; I/missing excluded from binary targets,f98ca8ccda4319d28e013a2d9d9ee39c92bc0ecc2e35dd0f73497978ccc4a564,VALIDATED_M3
M3_LVX_LABELS,data/processed/per_antibiotic/LVX_labels.csv,derived_ast,Table S1 AST phenotype processing,data/raw/published_study/mgen-9-967-s002.xlsx,,scripts/03_process_ast.py; Table S1; source_sha256=dc7b34de297e20faa95f86d4ab3e4b3120fafc522d9604998b4b89e089b83275; eligibility in configs/project.yaml; S=0 R=1; I/missing excluded from binary targets,34c889e799b3c97d61a9703a032331869ebd4a84bf5488f663b1cf4d1c004b65,VALIDATED_M3
M3_TZP_LABELS,data/processed/per_antibiotic/TZP_labels.csv,derived_ast,Table S1 AST phenotype processing,data/raw/published_study/mgen-9-967-s002.xlsx,,scripts/03_process_ast.py; Table S1; source_sha256=dc7b34de297e20faa95f86d4ab3e4b3120fafc522d9604998b4b89e089b83275; eligibility in configs/project.yaml; S=0 R=1; I/missing excluded from binary targets,5ddd4a6a50e9db92c2ff6002adc17397a19a0980585bff113b1e4a262acfab99,VALIDATED_M3
M3_SXT_LABELS,data/processed/per_antibiotic/SXT_labels.csv,derived_ast,Table S1 AST phenotype processing,data/raw/published_study/mgen-9-967-s002.xlsx,,scripts/03_process_ast.py; Table S1; source_sha256=dc7b34de297e20faa95f86d4ab3e4b3120fafc522d9604998b4b89e089b83275; eligibility in configs/project.yaml; S=0 R=1; I/missing excluded from binary targets,e5fa33f779b280aefc28f7392a62b9a223bb5aa92d0ed38c728c5c36da8fb930,VALIDATED_M3
M3_TET_LABELS,data/processed/per_antibiotic/TET_labels.csv,derived_ast,Table S1 AST phenotype processing,data/raw/published_study/mgen-9-967-s002.xlsx,,scripts/03_process_ast.py; Table S1; source_sha256=dc7b34de297e20faa95f86d4ab3e4b3120fafc522d9604998b4b89e089b83275; eligibility in configs/project.yaml; S=0 R=1; I/missing excluded from binary targets,1ca5e323121c2c07e3ee787c0f2fe1670dac97debf015a01c44b09385367f58e,VALIDATED_M3
M3_TGC_LABELS,data/processed/per_antibiotic/TGC_labels.csv,derived_ast,Table S1 AST phenotype processing,data/raw/published_study/mgen-9-967-s002.xlsx,,scripts/03_process_ast.py; Table S1; source_sha256=dc7b34de297e20faa95f86d4ab3e4b3120fafc522d9604998b4b89e089b83275; eligibility in configs/project.yaml; S=0 R=1; I/missing excluded from binary targets,287590c2370232e033a0230d225850cd9486000ae14b0e6a248d859fcbd13b29,VALIDATED_M3
M4_AMR_FEATURE_MATRIX_FULL,data/interim/amr/amr_feature_matrix_full.csv,derived_amr,Table S1 published genomic AMR determinants and variants,data/raw/published_study/mgen-9-967-s002.xlsx,,scripts/04_build_amr_features.py; source_sha256=dc7b34de297e20faa95f86d4ab3e4b3120fafc522d9604998b4b89e089b83275; M3 isolate-ID-only validation: data/interim/ast/ast_clean_long.csv; isolate_set_sha256=1bc15b26dcdb58a810e02914e52bfdd0f6f9e4ce3396bd7f9279374e6b650ff8; genes: AMRFinderPlus/ARIBA; variants: Kleborate; no caller reruns; no AST features,49284d5467e54b6e9330df05da60d2d006b43c81d3c4a046402a209be70b609b,VALIDATED_M4
M4_AMR_FEATURE_MATRIX,data/processed/master/amr_feature_matrix.csv,derived_amr,Table S1 published genomic AMR determinants and variants,data/raw/published_study/mgen-9-967-s002.xlsx,,scripts/04_build_amr_features.py; source_sha256=dc7b34de297e20faa95f86d4ab3e4b3120fafc522d9604998b4b89e089b83275; M3 isolate-ID-only validation: data/interim/ast/ast_clean_long.csv; isolate_set_sha256=1bc15b26dcdb58a810e02914e52bfdd0f6f9e4ce3396bd7f9279374e6b650ff8; genes: AMRFinderPlus/ARIBA; variants: Kleborate; no caller reruns; no AST features,96edf8695a689f668e251a5df41989950155542b3ff6063cbac13c0810bcac1b,VALIDATED_M4
M4_AMR_FEATURE_DICTIONARY,data/reports/amr_feature_dictionary.csv,derived_amr,Table S1 published genomic AMR determinants and variants,data/raw/published_study/mgen-9-967-s002.xlsx,,scripts/04_build_amr_features.py; source_sha256=dc7b34de297e20faa95f86d4ab3e4b3120fafc522d9604998b4b89e089b83275; M3 isolate-ID-only validation: data/interim/ast/ast_clean_long.csv; isolate_set_sha256=1bc15b26dcdb58a810e02914e52bfdd0f6f9e4ce3396bd7f9279374e6b650ff8; genes: AMRFinderPlus/ARIBA; variants: Kleborate; no caller reruns; no AST features,bfe98874015448dcd3d5739ced59f694f4a54eb36b1497d06980bc5412d56407,VALIDATED_M4
M4_AMR_FEATURE_SUMMARY,data/reports/amr_feature_summary.csv,derived_amr,Table S1 published genomic AMR determinants and variants,data/raw/published_study/mgen-9-967-s002.xlsx,,scripts/04_build_amr_features.py; source_sha256=dc7b34de297e20faa95f86d4ab3e4b3120fafc522d9604998b4b89e089b83275; M3 isolate-ID-only validation: data/interim/ast/ast_clean_long.csv; isolate_set_sha256=1bc15b26dcdb58a810e02914e52bfdd0f6f9e4ce3396bd7f9279374e6b650ff8; genes: AMRFinderPlus/ARIBA; variants: Kleborate; no caller reruns; no AST features,23682a8b103833cdf2b2fa6f9b3e50794b2009420e53eab096b071c6400c707f,VALIDATED_M4
M5_TOB_ML,data/processed/ml_datasets/TOB_ml.csv,derived_ml_dataset_or_cv,Locked M4 genomic features plus M3 binary labels,"[""data/processed/master/amr_feature_matrix.csv"", ""data/reports/amr_feature_dictionary.csv"", ""data/reports/ast_binary_summary.csv"", ""data/reports/ast_antibiotic_ranking.csv"", ""data/processed/per_antibiotic/TOB_labels.csv"", ""configs/project.yaml""]",,"scripts/05_build_ml_datasets.py; input_sha256={""configs/project.yaml"": ""5fe87a399424663367ffcf51b65c77f55f430159d5eec5417c387d93b1c091e6"", ""data/processed/master/amr_feature_matrix.csv"": ""96edf8695a689f668e251a5df41989950155542b3ff6063cbac13c0810bcac1b"", ""data/processed/per_antibiotic/TOB_labels.csv"": ""31e108ae5f5b26d537d3e8a20886c3708234e0c250328063683827b9be9c46ff"", ""data/reports/amr_feature_dictionary.csv"": ""bfe98874015448dcd3d5739ced59f694f4a54eb36b1497d06980bc5412d56407"", ""data/reports/ast_antibiotic_ranking.csv"": ""4c7377222dc5314ff006e56ddc8d4cd5d407029c70b9cc34019b7198aabed614"", ""data/reports/ast_binary_summary.csv"": ""b2fc94624df5696859513cdaf60ce70c1505492fcb20b48f0708b71ccde18d9e""}; stratified CV: n_splits=5, shuffle=True, seed=42",ae0540e05789c6cfeadc9455343f45abd0b36f1a78b919dae4eabd70e506f513,VALIDATED_M5
M5_TOB_FOLDS,data/processed/splits/TOB_folds.csv,derived_ml_dataset_or_cv,Locked M4 genomic features plus M3 binary labels,"[""data/processed/master/amr_feature_matrix.csv"", ""data/reports/amr_feature_dictionary.csv"", ""data/reports/ast_binary_summary.csv"", ""data/reports/ast_antibiotic_ranking.csv"", ""data/processed/per_antibiotic/TOB_labels.csv"", ""configs/project.yaml""]",,"scripts/05_build_ml_datasets.py; input_sha256={""configs/project.yaml"": ""5fe87a399424663367ffcf51b65c77f55f430159d5eec5417c387d93b1c091e6"", ""data/processed/master/amr_feature_matrix.csv"": ""96edf8695a689f668e251a5df41989950155542b3ff6063cbac13c0810bcac1b"", ""data/processed/per_antibiotic/TOB_labels.csv"": ""31e108ae5f5b26d537d3e8a20886c3708234e0c250328063683827b9be9c46ff"", ""data/reports/amr_feature_dictionary.csv"": ""bfe98874015448dcd3d5739ced59f694f4a54eb36b1497d06980bc5412d56407"", ""data/reports/ast_antibiotic_ranking.csv"": ""4c7377222dc5314ff006e56ddc8d4cd5d407029c70b9cc34019b7198aabed614"", ""data/reports/ast_binary_summary.csv"": ""b2fc94624df5696859513cdaf60ce70c1505492fcb20b48f0708b71ccde18d9e""}; stratified CV: n_splits=5, shuffle=True, seed=42",f6c75e35820cefdbfc067858e6a76c2f757af008f38575e9469fa1e06156f62b,VALIDATED_M5
M5_FEP_ML,data/processed/ml_datasets/FEP_ml.csv,derived_ml_dataset_or_cv,Locked M4 genomic features plus M3 binary labels,"[""data/processed/master/amr_feature_matrix.csv"", ""data/reports/amr_feature_dictionary.csv"", ""data/reports/ast_binary_summary.csv"", ""data/reports/ast_antibiotic_ranking.csv"", ""data/processed/per_antibiotic/FEP_labels.csv"", ""configs/project.yaml""]",,"scripts/05_build_ml_datasets.py; input_sha256={""configs/project.yaml"": ""5fe87a399424663367ffcf51b65c77f55f430159d5eec5417c387d93b1c091e6"", ""data/processed/master/amr_feature_matrix.csv"": ""96edf8695a689f668e251a5df41989950155542b3ff6063cbac13c0810bcac1b"", ""data/processed/per_antibiotic/FEP_labels.csv"": ""2b6ada234600471b9aac13ad5b10065a7477c2b2e68a2adf97c23b3d810217ea"", ""data/reports/amr_feature_dictionary.csv"": ""bfe98874015448dcd3d5739ced59f694f4a54eb36b1497d06980bc5412d56407"", ""data/reports/ast_antibiotic_ranking.csv"": ""4c7377222dc5314ff006e56ddc8d4cd5d407029c70b9cc34019b7198aabed614"", ""data/reports/ast_binary_summary.csv"": ""b2fc94624df5696859513cdaf60ce70c1505492fcb20b48f0708b71ccde18d9e""}; stratified CV: n_splits=5, shuffle=True, seed=42",ae718c4ebe2aa8da6be5bce9036ed5035cff52cd1636b42ac907f1e909afc6df,VALIDATED_M5
M5_FEP_FOLDS,data/processed/splits/FEP_folds.csv,derived_ml_dataset_or_cv,Locked M4 genomic features plus M3 binary labels,"[""data/processed/master/amr_feature_matrix.csv"", ""data/reports/amr_feature_dictionary.csv"", ""data/reports/ast_binary_summary.csv"", ""data/reports/ast_antibiotic_ranking.csv"", ""data/processed/per_antibiotic/FEP_labels.csv"", ""configs/project.yaml""]",,"scripts/05_build_ml_datasets.py; input_sha256={""configs/project.yaml"": ""5fe87a399424663367ffcf51b65c77f55f430159d5eec5417c387d93b1c091e6"", ""data/processed/master/amr_feature_matrix.csv"": ""96edf8695a689f668e251a5df41989950155542b3ff6063cbac13c0810bcac1b"", ""data/processed/per_antibiotic/FEP_labels.csv"": ""2b6ada234600471b9aac13ad5b10065a7477c2b2e68a2adf97c23b3d810217ea"", ""data/reports/amr_feature_dictionary.csv"": ""bfe98874015448dcd3d5739ced59f694f4a54eb36b1497d06980bc5412d56407"", ""data/reports/ast_antibiotic_ranking.csv"": ""4c7377222dc5314ff006e56ddc8d4cd5d407029c70b9cc34019b7198aabed614"", ""data/reports/ast_binary_summary.csv"": ""b2fc94624df5696859513cdaf60ce70c1505492fcb20b48f0708b71ccde18d9e""}; stratified CV: n_splits=5, shuffle=True, seed=42",03a9bc9849ca50aff53a957e32f68459194626cbd2d70de84f51cf9d02c4514f,VALIDATED_M5
M5_TET_ML,data/processed/ml_datasets/TET_ml.csv,derived_ml_dataset_or_cv,Locked M4 genomic features plus M3 binary labels,"[""data/processed/master/amr_feature_matrix.csv"", ""data/reports/amr_feature_dictionary.csv"", ""data/reports/ast_binary_summary.csv"", ""data/reports/ast_antibiotic_ranking.csv"", ""data/processed/per_antibiotic/TET_labels.csv"", ""configs/project.yaml""]",,"scripts/05_build_ml_datasets.py; input_sha256={""configs/project.yaml"": ""5fe87a399424663367ffcf51b65c77f55f430159d5eec5417c387d93b1c091e6"", ""data/processed/master/amr_feature_matrix.csv"": ""96edf8695a689f668e251a5df41989950155542b3ff6063cbac13c0810bcac1b"", ""data/processed/per_antibiotic/TET_labels.csv"": ""1ca5e323121c2c07e3ee787c0f2fe1670dac97debf015a01c44b09385367f58e"", ""data/reports/amr_feature_dictionary.csv"": ""bfe98874015448dcd3d5739ced59f694f4a54eb36b1497d06980bc5412d56407"", ""data/reports/ast_antibiotic_ranking.csv"": ""4c7377222dc5314ff006e56ddc8d4cd5d407029c70b9cc34019b7198aabed614"", ""data/reports/ast_binary_summary.csv"": ""b2fc94624df5696859513cdaf60ce70c1505492fcb20b48f0708b71ccde18d9e""}; stratified CV: n_splits=5, shuffle=True, seed=42",bda6e3aa69914ecc9193792d353f95b38c72126db9746321437760e46beac13e,VALIDATED_M5
M5_TET_FOLDS,data/processed/splits/TET_folds.csv,derived_ml_dataset_or_cv,Locked M4 genomic features plus M3 binary labels,"[""data/processed/master/amr_feature_matrix.csv"", ""data/reports/amr_feature_dictionary.csv"", ""data/reports/ast_binary_summary.csv"", ""data/reports/ast_antibiotic_ranking.csv"", ""data/processed/per_antibiotic/TET_labels.csv"", ""configs/project.yaml""]",,"scripts/05_build_ml_datasets.py; input_sha256={""configs/project.yaml"": ""5fe87a399424663367ffcf51b65c77f55f430159d5eec5417c387d93b1c091e6"", ""data/processed/master/amr_feature_matrix.csv"": ""96edf8695a689f668e251a5df41989950155542b3ff6063cbac13c0810bcac1b"", ""data/processed/per_antibiotic/TET_labels.csv"": ""1ca5e323121c2c07e3ee787c0f2fe1670dac97debf015a01c44b09385367f58e"", ""data/reports/amr_feature_dictionary.csv"": ""bfe98874015448dcd3d5739ced59f694f4a54eb36b1497d06980bc5412d56407"", ""data/reports/ast_antibiotic_ranking.csv"": ""4c7377222dc5314ff006e56ddc8d4cd5d407029c70b9cc34019b7198aabed614"", ""data/reports/ast_binary_summary.csv"": ""b2fc94624df5696859513cdaf60ce70c1505492fcb20b48f0708b71ccde18d9e""}; stratified CV: n_splits=5, shuffle=True, seed=42",fa44ca2a99ed409c13780dd8709f674d498a252cf200bf974343fca8c3eb3d0d,VALIDATED_M5
M5_CAZ_ML,data/processed/ml_datasets/CAZ_ml.csv,derived_ml_dataset_or_cv,Locked M4 genomic features plus M3 binary labels,"[""data/processed/master/amr_feature_matrix.csv"", ""data/reports/amr_feature_dictionary.csv"", ""data/reports/ast_binary_summary.csv"", ""data/reports/ast_antibiotic_ranking.csv"", ""data/processed/per_antibiotic/CAZ_labels.csv"", ""configs/project.yaml""]",,"scripts/05_build_ml_datasets.py; input_sha256={""configs/project.yaml"": ""5fe87a399424663367ffcf51b65c77f55f430159d5eec5417c387d93b1c091e6"", ""data/processed/master/amr_feature_matrix.csv"": ""96edf8695a689f668e251a5df41989950155542b3ff6063cbac13c0810bcac1b"", ""data/processed/per_antibiotic/CAZ_labels.csv"": ""8e80ec1bbe6a36abc73feefd7838d03b6dc2db36250ecf27b3134bf226627777"", ""data/reports/amr_feature_dictionary.csv"": ""bfe98874015448dcd3d5739ced59f694f4a54eb36b1497d06980bc5412d56407"", ""data/reports/ast_antibiotic_ranking.csv"": ""4c7377222dc5314ff006e56ddc8d4cd5d407029c70b9cc34019b7198aabed614"", ""data/reports/ast_binary_summary.csv"": ""b2fc94624df5696859513cdaf60ce70c1505492fcb20b48f0708b71ccde18d9e""}; stratified CV: n_splits=5, shuffle=True, seed=42",57e056c6935b3b5c8b49813a188adceba93b7d911f82bef60cfcf87dbe1d2be1,VALIDATED_M5
M5_CAZ_FOLDS,data/processed/splits/CAZ_folds.csv,derived_ml_dataset_or_cv,Locked M4 genomic features plus M3 binary labels,"[""data/processed/master/amr_feature_matrix.csv"", ""data/reports/amr_feature_dictionary.csv"", ""data/reports/ast_binary_summary.csv"", ""data/reports/ast_antibiotic_ranking.csv"", ""data/processed/per_antibiotic/CAZ_labels.csv"", ""configs/project.yaml""]",,"scripts/05_build_ml_datasets.py; input_sha256={""configs/project.yaml"": ""5fe87a399424663367ffcf51b65c77f55f430159d5eec5417c387d93b1c091e6"", ""data/processed/master/amr_feature_matrix.csv"": ""96edf8695a689f668e251a5df41989950155542b3ff6063cbac13c0810bcac1b"", ""data/processed/per_antibiotic/CAZ_labels.csv"": ""8e80ec1bbe6a36abc73feefd7838d03b6dc2db36250ecf27b3134bf226627777"", ""data/reports/amr_feature_dictionary.csv"": ""bfe98874015448dcd3d5739ced59f694f4a54eb36b1497d06980bc5412d56407"", ""data/reports/ast_antibiotic_ranking.csv"": ""4c7377222dc5314ff006e56ddc8d4cd5d407029c70b9cc34019b7198aabed614"", ""data/reports/ast_binary_summary.csv"": ""b2fc94624df5696859513cdaf60ce70c1505492fcb20b48f0708b71ccde18d9e""}; stratified CV: n_splits=5, shuffle=True, seed=42",2e47d736910cca38de50d089f40a506ab4fe5dda2435f886b82c1d75e170b3b9,VALIDATED_M5
M5_ATM_ML,data/processed/ml_datasets/ATM_ml.csv,derived_ml_dataset_or_cv,Locked M4 genomic features plus M3 binary labels,"[""data/processed/master/amr_feature_matrix.csv"", ""data/reports/amr_feature_dictionary.csv"", ""data/reports/ast_binary_summary.csv"", ""data/reports/ast_antibiotic_ranking.csv"", ""data/processed/per_antibiotic/ATM_labels.csv"", ""configs/project.yaml""]",,"scripts/05_build_ml_datasets.py; input_sha256={""configs/project.yaml"": ""5fe87a399424663367ffcf51b65c77f55f430159d5eec5417c387d93b1c091e6"", ""data/processed/master/amr_feature_matrix.csv"": ""96edf8695a689f668e251a5df41989950155542b3ff6063cbac13c0810bcac1b"", ""data/processed/per_antibiotic/ATM_labels.csv"": ""54439f3e615edda3f9ac6779b29409dd77384ee3caf448f3f9e071738526722d"", ""data/reports/amr_feature_dictionary.csv"": ""bfe98874015448dcd3d5739ced59f694f4a54eb36b1497d06980bc5412d56407"", ""data/reports/ast_antibiotic_ranking.csv"": ""4c7377222dc5314ff006e56ddc8d4cd5d407029c70b9cc34019b7198aabed614"", ""data/reports/ast_binary_summary.csv"": ""b2fc94624df5696859513cdaf60ce70c1505492fcb20b48f0708b71ccde18d9e""}; stratified CV: n_splits=5, shuffle=True, seed=42",665dbb74d384beed3f599a36dff7435bd986a57e80596e8d9c1afcff1e43a333,VALIDATED_M5
M5_ATM_FOLDS,data/processed/splits/ATM_folds.csv,derived_ml_dataset_or_cv,Locked M4 genomic features plus M3 binary labels,"[""data/processed/master/amr_feature_matrix.csv"", ""data/reports/amr_feature_dictionary.csv"", ""data/reports/ast_binary_summary.csv"", ""data/reports/ast_antibiotic_ranking.csv"", ""data/processed/per_antibiotic/ATM_labels.csv"", ""configs/project.yaml""]",,"scripts/05_build_ml_datasets.py; input_sha256={""configs/project.yaml"": ""5fe87a399424663367ffcf51b65c77f55f430159d5eec5417c387d93b1c091e6"", ""data/processed/master/amr_feature_matrix.csv"": ""96edf8695a689f668e251a5df41989950155542b3ff6063cbac13c0810bcac1b"", ""data/processed/per_antibiotic/ATM_labels.csv"": ""54439f3e615edda3f9ac6779b29409dd77384ee3caf448f3f9e071738526722d"", ""data/reports/amr_feature_dictionary.csv"": ""bfe98874015448dcd3d5739ced59f694f4a54eb36b1497d06980bc5412d56407"", ""data/reports/ast_antibiotic_ranking.csv"": ""4c7377222dc5314ff006e56ddc8d4cd5d407029c70b9cc34019b7198aabed614"", ""data/reports/ast_binary_summary.csv"": ""b2fc94624df5696859513cdaf60ce70c1505492fcb20b48f0708b71ccde18d9e""}; stratified CV: n_splits=5, shuffle=True, seed=42",4e8e0b4e2d721047d94df13fd4f77eef06ae027e1474cff9f1f98cbc504df697,VALIDATED_M5
M5_CIP_ML,data/processed/ml_datasets/CIP_ml.csv,derived_ml_dataset_or_cv,Locked M4 genomic features plus M3 binary labels,"[""data/processed/master/amr_feature_matrix.csv"", ""data/reports/amr_feature_dictionary.csv"", ""data/reports/ast_binary_summary.csv"", ""data/reports/ast_antibiotic_ranking.csv"", ""data/processed/per_antibiotic/CIP_labels.csv"", ""configs/project.yaml""]",,"scripts/05_build_ml_datasets.py; input_sha256={""configs/project.yaml"": ""5fe87a399424663367ffcf51b65c77f55f430159d5eec5417c387d93b1c091e6"", ""data/processed/master/amr_feature_matrix.csv"": ""96edf8695a689f668e251a5df41989950155542b3ff6063cbac13c0810bcac1b"", ""data/processed/per_antibiotic/CIP_labels.csv"": ""f98ca8ccda4319d28e013a2d9d9ee39c92bc0ecc2e35dd0f73497978ccc4a564"", ""data/reports/amr_feature_dictionary.csv"": ""bfe98874015448dcd3d5739ced59f694f4a54eb36b1497d06980bc5412d56407"", ""data/reports/ast_antibiotic_ranking.csv"": ""4c7377222dc5314ff006e56ddc8d4cd5d407029c70b9cc34019b7198aabed614"", ""data/reports/ast_binary_summary.csv"": ""b2fc94624df5696859513cdaf60ce70c1505492fcb20b48f0708b71ccde18d9e""}; stratified CV: n_splits=5, shuffle=True, seed=42",ccfe3a781067acf6a023909e7dcc42c2e70b2aec1cae95efb4f05cffde726b3a,VALIDATED_M5
M5_CIP_FOLDS,data/processed/splits/CIP_folds.csv,derived_ml_dataset_or_cv,Locked M4 genomic features plus M3 binary labels,"[""data/processed/master/amr_feature_matrix.csv"", ""data/reports/amr_feature_dictionary.csv"", ""data/reports/ast_binary_summary.csv"", ""data/reports/ast_antibiotic_ranking.csv"", ""data/processed/per_antibiotic/CIP_labels.csv"", ""configs/project.yaml""]",,"scripts/05_build_ml_datasets.py; input_sha256={""configs/project.yaml"": ""5fe87a399424663367ffcf51b65c77f55f430159d5eec5417c387d93b1c091e6"", ""data/processed/master/amr_feature_matrix.csv"": ""96edf8695a689f668e251a5df41989950155542b3ff6063cbac13c0810bcac1b"", ""data/processed/per_antibiotic/CIP_labels.csv"": ""f98ca8ccda4319d28e013a2d9d9ee39c92bc0ecc2e35dd0f73497978ccc4a564"", ""data/reports/amr_feature_dictionary.csv"": ""bfe98874015448dcd3d5739ced59f694f4a54eb36b1497d06980bc5412d56407"", ""data/reports/ast_antibiotic_ranking.csv"": ""4c7377222dc5314ff006e56ddc8d4cd5d407029c70b9cc34019b7198aabed614"", ""data/reports/ast_binary_summary.csv"": ""b2fc94624df5696859513cdaf60ce70c1505492fcb20b48f0708b71ccde18d9e""}; stratified CV: n_splits=5, shuffle=True, seed=42",1efc60a63539b8254c4f9c83bb10937315d1d4433fc660e0a906bb4afbd05fad,VALIDATED_M5
M5_SXT_ML,data/processed/ml_datasets/SXT_ml.csv,derived_ml_dataset_or_cv,Locked M4 genomic features plus M3 binary labels,"[""data/processed/master/amr_feature_matrix.csv"", ""data/reports/amr_feature_dictionary.csv"", ""data/reports/ast_binary_summary.csv"", ""data/reports/ast_antibiotic_ranking.csv"", ""data/processed/per_antibiotic/SXT_labels.csv"", ""configs/project.yaml""]",,"scripts/05_build_ml_datasets.py; input_sha256={""configs/project.yaml"": ""5fe87a399424663367ffcf51b65c77f55f430159d5eec5417c387d93b1c091e6"", ""data/processed/master/amr_feature_matrix.csv"": ""96edf8695a689f668e251a5df41989950155542b3ff6063cbac13c0810bcac1b"", ""data/processed/per_antibiotic/SXT_labels.csv"": ""e5fa33f779b280aefc28f7392a62b9a223bb5aa92d0ed38c728c5c36da8fb930"", ""data/reports/amr_feature_dictionary.csv"": ""bfe98874015448dcd3d5739ced59f694f4a54eb36b1497d06980bc5412d56407"", ""data/reports/ast_antibiotic_ranking.csv"": ""4c7377222dc5314ff006e56ddc8d4cd5d407029c70b9cc34019b7198aabed614"", ""data/reports/ast_binary_summary.csv"": ""b2fc94624df5696859513cdaf60ce70c1505492fcb20b48f0708b71ccde18d9e""}; stratified CV: n_splits=5, shuffle=True, seed=42",0fc9bd0c480a9ac8500f86cd47fdeb54a0403578690711184d5b079b97a16f44,VALIDATED_M5
M5_SXT_FOLDS,data/processed/splits/SXT_folds.csv,derived_ml_dataset_or_cv,Locked M4 genomic features plus M3 binary labels,"[""data/processed/master/amr_feature_matrix.csv"", ""data/reports/amr_feature_dictionary.csv"", ""data/reports/ast_binary_summary.csv"", ""data/reports/ast_antibiotic_ranking.csv"", ""data/processed/per_antibiotic/SXT_labels.csv"", ""configs/project.yaml""]",,"scripts/05_build_ml_datasets.py; input_sha256={""configs/project.yaml"": ""5fe87a399424663367ffcf51b65c77f55f430159d5eec5417c387d93b1c091e6"", ""data/processed/master/amr_feature_matrix.csv"": ""96edf8695a689f668e251a5df41989950155542b3ff6063cbac13c0810bcac1b"", ""data/processed/per_antibiotic/SXT_labels.csv"": ""e5fa33f779b280aefc28f7392a62b9a223bb5aa92d0ed38c728c5c36da8fb930"", ""data/reports/amr_feature_dictionary.csv"": ""bfe98874015448dcd3d5739ced59f694f4a54eb36b1497d06980bc5412d56407"", ""data/reports/ast_antibiotic_ranking.csv"": ""4c7377222dc5314ff006e56ddc8d4cd5d407029c70b9cc34019b7198aabed614"", ""data/reports/ast_binary_summary.csv"": ""b2fc94624df5696859513cdaf60ce70c1505492fcb20b48f0708b71ccde18d9e""}; stratified CV: n_splits=5, shuffle=True, seed=42",80583301cc4e6bc5fccda6370c4267dceb2e3b19c0487f682d1e89c10da916fe,VALIDATED_M5
M5_GEN_ML,data/processed/ml_datasets/GEN_ml.csv,derived_ml_dataset_or_cv,Locked M4 genomic features plus M3 binary labels,"[""data/processed/master/amr_feature_matrix.csv"", ""data/reports/amr_feature_dictionary.csv"", ""data/reports/ast_binary_summary.csv"", ""data/reports/ast_antibiotic_ranking.csv"", ""data/processed/per_antibiotic/GEN_labels.csv"", ""configs/project.yaml""]",,"scripts/05_build_ml_datasets.py; input_sha256={""configs/project.yaml"": ""5fe87a399424663367ffcf51b65c77f55f430159d5eec5417c387d93b1c091e6"", ""data/processed/master/amr_feature_matrix.csv"": ""96edf8695a689f668e251a5df41989950155542b3ff6063cbac13c0810bcac1b"", ""data/processed/per_antibiotic/GEN_labels.csv"": ""16053dedfd9612dc66aaf23517c260ac61744a0f0091277338a03b8d7959dd5f"", ""data/reports/amr_feature_dictionary.csv"": ""bfe98874015448dcd3d5739ced59f694f4a54eb36b1497d06980bc5412d56407"", ""data/reports/ast_antibiotic_ranking.csv"": ""4c7377222dc5314ff006e56ddc8d4cd5d407029c70b9cc34019b7198aabed614"", ""data/reports/ast_binary_summary.csv"": ""b2fc94624df5696859513cdaf60ce70c1505492fcb20b48f0708b71ccde18d9e""}; stratified CV: n_splits=5, shuffle=True, seed=42",85e372a7faf2c6fa0a9920026a96fc13d5d00a2dd7c4608a5d2bf806cf2a6fa8,VALIDATED_M5
M5_GEN_FOLDS,data/processed/splits/GEN_folds.csv,derived_ml_dataset_or_cv,Locked M4 genomic features plus M3 binary labels,"[""data/processed/master/amr_feature_matrix.csv"", ""data/reports/amr_feature_dictionary.csv"", ""data/reports/ast_binary_summary.csv"", ""data/reports/ast_antibiotic_ranking.csv"", ""data/processed/per_antibiotic/GEN_labels.csv"", ""configs/project.yaml""]",,"scripts/05_build_ml_datasets.py; input_sha256={""configs/project.yaml"": ""5fe87a399424663367ffcf51b65c77f55f430159d5eec5417c387d93b1c091e6"", ""data/processed/master/amr_feature_matrix.csv"": ""96edf8695a689f668e251a5df41989950155542b3ff6063cbac13c0810bcac1b"", ""data/processed/per_antibiotic/GEN_labels.csv"": ""16053dedfd9612dc66aaf23517c260ac61744a0f0091277338a03b8d7959dd5f"", ""data/reports/amr_feature_dictionary.csv"": ""bfe98874015448dcd3d5739ced59f694f4a54eb36b1497d06980bc5412d56407"", ""data/reports/ast_antibiotic_ranking.csv"": ""4c7377222dc5314ff006e56ddc8d4cd5d407029c70b9cc34019b7198aabed614"", ""data/reports/ast_binary_summary.csv"": ""b2fc94624df5696859513cdaf60ce70c1505492fcb20b48f0708b71ccde18d9e""}; stratified CV: n_splits=5, shuffle=True, seed=42",79c9a02187c9c7e33ffbde1560ab3e018d346f4d3ea3dea99d58219a1d836bde,VALIDATED_M5
M5_CT_ML,data/processed/ml_datasets/CT_ml.csv,derived_ml_dataset_or_cv,Locked M4 genomic features plus M3 binary labels,"[""data/processed/master/amr_feature_matrix.csv"", ""data/reports/amr_feature_dictionary.csv"", ""data/reports/ast_binary_summary.csv"", ""data/reports/ast_antibiotic_ranking.csv"", ""data/processed/per_antibiotic/CT_labels.csv"", ""configs/project.yaml""]",,"scripts/05_build_ml_datasets.py; input_sha256={""configs/project.yaml"": ""5fe87a399424663367ffcf51b65c77f55f430159d5eec5417c387d93b1c091e6"", ""data/processed/master/amr_feature_matrix.csv"": ""96edf8695a689f668e251a5df41989950155542b3ff6063cbac13c0810bcac1b"", ""data/processed/per_antibiotic/CT_labels.csv"": ""111cf490f039dea9db682b3caee2124883dd7a8b60e90cf05895693ef5c3b28e"", ""data/reports/amr_feature_dictionary.csv"": ""bfe98874015448dcd3d5739ced59f694f4a54eb36b1497d06980bc5412d56407"", ""data/reports/ast_antibiotic_ranking.csv"": ""4c7377222dc5314ff006e56ddc8d4cd5d407029c70b9cc34019b7198aabed614"", ""data/reports/ast_binary_summary.csv"": ""b2fc94624df5696859513cdaf60ce70c1505492fcb20b48f0708b71ccde18d9e""}; stratified CV: n_splits=5, shuffle=True, seed=42",c3ceb853d19fb6937ddd5991f0c20d0a235e86d49262d8769e427249e523865d,VALIDATED_M5
M5_CT_FOLDS,data/processed/splits/CT_folds.csv,derived_ml_dataset_or_cv,Locked M4 genomic features plus M3 binary labels,"[""data/processed/master/amr_feature_matrix.csv"", ""data/reports/amr_feature_dictionary.csv"", ""data/reports/ast_binary_summary.csv"", ""data/reports/ast_antibiotic_ranking.csv"", ""data/processed/per_antibiotic/CT_labels.csv"", ""configs/project.yaml""]",,"scripts/05_build_ml_datasets.py; input_sha256={""configs/project.yaml"": ""5fe87a399424663367ffcf51b65c77f55f430159d5eec5417c387d93b1c091e6"", ""data/processed/master/amr_feature_matrix.csv"": ""96edf8695a689f668e251a5df41989950155542b3ff6063cbac13c0810bcac1b"", ""data/processed/per_antibiotic/CT_labels.csv"": ""111cf490f039dea9db682b3caee2124883dd7a8b60e90cf05895693ef5c3b28e"", ""data/reports/amr_feature_dictionary.csv"": ""bfe98874015448dcd3d5739ced59f694f4a54eb36b1497d06980bc5412d56407"", ""data/reports/ast_antibiotic_ranking.csv"": ""4c7377222dc5314ff006e56ddc8d4cd5d407029c70b9cc34019b7198aabed614"", ""data/reports/ast_binary_summary.csv"": ""b2fc94624df5696859513cdaf60ce70c1505492fcb20b48f0708b71ccde18d9e""}; stratified CV: n_splits=5, shuffle=True, seed=42",5eb63c9a0801fe805d1ad1f08188dd5e22d6527c861669eea844fb679e26034a,VALIDATED_M5
M5_TZP_ML,data/processed/ml_datasets/TZP_ml.csv,derived_ml_dataset_or_cv,Locked M4 genomic features plus M3 binary labels,"[""data/processed/master/amr_feature_matrix.csv"", ""data/reports/amr_feature_dictionary.csv"", ""data/reports/ast_binary_summary.csv"", ""data/reports/ast_antibiotic_ranking.csv"", ""data/processed/per_antibiotic/TZP_labels.csv"", ""configs/project.yaml""]",,"scripts/05_build_ml_datasets.py; input_sha256={""configs/project.yaml"": ""5fe87a399424663367ffcf51b65c77f55f430159d5eec5417c387d93b1c091e6"", ""data/processed/master/amr_feature_matrix.csv"": ""96edf8695a689f668e251a5df41989950155542b3ff6063cbac13c0810bcac1b"", ""data/processed/per_antibiotic/TZP_labels.csv"": ""5ddd4a6a50e9db92c2ff6002adc17397a19a0980585bff113b1e4a262acfab99"", ""data/reports/amr_feature_dictionary.csv"": ""bfe98874015448dcd3d5739ced59f694f4a54eb36b1497d06980bc5412d56407"", ""data/reports/ast_antibiotic_ranking.csv"": ""4c7377222dc5314ff006e56ddc8d4cd5d407029c70b9cc34019b7198aabed614"", ""data/reports/ast_binary_summary.csv"": ""b2fc94624df5696859513cdaf60ce70c1505492fcb20b48f0708b71ccde18d9e""}; stratified CV: n_splits=5, shuffle=True, seed=42",5b6a3dd7d425fa53c50807889ca76c4920006a0f9deddcb3adf2b7c9a56388cd,VALIDATED_M5
M5_TZP_FOLDS,data/processed/splits/TZP_folds.csv,derived_ml_dataset_or_cv,Locked M4 genomic features plus M3 binary labels,"[""data/processed/master/amr_feature_matrix.csv"", ""data/reports/amr_feature_dictionary.csv"", ""data/reports/ast_binary_summary.csv"", ""data/reports/ast_antibiotic_ranking.csv"", ""data/processed/per_antibiotic/TZP_labels.csv"", ""configs/project.yaml""]",,"scripts/05_build_ml_datasets.py; input_sha256={""configs/project.yaml"": ""5fe87a399424663367ffcf51b65c77f55f430159d5eec5417c387d93b1c091e6"", ""data/processed/master/amr_feature_matrix.csv"": ""96edf8695a689f668e251a5df41989950155542b3ff6063cbac13c0810bcac1b"", ""data/processed/per_antibiotic/TZP_labels.csv"": ""5ddd4a6a50e9db92c2ff6002adc17397a19a0980585bff113b1e4a262acfab99"", ""data/reports/amr_feature_dictionary.csv"": ""bfe98874015448dcd3d5739ced59f694f4a54eb36b1497d06980bc5412d56407"", ""data/reports/ast_antibiotic_ranking.csv"": ""4c7377222dc5314ff006e56ddc8d4cd5d407029c70b9cc34019b7198aabed614"", ""data/reports/ast_binary_summary.csv"": ""b2fc94624df5696859513cdaf60ce70c1505492fcb20b48f0708b71ccde18d9e""}; stratified CV: n_splits=5, shuffle=True, seed=42",62fc87a43d42530467ffb4c6bf1984c9493442594bff2b5ae361c9abde3ff8d0,VALIDATED_M5
M5_CRO_ML,data/processed/ml_datasets/CRO_ml.csv,derived_ml_dataset_or_cv,Locked M4 genomic features plus M3 binary labels,"[""data/processed/master/amr_feature_matrix.csv"", ""data/reports/amr_feature_dictionary.csv"", ""data/reports/ast_binary_summary.csv"", ""data/reports/ast_antibiotic_ranking.csv"", ""data/processed/per_antibiotic/CRO_labels.csv"", ""configs/project.yaml""]",,"scripts/05_build_ml_datasets.py; input_sha256={""configs/project.yaml"": ""5fe87a399424663367ffcf51b65c77f55f430159d5eec5417c387d93b1c091e6"", ""data/processed/master/amr_feature_matrix.csv"": ""96edf8695a689f668e251a5df41989950155542b3ff6063cbac13c0810bcac1b"", ""data/processed/per_antibiotic/CRO_labels.csv"": ""79172e44730ee9f3e791f01b8f36331fe7413ec241e79be2d3cb09af07a06554"", ""data/reports/amr_feature_dictionary.csv"": ""bfe98874015448dcd3d5739ced59f694f4a54eb36b1497d06980bc5412d56407"", ""data/reports/ast_antibiotic_ranking.csv"": ""4c7377222dc5314ff006e56ddc8d4cd5d407029c70b9cc34019b7198aabed614"", ""data/reports/ast_binary_summary.csv"": ""b2fc94624df5696859513cdaf60ce70c1505492fcb20b48f0708b71ccde18d9e""}; stratified CV: n_splits=5, shuffle=True, seed=42",51d7d9b3ca878270202f38191889d77917881e16c89c0d35095c0b847eb77bbe,VALIDATED_M5
M5_CRO_FOLDS,data/processed/splits/CRO_folds.csv,derived_ml_dataset_or_cv,Locked M4 genomic features plus M3 binary labels,"[""data/processed/master/amr_feature_matrix.csv"", ""data/reports/amr_feature_dictionary.csv"", ""data/reports/ast_binary_summary.csv"", ""data/reports/ast_antibiotic_ranking.csv"", ""data/processed/per_antibiotic/CRO_labels.csv"", ""configs/project.yaml""]",,"scripts/05_build_ml_datasets.py; input_sha256={""configs/project.yaml"": ""5fe87a399424663367ffcf51b65c77f55f430159d5eec5417c387d93b1c091e6"", ""data/processed/master/amr_feature_matrix.csv"": ""96edf8695a689f668e251a5df41989950155542b3ff6063cbac13c0810bcac1b"", ""data/processed/per_antibiotic/CRO_labels.csv"": ""79172e44730ee9f3e791f01b8f36331fe7413ec241e79be2d3cb09af07a06554"", ""data/reports/amr_feature_dictionary.csv"": ""bfe98874015448dcd3d5739ced59f694f4a54eb36b1497d06980bc5412d56407"", ""data/reports/ast_antibiotic_ranking.csv"": ""4c7377222dc5314ff006e56ddc8d4cd5d407029c70b9cc34019b7198aabed614"", ""data/reports/ast_binary_summary.csv"": ""b2fc94624df5696859513cdaf60ce70c1505492fcb20b48f0708b71ccde18d9e""}; stratified CV: n_splits=5, shuffle=True, seed=42",cf6aa8763ca214e0195b651a4ea5074850df1e1a9233f1fa74945ecad001f1bc,VALIDATED_M5
M5_LVX_ML,data/processed/ml_datasets/LVX_ml.csv,derived_ml_dataset_or_cv,Locked M4 genomic features plus M3 binary labels,"[""data/processed/master/amr_feature_matrix.csv"", ""data/reports/amr_feature_dictionary.csv"", ""data/reports/ast_binary_summary.csv"", ""data/reports/ast_antibiotic_ranking.csv"", ""data/processed/per_antibiotic/LVX_labels.csv"", ""configs/project.yaml""]",,"scripts/05_build_ml_datasets.py; input_sha256={""configs/project.yaml"": ""5fe87a399424663367ffcf51b65c77f55f430159d5eec5417c387d93b1c091e6"", ""data/processed/master/amr_feature_matrix.csv"": ""96edf8695a689f668e251a5df41989950155542b3ff6063cbac13c0810bcac1b"", ""data/processed/per_antibiotic/LVX_labels.csv"": ""34c889e799b3c97d61a9703a032331869ebd4a84bf5488f663b1cf4d1c004b65"", ""data/reports/amr_feature_dictionary.csv"": ""bfe98874015448dcd3d5739ced59f694f4a54eb36b1497d06980bc5412d56407"", ""data/reports/ast_antibiotic_ranking.csv"": ""4c7377222dc5314ff006e56ddc8d4cd5d407029c70b9cc34019b7198aabed614"", ""data/reports/ast_binary_summary.csv"": ""b2fc94624df5696859513cdaf60ce70c1505492fcb20b48f0708b71ccde18d9e""}; stratified CV: n_splits=5, shuffle=True, seed=42",39f3e1b0adaac899056e2fb88d67da3040e8ec39b3c7c9a064347a67d63a08b5,VALIDATED_M5
M5_LVX_FOLDS,data/processed/splits/LVX_folds.csv,derived_ml_dataset_or_cv,Locked M4 genomic features plus M3 binary labels,"[""data/processed/master/amr_feature_matrix.csv"", ""data/reports/amr_feature_dictionary.csv"", ""data/reports/ast_binary_summary.csv"", ""data/reports/ast_antibiotic_ranking.csv"", ""data/processed/per_antibiotic/LVX_labels.csv"", ""configs/project.yaml""]",,"scripts/05_build_ml_datasets.py; input_sha256={""configs/project.yaml"": ""5fe87a399424663367ffcf51b65c77f55f430159d5eec5417c387d93b1c091e6"", ""data/processed/master/amr_feature_matrix.csv"": ""96edf8695a689f668e251a5df41989950155542b3ff6063cbac13c0810bcac1b"", ""data/processed/per_antibiotic/LVX_labels.csv"": ""34c889e799b3c97d61a9703a032331869ebd4a84bf5488f663b1cf4d1c004b65"", ""data/reports/amr_feature_dictionary.csv"": ""bfe98874015448dcd3d5739ced59f694f4a54eb36b1497d06980bc5412d56407"", ""data/reports/ast_antibiotic_ranking.csv"": ""4c7377222dc5314ff006e56ddc8d4cd5d407029c70b9cc34019b7198aabed614"", ""data/reports/ast_binary_summary.csv"": ""b2fc94624df5696859513cdaf60ce70c1505492fcb20b48f0708b71ccde18d9e""}; stratified CV: n_splits=5, shuffle=True, seed=42",91ae9dc1843991224b43b8e185e550e4f081d238c2b9cb0dea34d05fb5346d87,VALIDATED_M5
M5_SAM_ML,data/processed/ml_datasets/SAM_ml.csv,derived_ml_dataset_or_cv,Locked M4 genomic features plus M3 binary labels,"[""data/processed/master/amr_feature_matrix.csv"", ""data/reports/amr_feature_dictionary.csv"", ""data/reports/ast_binary_summary.csv"", ""data/reports/ast_antibiotic_ranking.csv"", ""data/processed/per_antibiotic/SAM_labels.csv"", ""configs/project.yaml""]",,"scripts/05_build_ml_datasets.py; input_sha256={""configs/project.yaml"": ""5fe87a399424663367ffcf51b65c77f55f430159d5eec5417c387d93b1c091e6"", ""data/processed/master/amr_feature_matrix.csv"": ""96edf8695a689f668e251a5df41989950155542b3ff6063cbac13c0810bcac1b"", ""data/processed/per_antibiotic/SAM_labels.csv"": ""4b7a2ec5efac9fcc3a11e46600f200597b4b39cb04e3879b8145afde0d7d6493"", ""data/reports/amr_feature_dictionary.csv"": ""bfe98874015448dcd3d5739ced59f694f4a54eb36b1497d06980bc5412d56407"", ""data/reports/ast_antibiotic_ranking.csv"": ""4c7377222dc5314ff006e56ddc8d4cd5d407029c70b9cc34019b7198aabed614"", ""data/reports/ast_binary_summary.csv"": ""b2fc94624df5696859513cdaf60ce70c1505492fcb20b48f0708b71ccde18d9e""}; stratified CV: n_splits=5, shuffle=True, seed=42",0edf932def0a6ffb14736e3ec8047bf41b4d3ac30ceab0e16d23afff84add0a0,VALIDATED_M5
M5_SAM_FOLDS,data/processed/splits/SAM_folds.csv,derived_ml_dataset_or_cv,Locked M4 genomic features plus M3 binary labels,"[""data/processed/master/amr_feature_matrix.csv"", ""data/reports/amr_feature_dictionary.csv"", ""data/reports/ast_binary_summary.csv"", ""data/reports/ast_antibiotic_ranking.csv"", ""data/processed/per_antibiotic/SAM_labels.csv"", ""configs/project.yaml""]",,"scripts/05_build_ml_datasets.py; input_sha256={""configs/project.yaml"": ""5fe87a399424663367ffcf51b65c77f55f430159d5eec5417c387d93b1c091e6"", ""data/processed/master/amr_feature_matrix.csv"": ""96edf8695a689f668e251a5df41989950155542b3ff6063cbac13c0810bcac1b"", ""data/processed/per_antibiotic/SAM_labels.csv"": ""4b7a2ec5efac9fcc3a11e46600f200597b4b39cb04e3879b8145afde0d7d6493"", ""data/reports/amr_feature_dictionary.csv"": ""bfe98874015448dcd3d5739ced59f694f4a54eb36b1497d06980bc5412d56407"", ""data/reports/ast_antibiotic_ranking.csv"": ""4c7377222dc5314ff006e56ddc8d4cd5d407029c70b9cc34019b7198aabed614"", ""data/reports/ast_binary_summary.csv"": ""b2fc94624df5696859513cdaf60ce70c1505492fcb20b48f0708b71ccde18d9e""}; stratified CV: n_splits=5, shuffle=True, seed=42",f7caee687d9332b71bcd6798cd4c70460a53e704b5fafa075fe09441cab23765,VALIDATED_M5
M5_ETP_ML,data/processed/ml_datasets/ETP_ml.csv,derived_ml_dataset_or_cv,Locked M4 genomic features plus M3 binary labels,"[""data/processed/master/amr_feature_matrix.csv"", ""data/reports/amr_feature_dictionary.csv"", ""data/reports/ast_binary_summary.csv"", ""data/reports/ast_antibiotic_ranking.csv"", ""data/processed/per_antibiotic/ETP_labels.csv"", ""configs/project.yaml""]",,"scripts/05_build_ml_datasets.py; input_sha256={""configs/project.yaml"": ""5fe87a399424663367ffcf51b65c77f55f430159d5eec5417c387d93b1c091e6"", ""data/processed/master/amr_feature_matrix.csv"": ""96edf8695a689f668e251a5df41989950155542b3ff6063cbac13c0810bcac1b"", ""data/processed/per_antibiotic/ETP_labels.csv"": ""c045d05105fa2d7bab9e36bae59414b25cb14a033279339127a78f1a3833326b"", ""data/reports/amr_feature_dictionary.csv"": ""bfe98874015448dcd3d5739ced59f694f4a54eb36b1497d06980bc5412d56407"", ""data/reports/ast_antibiotic_ranking.csv"": ""4c7377222dc5314ff006e56ddc8d4cd5d407029c70b9cc34019b7198aabed614"", ""data/reports/ast_binary_summary.csv"": ""b2fc94624df5696859513cdaf60ce70c1505492fcb20b48f0708b71ccde18d9e""}; stratified CV: n_splits=5, shuffle=True, seed=42",6004c7e5fff67d73c8acd5c830e896c582ca9f9ab1a1d5a5090d823f0533cf0c,VALIDATED_M5
M5_ETP_FOLDS,data/processed/splits/ETP_folds.csv,derived_ml_dataset_or_cv,Locked M4 genomic features plus M3 binary labels,"[""data/processed/master/amr_feature_matrix.csv"", ""data/reports/amr_feature_dictionary.csv"", ""data/reports/ast_binary_summary.csv"", ""data/reports/ast_antibiotic_ranking.csv"", ""data/processed/per_antibiotic/ETP_labels.csv"", ""configs/project.yaml""]",,"scripts/05_build_ml_datasets.py; input_sha256={""configs/project.yaml"": ""5fe87a399424663367ffcf51b65c77f55f430159d5eec5417c387d93b1c091e6"", ""data/processed/master/amr_feature_matrix.csv"": ""96edf8695a689f668e251a5df41989950155542b3ff6063cbac13c0810bcac1b"", ""data/processed/per_antibiotic/ETP_labels.csv"": ""c045d05105fa2d7bab9e36bae59414b25cb14a033279339127a78f1a3833326b"", ""data/reports/amr_feature_dictionary.csv"": ""bfe98874015448dcd3d5739ced59f694f4a54eb36b1497d06980bc5412d56407"", ""data/reports/ast_antibiotic_ranking.csv"": ""4c7377222dc5314ff006e56ddc8d4cd5d407029c70b9cc34019b7198aabed614"", ""data/reports/ast_binary_summary.csv"": ""b2fc94624df5696859513cdaf60ce70c1505492fcb20b48f0708b71ccde18d9e""}; stratified CV: n_splits=5, shuffle=True, seed=42",8aa1da03e734acf06fafa5568d577ddb9b5af8fcc07150e864db8bd9f2b8ae01,VALIDATED_M5
M5_MEM_ML,data/processed/ml_datasets/MEM_ml.csv,derived_ml_dataset_or_cv,Locked M4 genomic features plus M3 binary labels,"[""data/processed/master/amr_feature_matrix.csv"", ""data/reports/amr_feature_dictionary.csv"", ""data/reports/ast_binary_summary.csv"", ""data/reports/ast_antibiotic_ranking.csv"", ""data/processed/per_antibiotic/MEM_labels.csv"", ""configs/project.yaml""]",,"scripts/05_build_ml_datasets.py; input_sha256={""configs/project.yaml"": ""5fe87a399424663367ffcf51b65c77f55f430159d5eec5417c387d93b1c091e6"", ""data/processed/master/amr_feature_matrix.csv"": ""96edf8695a689f668e251a5df41989950155542b3ff6063cbac13c0810bcac1b"", ""data/processed/per_antibiotic/MEM_labels.csv"": ""b6c768ca32c94fe8333a0275b0697e7c714a245c6d4ec9a8e14fe1535c02cdf5"", ""data/reports/amr_feature_dictionary.csv"": ""bfe98874015448dcd3d5739ced59f694f4a54eb36b1497d06980bc5412d56407"", ""data/reports/ast_antibiotic_ranking.csv"": ""4c7377222dc5314ff006e56ddc8d4cd5d407029c70b9cc34019b7198aabed614"", ""data/reports/ast_binary_summary.csv"": ""b2fc94624df5696859513cdaf60ce70c1505492fcb20b48f0708b71ccde18d9e""}; stratified CV: n_splits=5, shuffle=True, seed=42",dce8131d941f99cb9dd56fc2f82d9b246d1c3cd467b8c9aed0183df4d40bcc6e,VALIDATED_M5
M5_MEM_FOLDS,data/processed/splits/MEM_folds.csv,derived_ml_dataset_or_cv,Locked M4 genomic features plus M3 binary labels,"[""data/processed/master/amr_feature_matrix.csv"", ""data/reports/amr_feature_dictionary.csv"", ""data/reports/ast_binary_summary.csv"", ""data/reports/ast_antibiotic_ranking.csv"", ""data/processed/per_antibiotic/MEM_labels.csv"", ""configs/project.yaml""]",,"scripts/05_build_ml_datasets.py; input_sha256={""configs/project.yaml"": ""5fe87a399424663367ffcf51b65c77f55f430159d5eec5417c387d93b1c091e6"", ""data/processed/master/amr_feature_matrix.csv"": ""96edf8695a689f668e251a5df41989950155542b3ff6063cbac13c0810bcac1b"", ""data/processed/per_antibiotic/MEM_labels.csv"": ""b6c768ca32c94fe8333a0275b0697e7c714a245c6d4ec9a8e14fe1535c02cdf5"", ""data/reports/amr_feature_dictionary.csv"": ""bfe98874015448dcd3d5739ced59f694f4a54eb36b1497d06980bc5412d56407"", ""data/reports/ast_antibiotic_ranking.csv"": ""4c7377222dc5314ff006e56ddc8d4cd5d407029c70b9cc34019b7198aabed614"", ""data/reports/ast_binary_summary.csv"": ""b2fc94624df5696859513cdaf60ce70c1505492fcb20b48f0708b71ccde18d9e""}; stratified CV: n_splits=5, shuffle=True, seed=42",6badb7ed31722c969efa60cdc27e2f5724f04be0865a77e7e184dc88b0aa390d,VALIDATED_M5
M5_IPM_ML,data/processed/ml_datasets/IPM_ml.csv,derived_ml_dataset_or_cv,Locked M4 genomic features plus M3 binary labels,"[""data/processed/master/amr_feature_matrix.csv"", ""data/reports/amr_feature_dictionary.csv"", ""data/reports/ast_binary_summary.csv"", ""data/reports/ast_antibiotic_ranking.csv"", ""data/processed/per_antibiotic/IPM_labels.csv"", ""configs/project.yaml""]",,"scripts/05_build_ml_datasets.py; input_sha256={""configs/project.yaml"": ""5fe87a399424663367ffcf51b65c77f55f430159d5eec5417c387d93b1c091e6"", ""data/processed/master/amr_feature_matrix.csv"": ""96edf8695a689f668e251a5df41989950155542b3ff6063cbac13c0810bcac1b"", ""data/processed/per_antibiotic/IPM_labels.csv"": ""a7c07f763f9f0b6fb100c69deb62d9b876a4add52886971ef3faa3b93929d19e"", ""data/reports/amr_feature_dictionary.csv"": ""bfe98874015448dcd3d5739ced59f694f4a54eb36b1497d06980bc5412d56407"", ""data/reports/ast_antibiotic_ranking.csv"": ""4c7377222dc5314ff006e56ddc8d4cd5d407029c70b9cc34019b7198aabed614"", ""data/reports/ast_binary_summary.csv"": ""b2fc94624df5696859513cdaf60ce70c1505492fcb20b48f0708b71ccde18d9e""}; stratified CV: n_splits=5, shuffle=True, seed=42",ae3b0b823d61444cf2bff388c45eefce29741be14d475167eed5d12e11c033ff,VALIDATED_M5
M5_IPM_FOLDS,data/processed/splits/IPM_folds.csv,derived_ml_dataset_or_cv,Locked M4 genomic features plus M3 binary labels,"[""data/processed/master/amr_feature_matrix.csv"", ""data/reports/amr_feature_dictionary.csv"", ""data/reports/ast_binary_summary.csv"", ""data/reports/ast_antibiotic_ranking.csv"", ""data/processed/per_antibiotic/IPM_labels.csv"", ""configs/project.yaml""]",,"scripts/05_build_ml_datasets.py; input_sha256={""configs/project.yaml"": ""5fe87a399424663367ffcf51b65c77f55f430159d5eec5417c387d93b1c091e6"", ""data/processed/master/amr_feature_matrix.csv"": ""96edf8695a689f668e251a5df41989950155542b3ff6063cbac13c0810bcac1b"", ""data/processed/per_antibiotic/IPM_labels.csv"": ""a7c07f763f9f0b6fb100c69deb62d9b876a4add52886971ef3faa3b93929d19e"", ""data/reports/amr_feature_dictionary.csv"": ""bfe98874015448dcd3d5739ced59f694f4a54eb36b1497d06980bc5412d56407"", ""data/reports/ast_antibiotic_ranking.csv"": ""4c7377222dc5314ff006e56ddc8d4cd5d407029c70b9cc34019b7198aabed614"", ""data/reports/ast_binary_summary.csv"": ""b2fc94624df5696859513cdaf60ce70c1505492fcb20b48f0708b71ccde18d9e""}; stratified CV: n_splits=5, shuffle=True, seed=42",ed9dfe6c62fd1ca9dc9810573dbcbd9933a9f617f88c3a122cc755db97cde339,VALIDATED_M5
M5_ML_DATASET_SUMMARY,data/reports/ml_dataset_summary.csv,derived_ml_dataset_or_cv,Locked M4 genomic features plus M3 binary labels,"[""data/processed/master/amr_feature_matrix.csv"", ""data/reports/amr_feature_dictionary.csv"", ""data/reports/ast_binary_summary.csv"", ""data/reports/ast_antibiotic_ranking.csv"", ""data/processed/per_antibiotic/TOB_labels.csv"", ""data/processed/per_antibiotic/FEP_labels.csv"", ""data/processed/per_antibiotic/TET_labels.csv"", ""data/processed/per_antibiotic/CAZ_labels.csv"", ""data/processed/per_antibiotic/ATM_labels.csv"", ""data/processed/per_antibiotic/CIP_labels.csv"", ""data/processed/per_antibiotic/SXT_labels.csv"", ""data/processed/per_antibiotic/GEN_labels.csv"", ""data/processed/per_antibiotic/CT_labels.csv"", ""data/processed/per_antibiotic/TZP_labels.csv"", ""data/processed/per_antibiotic/CRO_labels.csv"", ""data/processed/per_antibiotic/LVX_labels.csv"", ""data/processed/per_antibiotic/SAM_labels.csv"", ""data/processed/per_antibiotic/ETP_labels.csv"", ""data/processed/per_antibiotic/MEM_labels.csv"", ""data/processed/per_antibiotic/IPM_labels.csv"", ""configs/project.yaml""]",,"scripts/05_build_ml_datasets.py; input_sha256={""configs/project.yaml"": ""5fe87a399424663367ffcf51b65c77f55f430159d5eec5417c387d93b1c091e6"", ""data/processed/master/amr_feature_matrix.csv"": ""96edf8695a689f668e251a5df41989950155542b3ff6063cbac13c0810bcac1b"", ""data/processed/per_antibiotic/ATM_labels.csv"": ""54439f3e615edda3f9ac6779b29409dd77384ee3caf448f3f9e071738526722d"", ""data/processed/per_antibiotic/CAZ_labels.csv"": ""8e80ec1bbe6a36abc73feefd7838d03b6dc2db36250ecf27b3134bf226627777"", ""data/processed/per_antibiotic/CIP_labels.csv"": ""f98ca8ccda4319d28e013a2d9d9ee39c92bc0ecc2e35dd0f73497978ccc4a564"", ""data/processed/per_antibiotic/CRO_labels.csv"": ""79172e44730ee9f3e791f01b8f36331fe7413ec241e79be2d3cb09af07a06554"", ""data/processed/per_antibiotic/CT_labels.csv"": ""111cf490f039dea9db682b3caee2124883dd7a8b60e90cf05895693ef5c3b28e"", ""data/processed/per_antibiotic/ETP_labels.csv"": ""c045d05105fa2d7bab9e36bae59414b25cb14a033279339127a78f1a3833326b"", ""data/processed/per_antibiotic/FEP_labels.csv"": ""2b6ada234600471b9aac13ad5b10065a7477c2b2e68a2adf97c23b3d810217ea"", ""data/processed/per_antibiotic/GEN_labels.csv"": ""16053dedfd9612dc66aaf23517c260ac61744a0f0091277338a03b8d7959dd5f"", ""data/processed/per_antibiotic/IPM_labels.csv"": ""a7c07f763f9f0b6fb100c69deb62d9b876a4add52886971ef3faa3b93929d19e"", ""data/processed/per_antibiotic/LVX_labels.csv"": ""34c889e799b3c97d61a9703a032331869ebd4a84bf5488f663b1cf4d1c004b65"", ""data/processed/per_antibiotic/MEM_labels.csv"": ""b6c768ca32c94fe8333a0275b0697e7c714a245c6d4ec9a8e14fe1535c02cdf5"", ""data/processed/per_antibiotic/SAM_labels.csv"": ""4b7a2ec5efac9fcc3a11e46600f200597b4b39cb04e3879b8145afde0d7d6493"", ""data/processed/per_antibiotic/SXT_labels.csv"": ""e5fa33f779b280aefc28f7392a62b9a223bb5aa92d0ed38c728c5c36da8fb930"", ""data/processed/per_antibiotic/TET_labels.csv"": ""1ca5e323121c2c07e3ee787c0f2fe1670dac97debf015a01c44b09385367f58e"", ""data/processed/per_antibiotic/TOB_labels.csv"": ""31e108ae5f5b26d537d3e8a20886c3708234e0c250328063683827b9be9c46ff"", ""data/processed/per_antibiotic/TZP_labels.csv"": ""5ddd4a6a50e9db92c2ff6002adc17397a19a0980585bff113b1e4a262acfab99"", ""data/reports/amr_feature_dictionary.csv"": ""bfe98874015448dcd3d5739ced59f694f4a54eb36b1497d06980bc5412d56407"", ""data/reports/ast_antibiotic_ranking.csv"": ""4c7377222dc5314ff006e56ddc8d4cd5d407029c70b9cc34019b7198aabed614"", ""data/reports/ast_binary_summary.csv"": ""b2fc94624df5696859513cdaf60ce70c1505492fcb20b48f0708b71ccde18d9e""}; stratified CV: n_splits=5, shuffle=True, seed=42",b07e7eea283d06f1405407c90b8c2c19c6fe0ffe37bd95ef7aa603e10e35e0af,VALIDATED_M5
M5_CV_FOLD_SUMMARY,data/reports/cv_fold_summary.csv,derived_ml_dataset_or_cv,Locked M4 genomic features plus M3 binary labels,"[""data/processed/master/amr_feature_matrix.csv"", ""data/reports/amr_feature_dictionary.csv"", ""data/reports/ast_binary_summary.csv"", ""data/reports/ast_antibiotic_ranking.csv"", ""data/processed/per_antibiotic/TOB_labels.csv"", ""data/processed/per_antibiotic/FEP_labels.csv"", ""data/processed/per_antibiotic/TET_labels.csv"", ""data/processed/per_antibiotic/CAZ_labels.csv"", ""data/processed/per_antibiotic/ATM_labels.csv"", ""data/processed/per_antibiotic/CIP_labels.csv"", ""data/processed/per_antibiotic/SXT_labels.csv"", ""data/processed/per_antibiotic/GEN_labels.csv"", ""data/processed/per_antibiotic/CT_labels.csv"", ""data/processed/per_antibiotic/TZP_labels.csv"", ""data/processed/per_antibiotic/CRO_labels.csv"", ""data/processed/per_antibiotic/LVX_labels.csv"", ""data/processed/per_antibiotic/SAM_labels.csv"", ""data/processed/per_antibiotic/ETP_labels.csv"", ""data/processed/per_antibiotic/MEM_labels.csv"", ""data/processed/per_antibiotic/IPM_labels.csv"", ""configs/project.yaml""]",,"scripts/05_build_ml_datasets.py; input_sha256={""configs/project.yaml"": ""5fe87a399424663367ffcf51b65c77f55f430159d5eec5417c387d93b1c091e6"", ""data/processed/master/amr_feature_matrix.csv"": ""96edf8695a689f668e251a5df41989950155542b3ff6063cbac13c0810bcac1b"", ""data/processed/per_antibiotic/ATM_labels.csv"": ""54439f3e615edda3f9ac6779b29409dd77384ee3caf448f3f9e071738526722d"", ""data/processed/per_antibiotic/CAZ_labels.csv"": ""8e80ec1bbe6a36abc73feefd7838d03b6dc2db36250ecf27b3134bf226627777"", ""data/processed/per_antibiotic/CIP_labels.csv"": ""f98ca8ccda4319d28e013a2d9d9ee39c92bc0ecc2e35dd0f73497978ccc4a564"", ""data/processed/per_antibiotic/CRO_labels.csv"": ""79172e44730ee9f3e791f01b8f36331fe7413ec241e79be2d3cb09af07a06554"", ""data/processed/per_antibiotic/CT_labels.csv"": ""111cf490f039dea9db682b3caee2124883dd7a8b60e90cf05895693ef5c3b28e"", ""data/processed/per_antibiotic/ETP_labels.csv"": ""c045d05105fa2d7bab9e36bae59414b25cb14a033279339127a78f1a3833326b"", ""data/processed/per_antibiotic/FEP_labels.csv"": ""2b6ada234600471b9aac13ad5b10065a7477c2b2e68a2adf97c23b3d810217ea"", ""data/processed/per_antibiotic/GEN_labels.csv"": ""16053dedfd9612dc66aaf23517c260ac61744a0f0091277338a03b8d7959dd5f"", ""data/processed/per_antibiotic/IPM_labels.csv"": ""a7c07f763f9f0b6fb100c69deb62d9b876a4add52886971ef3faa3b93929d19e"", ""data/processed/per_antibiotic/LVX_labels.csv"": ""34c889e799b3c97d61a9703a032331869ebd4a84bf5488f663b1cf4d1c004b65"", ""data/processed/per_antibiotic/MEM_labels.csv"": ""b6c768ca32c94fe8333a0275b0697e7c714a245c6d4ec9a8e14fe1535c02cdf5"", ""data/processed/per_antibiotic/SAM_labels.csv"": ""4b7a2ec5efac9fcc3a11e46600f200597b4b39cb04e3879b8145afde0d7d6493"", ""data/processed/per_antibiotic/SXT_labels.csv"": ""e5fa33f779b280aefc28f7392a62b9a223bb5aa92d0ed38c728c5c36da8fb930"", ""data/processed/per_antibiotic/TET_labels.csv"": ""1ca5e323121c2c07e3ee787c0f2fe1670dac97debf015a01c44b09385367f58e"", ""data/processed/per_antibiotic/TOB_labels.csv"": ""31e108ae5f5b26d537d3e8a20886c3708234e0c250328063683827b9be9c46ff"", ""data/processed/per_antibiotic/TZP_labels.csv"": ""5ddd4a6a50e9db92c2ff6002adc17397a19a0980585bff113b1e4a262acfab99"", ""data/reports/amr_feature_dictionary.csv"": ""bfe98874015448dcd3d5739ced59f694f4a54eb36b1497d06980bc5412d56407"", ""data/reports/ast_antibiotic_ranking.csv"": ""4c7377222dc5314ff006e56ddc8d4cd5d407029c70b9cc34019b7198aabed614"", ""data/reports/ast_binary_summary.csv"": ""b2fc94624df5696859513cdaf60ce70c1505492fcb20b48f0708b71ccde18d9e""}; stratified CV: n_splits=5, shuffle=True, seed=42",140719fafb842228e5c2ae6cdb309659b6919cbd91153db0b228d6e0b9610fff,VALIDATED_M5
