antibiotic,model,fold,threshold,n_train,n_valid,accuracy,precision,recall,f1,roc_auc,pr_auc,tn,fp,fn,tp,accuracy_mean,accuracy_std,precision_mean,precision_std,recall_mean,recall_std,f1_mean,f1_std,roc_auc_mean,roc_auc_std,pr_auc_mean,pr_auc_std
TOB,logistic_regression,0,0.24999999999999994,69.0,18,1.0,1.0,1.0,1.0,1.0,1.0,10.0,0.0,0.0,8.0,,,,,,,,,,,,
TOB,logistic_regression,1,0.30999999999999994,69.0,18,0.9444444444444444,0.9,1.0,0.9473684210526315,1.0,1.0,8.0,1.0,0.0,9.0,,,,,,,,,,,,
TOB,logistic_regression,2,0.4499999999999999,70.0,17,0.8823529411764706,0.875,0.875,0.875,0.9583333333333334,0.9526289682539684,8.0,1.0,1.0,7.0,,,,,,,,,,,,
TOB,logistic_regression,3,0.31999999999999995,70.0,17,0.7647058823529411,0.7,0.875,0.7777777777777778,0.9444444444444444,0.9583333333333333,6.0,3.0,1.0,7.0,,,,,,,,,,,,
TOB,logistic_regression,4,0.31999999999999995,70.0,17,0.9411764705882353,1.0,0.875,0.9333333333333333,0.986111111111111,0.9861111111111112,9.0,0.0,1.0,7.0,,,,,,,,,,,,
FEP,logistic_regression,0,0.4099999999999999,78.0,20,0.9,0.9090909090909091,0.9090909090909091,0.9090909090909091,0.9292929292929293,0.9342069546615002,8.0,1.0,1.0,10.0,,,,,,,,,,,,
FEP,logistic_regression,1,0.36999999999999994,78.0,20,0.85,0.8333333333333334,0.9090909090909091,0.8695652173913043,0.9797979797979798,0.986013986013986,7.0,2.0,1.0,10.0,,,,,,,,,,,,
FEP,logistic_regression,2,0.57,78.0,20,0.95,0.9166666666666666,1.0,0.9565217391304348,0.9898989898989898,0.9924242424242424,8.0,1.0,0.0,11.0,,,,,,,,,,,,
FEP,logistic_regression,3,0.43999999999999995,79.0,19,1.0,1.0,1.0,1.0,1.0,0.9999999999999999,9.0,0.0,0.0,10.0,,,,,,,,,,,,
FEP,logistic_regression,4,0.48999999999999994,79.0,19,0.8421052631578947,0.9,0.8181818181818182,0.8571428571428571,0.9431818181818181,0.9536042240587697,7.0,1.0,2.0,9.0,,,,,,,,,,,,
TET,logistic_regression,0,0.5399999999999999,76.0,19,0.8947368421052632,0.9090909090909091,0.9090909090909091,0.9090909090909091,0.9886363636363636,0.9924242424242424,7.0,1.0,1.0,10.0,,,,,,,,,,,,
TET,logistic_regression,1,0.5499999999999999,76.0,19,0.7894736842105263,0.8888888888888888,0.7272727272727273,0.8,0.875,0.9303030303030304,7.0,1.0,3.0,8.0,,,,,,,,,,,,
TET,logistic_regression,2,0.48999999999999994,76.0,19,0.6842105263157895,0.7777777777777778,0.6363636363636364,0.7,0.8238636363636364,0.8751228866202129,6.0,2.0,4.0,7.0,,,,,,,,,,,,
TET,logistic_regression,3,0.49999999999999994,76.0,19,0.8421052631578947,0.9,0.8181818181818182,0.8571428571428571,0.7727272727272727,0.86559524926398,7.0,1.0,2.0,9.0,,,,,,,,,,,,
TET,logistic_regression,4,0.38999999999999996,76.0,19,0.7894736842105263,0.7142857142857143,1.0,0.8333333333333334,0.9333333333333333,0.9532467532467531,5.0,4.0,0.0,10.0,,,,,,,,,,,,
CAZ,logistic_regression,0,0.49999999999999994,73.0,19,0.9473684210526315,1.0,0.9090909090909091,0.9523809523809523,1.0,1.0,8.0,0.0,1.0,10.0,,,,,,,,,,,,
CAZ,logistic_regression,1,0.6399999999999999,73.0,19,0.8421052631578947,0.9,0.8181818181818182,0.8571428571428571,0.9545454545454546,0.9686586141131595,7.0,1.0,2.0,9.0,,,,,,,,,,,,
CAZ,logistic_regression,2,0.3499999999999999,74.0,18,0.8888888888888888,0.9090909090909091,0.9090909090909091,0.9090909090909091,0.987012987012987,0.9924242424242425,6.0,1.0,1.0,10.0,,,,,,,,,,,,
CAZ,logistic_regression,3,0.24,74.0,18,0.7222222222222222,0.6875,1.0,0.8148148148148148,0.922077922077922,0.9516705516705517,2.0,5.0,0.0,11.0,,,,,,,,,,,,
CAZ,logistic_regression,4,0.38999999999999996,74.0,18,1.0,1.0,1.0,1.0,1.0,1.0,7.0,0.0,0.0,11.0,,,,,,,,,,,,
ATM,logistic_regression,0,0.24,75.0,19,0.9473684210526315,1.0,0.9090909090909091,0.9523809523809523,0.9886363636363636,0.9924242424242424,8.0,0.0,1.0,10.0,,,,,,,,,,,,
ATM,logistic_regression,1,0.4099999999999999,75.0,19,0.8947368421052632,0.8461538461538461,1.0,0.9166666666666666,0.9772727272727273,0.9841597796143251,6.0,2.0,0.0,11.0,,,,,,,,,,,,
ATM,logistic_regression,2,0.32999999999999996,75.0,19,0.8947368421052632,0.8571428571428571,1.0,0.9230769230769231,1.0,1.0,5.0,2.0,0.0,12.0,,,,,,,,,,,,
ATM,logistic_regression,3,0.4599999999999999,75.0,19,0.8421052631578947,0.8461538461538461,0.9166666666666666,0.88,0.9404761904761905,0.9652417027417027,5.0,2.0,1.0,11.0,,,,,,,,,,,,
ATM,logistic_regression,4,0.43999999999999995,76.0,18,0.9444444444444444,1.0,0.9090909090909091,0.9523809523809523,1.0,1.0,7.0,0.0,1.0,10.0,,,,,,,,,,,,
CIP,logistic_regression,0,0.25999999999999995,71.0,18,0.8333333333333334,0.75,0.8571428571428571,0.8,0.8701298701298701,0.7869614512471654,9.0,2.0,1.0,6.0,,,,,,,,,,,,
CIP,logistic_regression,1,0.4699999999999999,71.0,18,0.5555555555555556,0.4444444444444444,0.5714285714285714,0.5,0.7142857142857143,0.6612554112554112,6.0,5.0,3.0,4.0,,,,,,,,,,,,
CIP,logistic_regression,2,0.22999999999999998,71.0,18,0.7777777777777778,0.6363636363636364,1.0,0.7777777777777778,0.922077922077922,0.9123376623376622,7.0,4.0,0.0,7.0,,,,,,,,,,,,
CIP,logistic_regression,3,0.29,71.0,18,0.8888888888888888,0.8571428571428571,0.8571428571428571,0.8571428571428571,0.987012987012987,0.9821428571428572,10.0,1.0,1.0,6.0,,,,,,,,,,,,
CIP,logistic_regression,4,0.35999999999999993,72.0,17,0.8235294117647058,0.75,0.8571428571428571,0.8,0.9428571428571428,0.936734693877551,8.0,2.0,1.0,6.0,,,,,,,,,,,,
SXT,logistic_regression,0,0.3999999999999999,80.0,20,0.85,0.8461538461538461,0.9166666666666666,0.88,0.9270833333333333,0.9546037296037296,6.0,2.0,1.0,11.0,,,,,,,,,,,,
SXT,logistic_regression,1,0.41999999999999993,80.0,20,0.9,0.9166666666666666,0.9166666666666666,0.9166666666666666,0.9791666666666666,0.9866452991452993,7.0,1.0,1.0,11.0,,,,,,,,,,,,
SXT,logistic_regression,2,0.4099999999999999,80.0,20,0.85,0.8461538461538461,0.9166666666666666,0.88,0.90625,0.9277849465349465,6.0,2.0,1.0,11.0,,,,,,,,,,,,
SXT,logistic_regression,3,0.48999999999999994,80.0,20,0.95,0.9230769230769231,1.0,0.96,0.96875,0.9790695415695416,7.0,1.0,0.0,12.0,,,,,,,,,,,,
SXT,logistic_regression,4,0.5499999999999999,80.0,20,0.95,1.0,0.9230769230769231,0.96,1.0,0.9999999999999998,7.0,0.0,1.0,12.0,,,,,,,,,,,,
GEN,logistic_regression,0,0.14999999999999997,77.0,20,0.85,0.7272727272727273,1.0,0.8421052631578947,0.9895833333333333,0.9861111111111112,9.0,3.0,0.0,8.0,,,,,,,,,,,,
GEN,logistic_regression,1,0.4699999999999999,77.0,20,0.8,0.75,0.75,0.75,0.8854166666666667,0.8665674603174602,10.0,2.0,2.0,6.0,,,,,,,,,,,,
GEN,logistic_regression,2,0.27999999999999997,78.0,19,0.631578947368421,0.5,0.8571428571428571,0.631578947368421,0.8333333333333333,0.8655567490153955,6.0,6.0,1.0,6.0,,,,,,,,,,,,
GEN,logistic_regression,3,0.3499999999999999,78.0,19,0.7368421052631579,0.6,0.8571428571428571,0.7058823529411765,0.9047619047619049,0.8395485466914037,8.0,4.0,1.0,6.0,,,,,,,,,,,,
GEN,logistic_regression,4,0.35999999999999993,78.0,19,0.7368421052631579,0.6666666666666666,0.5714285714285714,0.6153846153846154,0.9047619047619048,0.8715213358070499,10.0,2.0,3.0,4.0,,,,,,,,,,,,
CT,logistic_regression,0,0.27999999999999997,79.0,20,0.7,0.5555555555555556,0.7142857142857143,0.625,0.8571428571428571,0.8061533704390846,9.0,4.0,2.0,5.0,,,,,,,,,,,,
CT,logistic_regression,1,0.30999999999999994,79.0,20,0.75,0.6666666666666666,0.5714285714285714,0.6153846153846154,0.9120879120879121,0.8520408163265306,11.0,2.0,3.0,4.0,,,,,,,,,,,,
CT,logistic_regression,2,0.29,79.0,20,0.75,0.6363636363636364,0.875,0.7368421052631579,0.8645833333333334,0.8368055555555556,8.0,4.0,1.0,7.0,,,,,,,,,,,,
CT,logistic_regression,3,0.36999999999999994,79.0,20,0.8,0.7,0.875,0.7777777777777778,0.875,0.8501984126984127,9.0,3.0,1.0,7.0,,,,,,,,,,,,
CT,logistic_regression,4,0.29,80.0,19,0.8421052631578947,0.75,0.8571428571428571,0.8,0.9285714285714286,0.8843537414965985,10.0,2.0,1.0,6.0,,,,,,,,,,,,
TZP,logistic_regression,0,0.22999999999999998,66.0,17,0.5882352941176471,0.45454545454545453,0.8333333333333334,0.5882352941176471,0.8787878787878788,0.8555555555555556,5.0,6.0,1.0,5.0,,,,,,,,,,,,
TZP,logistic_regression,1,0.49999999999999994,66.0,17,0.7058823529411765,1.0,0.16666666666666666,0.2857142857142857,0.696969696969697,0.7027777777777777,11.0,0.0,5.0,1.0,,,,,,,,,,,,
TZP,logistic_regression,2,0.3499999999999999,66.0,17,0.7058823529411765,0.625,0.7142857142857143,0.6666666666666666,0.8428571428571429,0.8392857142857142,7.0,3.0,2.0,5.0,,,,,,,,,,,,
TZP,logistic_regression,3,0.26999999999999996,67.0,16,1.0,1.0,1.0,1.0,1.0,1.0,10.0,0.0,0.0,6.0,,,,,,,,,,,,
TZP,logistic_regression,4,0.30999999999999994,67.0,16,0.6875,0.5454545454545454,1.0,0.7058823529411765,0.9333333333333333,0.9107142857142856,5.0,5.0,0.0,6.0,,,,,,,,,,,,
CRO,logistic_regression,0,0.3,80.0,20,0.95,1.0,0.9166666666666666,0.9565217391304348,0.9895833333333333,0.9935897435897435,8.0,0.0,1.0,11.0,,,,,,,,,,,,
CRO,logistic_regression,1,0.6499999999999999,80.0,20,0.9,0.9166666666666666,0.9166666666666666,0.9166666666666666,0.9895833333333334,0.9935897435897437,7.0,1.0,1.0,11.0,,,,,,,,,,,,
CRO,logistic_regression,2,0.32999999999999996,80.0,20,0.9,0.9230769230769231,0.9230769230769231,0.9230769230769231,0.967032967032967,0.9855769230769229,6.0,1.0,1.0,12.0,,,,,,,,,,,,
CRO,logistic_regression,3,0.27999999999999997,80.0,20,0.8,0.7647058823529411,1.0,0.8666666666666667,0.9560439560439561,0.9774161735700195,3.0,4.0,0.0,13.0,,,,,,,,,,,,
CRO,logistic_regression,4,0.41999999999999993,80.0,20,0.95,1.0,0.9230769230769231,0.96,1.0,1.0,7.0,0.0,1.0,12.0,,,,,,,,,,,,
LVX,logistic_regression,0,0.3499999999999999,72.0,18,0.8888888888888888,0.7142857142857143,1.0,0.8333333333333334,0.9230769230769231,0.7861904761904761,11.0,2.0,0.0,5.0,,,,,,,,,,,,
LVX,logistic_regression,1,0.29,72.0,18,0.8888888888888888,0.75,1.0,0.8571428571428571,1.0,1.0,10.0,2.0,0.0,6.0,,,,,,,,,,,,
LVX,logistic_regression,2,0.41999999999999993,72.0,18,0.7222222222222222,0.5454545454545454,1.0,0.7058823529411765,0.875,0.744047619047619,7.0,5.0,0.0,6.0,,,,,,,,,,,,
LVX,logistic_regression,3,0.33999999999999997,72.0,18,0.6111111111111112,0.42857142857142855,0.5,0.46153846153846156,0.5694444444444444,0.5865079365079364,8.0,4.0,3.0,3.0,,,,,,,,,,,,
LVX,logistic_regression,4,0.5099999999999999,72.0,18,0.6666666666666666,0.5,0.16666666666666666,0.25,0.8194444444444444,0.6930916305916305,11.0,1.0,5.0,1.0,,,,,,,,,,,,
SAM,logistic_regression,0,0.32999999999999996,77.0,20,0.8,0.8571428571428571,0.8571428571428571,0.8571428571428571,0.9285714285714286,0.9746031746031745,4.0,2.0,2.0,12.0,,,,,,,,,,,,
SAM,logistic_regression,1,0.24999999999999994,77.0,20,0.9,0.9333333333333333,0.9333333333333333,0.9333333333333333,0.9733333333333334,0.9921568627450981,4.0,1.0,1.0,14.0,,,,,,,,,,,,
SAM,logistic_regression,2,0.4699999999999999,78.0,19,0.8421052631578947,1.0,0.7857142857142857,0.88,0.9714285714285714,0.9910714285714286,5.0,0.0,3.0,11.0,,,,,,,,,,,,
SAM,logistic_regression,3,0.42999999999999994,78.0,19,0.7368421052631579,0.9090909090909091,0.7142857142857143,0.8,0.8571428571428572,0.9534100819815104,4.0,1.0,4.0,10.0,,,,,,,,,,,,
SAM,logistic_regression,4,0.31999999999999995,78.0,19,0.8421052631578947,0.9230769230769231,0.8571428571428571,0.8888888888888888,0.8357142857142857,0.9464558918893284,4.0,1.0,2.0,12.0,,,,,,,,,,,,
ETP,logistic_regression,0,0.5099999999999999,79.0,20,0.85,0.6,0.75,0.6666666666666666,0.921875,0.7928571428571428,14.0,2.0,1.0,3.0,,,,,,,,,,,,
ETP,logistic_regression,1,0.5499999999999999,79.0,20,0.85,0.75,0.6,0.6666666666666666,0.9333333333333333,0.7861904761904761,14.0,1.0,2.0,3.0,,,,,,,,,,,,
ETP,logistic_regression,2,0.49999999999999994,79.0,20,0.95,1.0,0.8,0.8888888888888888,1.0,1.0,15.0,0.0,1.0,4.0,,,,,,,,,,,,
ETP,logistic_regression,3,0.33999999999999997,79.0,20,0.9,0.8,0.8,0.8,0.9333333333333335,0.8711111111111112,14.0,1.0,1.0,4.0,,,,,,,,,,,,
ETP,logistic_regression,4,0.4799999999999999,80.0,19,0.9473684210526315,1.0,0.75,0.8571428571428571,0.8333333333333334,0.8214285714285714,15.0,0.0,1.0,3.0,,,,,,,,,,,,
MEM,logistic_regression,0,0.5199999999999999,78.0,20,0.8,0.5,0.5,0.5,0.90625,0.775,14.0,2.0,2.0,2.0,,,,,,,,,,,,
MEM,logistic_regression,1,0.24999999999999994,78.0,20,0.85,0.625,1.0,0.7692307692307693,0.9466666666666667,0.8528571428571428,12.0,3.0,0.0,5.0,,,,,,,,,,,,
MEM,logistic_regression,2,0.4699999999999999,78.0,20,0.95,1.0,0.8,0.8888888888888888,0.9733333333333334,0.9428571428571428,15.0,0.0,1.0,4.0,,,,,,,,,,,,
MEM,logistic_regression,3,0.49999999999999994,79.0,19,0.8421052631578947,1.0,0.25,0.4,0.75,0.6602564102564102,15.0,0.0,3.0,1.0,,,,,,,,,,,,
MEM,logistic_regression,4,0.38999999999999996,79.0,19,0.8421052631578947,0.6,0.75,0.6666666666666666,0.9500000000000001,0.8928571428571428,13.0,2.0,1.0,3.0,,,,,,,,,,,,
IPM,logistic_regression,0,0.5499999999999999,76.0,20,0.85,0.6,0.75,0.6666666666666666,0.921875,0.7928571428571428,14.0,2.0,1.0,3.0,,,,,,,,,,,,
IPM,logistic_regression,1,0.4599999999999999,77.0,19,0.7894736842105263,0.5,0.5,0.5,0.8166666666666667,0.6,13.0,2.0,2.0,2.0,,,,,,,,,,,,
IPM,logistic_regression,2,0.48999999999999994,77.0,19,0.8947368421052632,1.0,0.5,0.6666666666666666,0.75,0.6651785714285714,15.0,0.0,2.0,2.0,,,,,,,,,,,,
IPM,logistic_regression,3,0.58,77.0,19,0.9473684210526315,1.0,0.75,0.8571428571428571,1.0,1.0,15.0,0.0,1.0,3.0,,,,,,,,,,,,
IPM,logistic_regression,4,0.41999999999999993,77.0,19,0.8421052631578947,0.6,0.75,0.6666666666666666,0.8833333333333333,0.8409090909090909,13.0,2.0,1.0,3.0,,,,,,,,,,,,
TOB,logistic_regression,mean_std,,,87,,,,,,,,,,,0.9065359477124183,0.08954486901073547,0.8949999999999999,0.12298373876248846,0.925,0.06846531968814577,0.9066959064327484,0.08469647899158522,0.9777777777777776,0.025230419617479093,0.9794146825396826,0.022661920260937194
FEP,logistic_regression,mean_std,,,98,,,,,,,,,,,0.908421052631579,0.06707687738128824,0.9118181818181819,0.05938543538377775,0.9272727272727274,0.07606000241218867,0.918464144551101,0.05986597351318285,0.9684343434343434,0.030643083584625246,0.9732498814316998,0.028091143235349687
TET,logistic_regression,mean_std,,,95,,,,,,,,,,,0.8,0.07806524723258591,0.838008658008658,0.08720598679576223,0.8181818181818181,0.14373989364401724,0.8199134199134199,0.0779335008462345,0.8787121212121212,0.0856179597522598,0.9233384323716438,0.05332653298324304
CAZ,logistic_regression,mean_std,,,92,,,,,,,,,,,0.8801169590643274,0.1064745114387902,0.8993181818181817,0.12770725336480881,0.9272727272727274,0.07606000241218867,0.9066859066859067,0.07364806943885795,0.9727272727272727,0.03386598652053324,0.9825506816415908,0.02152333961144108
ATM,logistic_regression,mean_std,,,94,,,,,,,,,,,0.9046783625730994,0.04334986386724384,0.9098901098901099,0.08238094423732446,0.9469696969696969,0.04850851695024887,0.9249010989010988,0.029989693516005018,0.9812770562770563,0.024677935230631446,0.988365144956054,0.014487879878896893
CIP,logistic_regression,mean_std,,,89,,,,,,,,,,,0.7758169934640522,0.12931434902173838,0.6875901875901876,0.15674987167694499,0.8285714285714285,0.15649215928719032,0.746984126984127,0.14116100676600368,0.8872727272727273,0.10543663081151215,0.8558864151721295,0.13066728258535926
SXT,logistic_regression,mean_std,,,100,,,,,,,,,,,0.9,0.04999999999999999,0.9064102564102564,0.06403842945508809,0.9346153846153846,0.0366563550140918,0.9193333333333333,0.04002776813940818,0.95625,0.03855574067358698,0.9696207033707033,0.028625858587235212
GEN,logistic_regression,mean_std,,,97,,,,,,,,,,,0.7510526315789473,0.08195161061257102,0.6487878787878787,0.1015400240899847,0.8071428571428572,0.15891853900919278,0.7089902357704216,0.09241968128337573,0.9035714285714287,0.05626692552109428,0.8858610405884841,0.05741310251139747
CT,logistic_regression,mean_std,,,99,,,,,,,,,,,0.7684210526315789,0.054283293012463874,0.6617171717171717,0.07279598325486822,0.7785714285714286,0.13398808201645765,0.7110008996851102,0.08600347054112288,0.8874771062271062,0.031202583140970713,0.8459103793032364,0.028272686264862245
TZP,logistic_regression,mean_std,,,83,,,,,,,,,,,0.7375,0.15466540792402317,0.725,0.2581822183095491,0.7428571428571429,0.3439631631386883,0.6492997198879552,0.2561333264689652,0.8703896103896105,0.11364836052937491,0.8616666666666667,0.10877236754593049
CRO,logistic_regression,mean_std,,,100,,,,,,,,,,,0.9,0.061237243569579415,0.9208898944193061,0.09608964822253671,0.9358974358974359,0.035977474872826355,0.9245863991081382,0.037728255844899354,0.9804487179487179,0.018198281529859313,0.9900345167652859,0.008713249367086222
LVX,logistic_regression,mean_std,,,90,,,,,,,,,,,0.7555555555555555,0.1278984937024593,0.5876623376623377,0.1388912314039444,0.7333333333333333,0.38369548110737794,0.6215794009911657,0.26034650515507435,0.8373931623931625,0.16379532704152439,0.7619675324675323,0.15255924224108883
SAM,logistic_regression,mean_std,,,97,,,,,,,,,,,0.8242105263157896,0.06042325321501544,0.9245288045288046,0.051368092123721516,0.8295238095238094,0.082917328989253,0.8718730158730157,0.048774138676951614,0.9132380952380952,0.06401034496890753,0.971539487958108,0.021058378237026228
ETP,logistic_regression,mean_std,,,99,,,,,,,,,,,0.8994736842105263,0.04935175344267957,0.8300000000000001,0.17175564037317667,0.74,0.08215838362577493,0.7758730158730158,0.10465603115753418,0.9243750000000001,0.0595283108417051,0.8543174603174603,0.08804226921803085
MEM,logistic_regression,mean_std,,,98,,,,,,,,,,,0.8568421052631578,0.05565649494320387,0.745,0.23743420141167532,0.6599999999999999,0.29025850547399984,0.6449572649572649,0.19775901335979004,0.90525,0.09007886205369654,0.8247655677655678,0.11057926335505724
IPM,logistic_regression,mean_std,,,96,,,,,,,,,,,0.8647368421052631,0.05941776598061747,0.74,0.24083189157584592,0.65,0.13693063937629152,0.6714285714285714,0.12643731473668335,0.8743749999999999,0.09606968138052481,0.779788961038961,0.15641208493095185
