antibiotic,model,isolate_id,fold,y_true,y_prob,threshold,y_pred
TOB,majority_baseline,13726,4,0,0.4714285714285714,0.5,0
TOB,majority_baseline,13761,4,1,0.4714285714285714,0.5,0
TOB,majority_baseline,13768,0,1,0.4782608695652174,0.5,0
TOB,majority_baseline,14444,2,0,0.4714285714285714,0.5,0
TOB,majority_baseline,15219,4,1,0.4714285714285714,0.5,0
TOB,majority_baseline,15687,1,1,0.463768115942029,0.5,0
TOB,majority_baseline,15882,2,0,0.4714285714285714,0.5,0
TOB,majority_baseline,15937,4,0,0.4714285714285714,0.5,0
TOB,majority_baseline,16008,3,0,0.4714285714285714,0.5,0
TOB,majority_baseline,16233,4,0,0.4714285714285714,0.5,0
TOB,majority_baseline,18411,0,0,0.4782608695652174,0.5,0
TOB,majority_baseline,19073,1,0,0.463768115942029,0.5,0
TOB,majority_baseline,1912,0,0,0.4782608695652174,0.5,0
TOB,majority_baseline,20522,1,1,0.463768115942029,0.5,0
TOB,majority_baseline,21304,0,0,0.4782608695652174,0.5,0
TOB,majority_baseline,22232,1,1,0.463768115942029,0.5,0
TOB,majority_baseline,22265,3,1,0.4714285714285714,0.5,0
TOB,majority_baseline,25107,0,0,0.4782608695652174,0.5,0
TOB,majority_baseline,25112,2,0,0.4714285714285714,0.5,0
TOB,majority_baseline,25616,3,0,0.4714285714285714,0.5,0
TOB,majority_baseline,25947,2,0,0.4714285714285714,0.5,0
TOB,majority_baseline,27106,1,0,0.463768115942029,0.5,0
TOB,majority_baseline,27778,0,1,0.4782608695652174,0.5,0
TOB,majority_baseline,27989,4,1,0.4714285714285714,0.5,0
TOB,majority_baseline,28183,4,1,0.4714285714285714,0.5,0
TOB,majority_baseline,28880,1,0,0.463768115942029,0.5,0
TOB,majority_baseline,28887,4,0,0.4714285714285714,0.5,0
TOB,majority_baseline,28893,1,0,0.463768115942029,0.5,0
TOB,majority_baseline,365679,3,1,0.4714285714285714,0.5,0
TOB,majority_baseline,366562,2,1,0.4714285714285714,0.5,0
TOB,majority_baseline,368001,2,1,0.4714285714285714,0.5,0
TOB,majority_baseline,368320,3,1,0.4714285714285714,0.5,0
TOB,majority_baseline,371351,2,1,0.4714285714285714,0.5,0
TOB,majority_baseline,374613,0,0,0.4782608695652174,0.5,0
TOB,majority_baseline,375436,1,0,0.463768115942029,0.5,0
TOB,majority_baseline,380979,4,0,0.4714285714285714,0.5,0
TOB,majority_baseline,401050,3,0,0.4714285714285714,0.5,0
TOB,majority_baseline,4111,2,0,0.4714285714285714,0.5,0
TOB,majority_baseline,430405,2,1,0.4714285714285714,0.5,0
TOB,majority_baseline,450199,0,0,0.4782608695652174,0.5,0
TOB,majority_baseline,468268,3,0,0.4714285714285714,0.5,0
TOB,majority_baseline,4759,3,0,0.4714285714285714,0.5,0
TOB,majority_baseline,479404,3,1,0.4714285714285714,0.5,0
TOB,majority_baseline,4815,0,0,0.4782608695652174,0.5,0
TOB,majority_baseline,499958,2,1,0.4714285714285714,0.5,0
TOB,majority_baseline,511348,1,1,0.463768115942029,0.5,0
TOB,majority_baseline,513382,1,0,0.463768115942029,0.5,0
TOB,majority_baseline,515247,0,1,0.4782608695652174,0.5,0
TOB,majority_baseline,515432,4,1,0.4714285714285714,0.5,0
TOB,majority_baseline,517281,4,1,0.4714285714285714,0.5,0
TOB,majority_baseline,518712,3,0,0.4714285714285714,0.5,0
TOB,majority_baseline,526410,3,1,0.4714285714285714,0.5,0
TOB,majority_baseline,539414,2,1,0.4714285714285714,0.5,0
TOB,majority_baseline,546733,4,1,0.4714285714285714,0.5,0
TOB,majority_baseline,5613,1,1,0.463768115942029,0.5,0
TOB,majority_baseline,562722,0,0,0.4782608695652174,0.5,0
TOB,majority_baseline,564304,4,1,0.4714285714285714,0.5,0
TOB,majority_baseline,572640,4,0,0.4714285714285714,0.5,0
TOB,majority_baseline,581745,0,1,0.4782608695652174,0.5,0
TOB,majority_baseline,583114,2,0,0.4714285714285714,0.5,0
TOB,majority_baseline,583141,1,1,0.463768115942029,0.5,0
TOB,majority_baseline,5881,0,1,0.4782608695652174,0.5,0
TOB,majority_baseline,591344,0,0,0.4782608695652174,0.5,0
TOB,majority_baseline,599975,3,1,0.4714285714285714,0.5,0
TOB,majority_baseline,6031,1,1,0.463768115942029,0.5,0
TOB,majority_baseline,607210,0,1,0.4782608695652174,0.5,0
TOB,majority_baseline,613682,3,1,0.4714285714285714,0.5,0
TOB,majority_baseline,614201,3,0,0.4714285714285714,0.5,0
TOB,majority_baseline,669448,2,1,0.4714285714285714,0.5,0
TOB,majority_baseline,672476,2,0,0.4714285714285714,0.5,0
TOB,majority_baseline,676980,3,0,0.4714285714285714,0.5,0
TOB,majority_baseline,6778,0,1,0.4782608695652174,0.5,0
TOB,majority_baseline,680172,1,0,0.463768115942029,0.5,0
TOB,majority_baseline,699478,2,0,0.4714285714285714,0.5,0
TOB,majority_baseline,699654,1,0,0.463768115942029,0.5,0
TOB,majority_baseline,702261,3,1,0.4714285714285714,0.5,0
TOB,majority_baseline,702325,4,0,0.4714285714285714,0.5,0
TOB,majority_baseline,7076,1,1,0.463768115942029,0.5,0
TOB,majority_baseline,730567,2,0,0.4714285714285714,0.5,0
TOB,majority_baseline,731029,0,0,0.4782608695652174,0.5,0
TOB,majority_baseline,736213,4,0,0.4714285714285714,0.5,0
TOB,majority_baseline,740795,1,1,0.463768115942029,0.5,0
TOB,majority_baseline,742743,1,0,0.463768115942029,0.5,0
TOB,majority_baseline,750877,3,0,0.4714285714285714,0.5,0
TOB,majority_baseline,750999,4,0,0.4714285714285714,0.5,0
TOB,majority_baseline,752729,2,1,0.4714285714285714,0.5,0
TOB,majority_baseline,761403,0,1,0.4782608695652174,0.5,0
FEP,majority_baseline,13726,4,0,0.5443037974683544,0.5,1
FEP,majority_baseline,13748,2,1,0.5512820512820513,0.5,1
FEP,majority_baseline,13761,3,1,0.5569620253164557,0.5,1
FEP,majority_baseline,13768,0,1,0.5512820512820513,0.5,1
FEP,majority_baseline,14444,2,0,0.5512820512820513,0.5,1
FEP,majority_baseline,15219,2,0,0.5512820512820513,0.5,1
FEP,majority_baseline,15687,4,1,0.5443037974683544,0.5,1
FEP,majority_baseline,15882,4,0,0.5443037974683544,0.5,1
FEP,majority_baseline,15937,3,0,0.5569620253164557,0.5,1
FEP,majority_baseline,16008,4,0,0.5443037974683544,0.5,1
FEP,majority_baseline,16233,0,0,0.5512820512820513,0.5,1
FEP,majority_baseline,18411,1,0,0.5512820512820513,0.5,1
FEP,majority_baseline,19073,4,1,0.5443037974683544,0.5,1
FEP,majority_baseline,1912,0,0,0.5512820512820513,0.5,1
FEP,majority_baseline,20522,3,1,0.5569620253164557,0.5,1
FEP,majority_baseline,21304,0,0,0.5512820512820513,0.5,1
FEP,majority_baseline,21352,2,1,0.5512820512820513,0.5,1
FEP,majority_baseline,22232,4,1,0.5443037974683544,0.5,1
FEP,majority_baseline,22265,0,0,0.5512820512820513,0.5,1
FEP,majority_baseline,25107,3,0,0.5569620253164557,0.5,1
FEP,majority_baseline,25112,3,0,0.5569620253164557,0.5,1
FEP,majority_baseline,25616,2,0,0.5512820512820513,0.5,1
FEP,majority_baseline,25947,1,0,0.5512820512820513,0.5,1
FEP,majority_baseline,27106,1,0,0.5512820512820513,0.5,1
FEP,majority_baseline,27778,0,1,0.5512820512820513,0.5,1
FEP,majority_baseline,27989,0,1,0.5512820512820513,0.5,1
FEP,majority_baseline,28183,4,0,0.5443037974683544,0.5,1
FEP,majority_baseline,28866,1,0,0.5512820512820513,0.5,1
FEP,majority_baseline,28880,1,0,0.5512820512820513,0.5,1
FEP,majority_baseline,28887,1,0,0.5512820512820513,0.5,1
FEP,majority_baseline,28893,3,0,0.5569620253164557,0.5,1
FEP,majority_baseline,365679,1,1,0.5512820512820513,0.5,1
FEP,majority_baseline,366562,2,1,0.5512820512820513,0.5,1
FEP,majority_baseline,368001,4,1,0.5443037974683544,0.5,1
FEP,majority_baseline,368320,3,1,0.5569620253164557,0.5,1
FEP,majority_baseline,371351,2,0,0.5512820512820513,0.5,1
FEP,majority_baseline,375436,1,1,0.5512820512820513,0.5,1
FEP,majority_baseline,380979,0,0,0.5512820512820513,0.5,1
FEP,majority_baseline,401050,3,0,0.5569620253164557,0.5,1
FEP,majority_baseline,410359,0,1,0.5512820512820513,0.5,1
FEP,majority_baseline,4111,4,0,0.5443037974683544,0.5,1
FEP,majority_baseline,414780,4,1,0.5443037974683544,0.5,1
FEP,majority_baseline,430405,2,1,0.5512820512820513,0.5,1
FEP,majority_baseline,430414,1,1,0.5512820512820513,0.5,1
FEP,majority_baseline,450199,0,0,0.5512820512820513,0.5,1
FEP,majority_baseline,468268,2,1,0.5512820512820513,0.5,1
FEP,majority_baseline,4759,1,0,0.5512820512820513,0.5,1
FEP,majority_baseline,479404,1,1,0.5512820512820513,0.5,1
FEP,majority_baseline,499958,2,1,0.5512820512820513,0.5,1
FEP,majority_baseline,511348,2,1,0.5512820512820513,0.5,1
FEP,majority_baseline,513382,3,0,0.5569620253164557,0.5,1
FEP,majority_baseline,515247,3,1,0.5569620253164557,0.5,1
FEP,majority_baseline,515432,1,1,0.5512820512820513,0.5,1
FEP,majority_baseline,516635,1,1,0.5512820512820513,0.5,1
FEP,majority_baseline,517281,3,1,0.5569620253164557,0.5,1
FEP,majority_baseline,518712,3,1,0.5569620253164557,0.5,1
FEP,majority_baseline,526410,0,1,0.5512820512820513,0.5,1
FEP,majority_baseline,539414,3,1,0.5569620253164557,0.5,1
FEP,majority_baseline,546733,1,1,0.5512820512820513,0.5,1
FEP,majority_baseline,560539,4,1,0.5443037974683544,0.5,1
FEP,majority_baseline,5613,1,1,0.5512820512820513,0.5,1
FEP,majority_baseline,562722,0,0,0.5512820512820513,0.5,1
FEP,majority_baseline,564304,2,1,0.5512820512820513,0.5,1
FEP,majority_baseline,572640,4,0,0.5443037974683544,0.5,1
FEP,majority_baseline,5741,2,0,0.5512820512820513,0.5,1
FEP,majority_baseline,581745,3,1,0.5569620253164557,0.5,1
FEP,majority_baseline,582610,0,1,0.5512820512820513,0.5,1
FEP,majority_baseline,583114,0,0,0.5512820512820513,0.5,1
FEP,majority_baseline,583141,4,1,0.5443037974683544,0.5,1
FEP,majority_baseline,5881,4,1,0.5443037974683544,0.5,1
FEP,majority_baseline,591344,3,0,0.5569620253164557,0.5,1
FEP,majority_baseline,599975,3,1,0.5569620253164557,0.5,1
FEP,majority_baseline,6031,1,1,0.5512820512820513,0.5,1
FEP,majority_baseline,607210,4,1,0.5443037974683544,0.5,1
FEP,majority_baseline,613682,3,1,0.5569620253164557,0.5,1
FEP,majority_baseline,614201,0,1,0.5512820512820513,0.5,1
FEP,majority_baseline,669448,4,1,0.5443037974683544,0.5,1
FEP,majority_baseline,669510,0,1,0.5512820512820513,0.5,1
FEP,majority_baseline,672476,2,0,0.5512820512820513,0.5,1
FEP,majority_baseline,676980,3,0,0.5569620253164557,0.5,1
FEP,majority_baseline,6778,2,1,0.5512820512820513,0.5,1
FEP,majority_baseline,680172,1,0,0.5512820512820513,0.5,1
FEP,majority_baseline,681054,1,1,0.5512820512820513,0.5,1
FEP,majority_baseline,699478,2,0,0.5512820512820513,0.5,1
FEP,majority_baseline,699654,2,0,0.5512820512820513,0.5,1
FEP,majority_baseline,702261,0,1,0.5512820512820513,0.5,1
FEP,majority_baseline,702325,4,0,0.5443037974683544,0.5,1
FEP,majority_baseline,7076,2,1,0.5512820512820513,0.5,1
FEP,majority_baseline,728987,0,1,0.5512820512820513,0.5,1
FEP,majority_baseline,730567,2,0,0.5512820512820513,0.5,1
FEP,majority_baseline,731029,4,1,0.5443037974683544,0.5,1
FEP,majority_baseline,736213,0,0,0.5512820512820513,0.5,1
FEP,majority_baseline,740795,1,1,0.5512820512820513,0.5,1
FEP,majority_baseline,742743,1,0,0.5512820512820513,0.5,1
FEP,majority_baseline,750877,3,0,0.5569620253164557,0.5,1
FEP,majority_baseline,750999,4,0,0.5443037974683544,0.5,1
FEP,majority_baseline,752729,2,1,0.5512820512820513,0.5,1
FEP,majority_baseline,761403,0,1,0.5512820512820513,0.5,1
TET,majority_baseline,13726,1,1,0.5657894736842105,0.5,1
TET,majority_baseline,13748,4,1,0.5789473684210527,0.5,1
TET,majority_baseline,13761,4,1,0.5789473684210527,0.5,1
TET,majority_baseline,13768,1,1,0.5657894736842105,0.5,1
TET,majority_baseline,14444,4,1,0.5789473684210527,0.5,1
TET,majority_baseline,15219,0,1,0.5657894736842105,0.5,1
TET,majority_baseline,15687,3,0,0.5657894736842105,0.5,1
TET,majority_baseline,15882,1,1,0.5657894736842105,0.5,1
TET,majority_baseline,15937,4,1,0.5789473684210527,0.5,1
TET,majority_baseline,16008,0,0,0.5657894736842105,0.5,1
TET,majority_baseline,16233,3,0,0.5657894736842105,0.5,1
TET,majority_baseline,19073,0,1,0.5657894736842105,0.5,1
TET,majority_baseline,1912,1,0,0.5657894736842105,0.5,1
TET,majority_baseline,20522,2,1,0.5657894736842105,0.5,1
TET,majority_baseline,21304,1,1,0.5657894736842105,0.5,1
TET,majority_baseline,21352,2,0,0.5657894736842105,0.5,1
TET,majority_baseline,22232,0,1,0.5657894736842105,0.5,1
TET,majority_baseline,22265,0,0,0.5657894736842105,0.5,1
TET,majority_baseline,25107,2,1,0.5657894736842105,0.5,1
TET,majority_baseline,25112,3,0,0.5657894736842105,0.5,1
TET,majority_baseline,25616,0,1,0.5657894736842105,0.5,1
TET,majority_baseline,25947,2,0,0.5657894736842105,0.5,1
TET,majority_baseline,27106,1,0,0.5657894736842105,0.5,1
TET,majority_baseline,27989,3,1,0.5657894736842105,0.5,1
TET,majority_baseline,28183,0,1,0.5657894736842105,0.5,1
TET,majority_baseline,28866,3,1,0.5657894736842105,0.5,1
TET,majority_baseline,28880,2,0,0.5657894736842105,0.5,1
TET,majority_baseline,28887,0,0,0.5657894736842105,0.5,1
TET,majority_baseline,28893,4,0,0.5789473684210527,0.5,1
TET,majority_baseline,365679,2,1,0.5657894736842105,0.5,1
TET,majority_baseline,366562,4,1,0.5789473684210527,0.5,1
TET,majority_baseline,368001,1,0,0.5657894736842105,0.5,1
TET,majority_baseline,368320,3,1,0.5657894736842105,0.5,1
TET,majority_baseline,371351,2,0,0.5657894736842105,0.5,1
TET,majority_baseline,374613,4,1,0.5789473684210527,0.5,1
TET,majority_baseline,375436,4,0,0.5789473684210527,0.5,1
TET,majority_baseline,380979,4,0,0.5789473684210527,0.5,1
TET,majority_baseline,401050,4,0,0.5789473684210527,0.5,1
TET,majority_baseline,410359,1,1,0.5657894736842105,0.5,1
TET,majority_baseline,4111,1,0,0.5657894736842105,0.5,1
TET,majority_baseline,414780,0,1,0.5657894736842105,0.5,1
TET,majority_baseline,430414,1,1,0.5657894736842105,0.5,1
TET,majority_baseline,450199,2,1,0.5657894736842105,0.5,1
TET,majority_baseline,468268,3,1,0.5657894736842105,0.5,1
TET,majority_baseline,4759,1,0,0.5657894736842105,0.5,1
TET,majority_baseline,479404,2,1,0.5657894736842105,0.5,1
TET,majority_baseline,4815,1,1,0.5657894736842105,0.5,1
TET,majority_baseline,499958,0,1,0.5657894736842105,0.5,1
TET,majority_baseline,511348,4,0,0.5789473684210527,0.5,1
TET,majority_baseline,513382,3,0,0.5657894736842105,0.5,1
TET,majority_baseline,515247,4,1,0.5789473684210527,0.5,1
TET,majority_baseline,515432,4,0,0.5789473684210527,0.5,1
TET,majority_baseline,516635,2,1,0.5657894736842105,0.5,1
TET,majority_baseline,517281,2,1,0.5657894736842105,0.5,1
TET,majority_baseline,518712,3,0,0.5657894736842105,0.5,1
TET,majority_baseline,526410,3,1,0.5657894736842105,0.5,1
TET,majority_baseline,539414,2,1,0.5657894736842105,0.5,1
TET,majority_baseline,546733,4,1,0.5789473684210527,0.5,1
TET,majority_baseline,560539,0,1,0.5657894736842105,0.5,1
TET,majority_baseline,5613,1,1,0.5657894736842105,0.5,1
TET,majority_baseline,562722,1,0,0.5657894736842105,0.5,1
TET,majority_baseline,564304,0,1,0.5657894736842105,0.5,1
TET,majority_baseline,572640,3,1,0.5657894736842105,0.5,1
TET,majority_baseline,5741,2,0,0.5657894736842105,0.5,1
TET,majority_baseline,581745,3,1,0.5657894736842105,0.5,1
TET,majority_baseline,582610,3,1,0.5657894736842105,0.5,1
TET,majority_baseline,583114,2,1,0.5657894736842105,0.5,1
TET,majority_baseline,583141,3,1,0.5657894736842105,0.5,1
TET,majority_baseline,5881,0,1,0.5657894736842105,0.5,1
TET,majority_baseline,591344,2,1,0.5657894736842105,0.5,1
TET,majority_baseline,599975,1,1,0.5657894736842105,0.5,1
TET,majority_baseline,6031,4,1,0.5789473684210527,0.5,1
TET,majority_baseline,607210,3,0,0.5657894736842105,0.5,1
TET,majority_baseline,613682,1,1,0.5657894736842105,0.5,1
TET,majority_baseline,614201,4,0,0.5789473684210527,0.5,1
TET,majority_baseline,669510,1,0,0.5657894736842105,0.5,1
TET,majority_baseline,672476,2,0,0.5657894736842105,0.5,1
TET,majority_baseline,676980,0,0,0.5657894736842105,0.5,1
TET,majority_baseline,6778,3,0,0.5657894736842105,0.5,1
TET,majority_baseline,680172,4,0,0.5789473684210527,0.5,1
TET,majority_baseline,681054,0,1,0.5657894736842105,0.5,1
TET,majority_baseline,699478,0,0,0.5657894736842105,0.5,1
TET,majority_baseline,699654,2,0,0.5657894736842105,0.5,1
TET,majority_baseline,702261,3,1,0.5657894736842105,0.5,1
TET,majority_baseline,702325,1,1,0.5657894736842105,0.5,1
TET,majority_baseline,7076,2,1,0.5657894736842105,0.5,1
TET,majority_baseline,728987,4,1,0.5789473684210527,0.5,1
TET,majority_baseline,730567,1,0,0.5657894736842105,0.5,1
TET,majority_baseline,731029,3,1,0.5657894736842105,0.5,1
TET,majority_baseline,736213,4,0,0.5789473684210527,0.5,1
TET,majority_baseline,740795,0,0,0.5657894736842105,0.5,1
TET,majority_baseline,742743,0,0,0.5657894736842105,0.5,1
TET,majority_baseline,750877,3,0,0.5657894736842105,0.5,1
TET,majority_baseline,750999,2,0,0.5657894736842105,0.5,1
TET,majority_baseline,752729,0,0,0.5657894736842105,0.5,1
CAZ,majority_baseline,13726,2,0,0.5945945945945946,0.5,1
CAZ,majority_baseline,13768,2,1,0.5945945945945946,0.5,1
CAZ,majority_baseline,14444,1,0,0.6027397260273972,0.5,1
CAZ,majority_baseline,15219,3,1,0.5945945945945946,0.5,1
CAZ,majority_baseline,15687,0,1,0.6027397260273972,0.5,1
CAZ,majority_baseline,15882,0,0,0.6027397260273972,0.5,1
CAZ,majority_baseline,15937,3,0,0.5945945945945946,0.5,1
CAZ,majority_baseline,16008,4,0,0.5945945945945946,0.5,1
CAZ,majority_baseline,16233,3,0,0.5945945945945946,0.5,1
CAZ,majority_baseline,18411,0,0,0.6027397260273972,0.5,1
CAZ,majority_baseline,19073,4,1,0.5945945945945946,0.5,1
CAZ,majority_baseline,1912,3,0,0.5945945945945946,0.5,1
CAZ,majority_baseline,20522,3,1,0.5945945945945946,0.5,1
CAZ,majority_baseline,21304,3,0,0.5945945945945946,0.5,1
CAZ,majority_baseline,22232,3,1,0.5945945945945946,0.5,1
CAZ,majority_baseline,22265,3,1,0.5945945945945946,0.5,1
CAZ,majority_baseline,25107,2,0,0.5945945945945946,0.5,1
CAZ,majority_baseline,25112,1,0,0.6027397260273972,0.5,1
CAZ,majority_baseline,25616,1,0,0.6027397260273972,0.5,1
CAZ,majority_baseline,25947,1,0,0.6027397260273972,0.5,1
CAZ,majority_baseline,27106,4,0,0.5945945945945946,0.5,1
CAZ,majority_baseline,27778,3,1,0.5945945945945946,0.5,1
CAZ,majority_baseline,27989,0,1,0.6027397260273972,0.5,1
CAZ,majority_baseline,28183,0,1,0.6027397260273972,0.5,1
CAZ,majority_baseline,28866,1,0,0.6027397260273972,0.5,1
CAZ,majority_baseline,28880,2,0,0.5945945945945946,0.5,1
CAZ,majority_baseline,28887,0,0,0.6027397260273972,0.5,1
CAZ,majority_baseline,28893,4,0,0.5945945945945946,0.5,1
CAZ,majority_baseline,365679,4,1,0.5945945945945946,0.5,1
CAZ,majority_baseline,366562,2,1,0.5945945945945946,0.5,1
CAZ,majority_baseline,368001,1,1,0.6027397260273972,0.5,1
CAZ,majority_baseline,368320,0,1,0.6027397260273972,0.5,1
CAZ,majority_baseline,371351,2,1,0.5945945945945946,0.5,1
CAZ,majority_baseline,374613,2,1,0.5945945945945946,0.5,1
CAZ,majority_baseline,375436,1,1,0.6027397260273972,0.5,1
CAZ,majority_baseline,380979,0,0,0.6027397260273972,0.5,1
CAZ,majority_baseline,401050,1,0,0.6027397260273972,0.5,1
CAZ,majority_baseline,410359,2,1,0.5945945945945946,0.5,1
CAZ,majority_baseline,4111,0,0,0.6027397260273972,0.5,1
CAZ,majority_baseline,414780,4,1,0.5945945945945946,0.5,1
CAZ,majority_baseline,430405,2,1,0.5945945945945946,0.5,1
CAZ,majority_baseline,430414,3,1,0.5945945945945946,0.5,1
CAZ,majority_baseline,450199,3,0,0.5945945945945946,0.5,1
CAZ,majority_baseline,468268,1,1,0.6027397260273972,0.5,1
CAZ,majority_baseline,4759,1,1,0.6027397260273972,0.5,1
CAZ,majority_baseline,479404,4,1,0.5945945945945946,0.5,1
CAZ,majority_baseline,4815,2,1,0.5945945945945946,0.5,1
CAZ,majority_baseline,499958,0,1,0.6027397260273972,0.5,1
CAZ,majority_baseline,511348,3,1,0.5945945945945946,0.5,1
CAZ,majority_baseline,513382,2,0,0.5945945945945946,0.5,1
CAZ,majority_baseline,515247,1,1,0.6027397260273972,0.5,1
CAZ,majority_baseline,515432,4,1,0.5945945945945946,0.5,1
CAZ,majority_baseline,516635,4,1,0.5945945945945946,0.5,1
CAZ,majority_baseline,517281,2,1,0.5945945945945946,0.5,1
CAZ,majority_baseline,518712,1,1,0.6027397260273972,0.5,1
CAZ,majority_baseline,526410,3,1,0.5945945945945946,0.5,1
CAZ,majority_baseline,546733,0,1,0.6027397260273972,0.5,1
CAZ,majority_baseline,5613,4,1,0.5945945945945946,0.5,1
CAZ,majority_baseline,562722,0,0,0.6027397260273972,0.5,1
CAZ,majority_baseline,572640,4,0,0.5945945945945946,0.5,1
CAZ,majority_baseline,5741,4,1,0.5945945945945946,0.5,1
CAZ,majority_baseline,581745,3,1,0.5945945945945946,0.5,1
CAZ,majority_baseline,583114,1,1,0.6027397260273972,0.5,1
CAZ,majority_baseline,583141,4,1,0.5945945945945946,0.5,1
CAZ,majority_baseline,5881,3,1,0.5945945945945946,0.5,1
CAZ,majority_baseline,591344,4,0,0.5945945945945946,0.5,1
CAZ,majority_baseline,599975,0,1,0.6027397260273972,0.5,1
CAZ,majority_baseline,6031,4,1,0.5945945945945946,0.5,1
CAZ,majority_baseline,607210,2,1,0.5945945945945946,0.5,1
CAZ,majority_baseline,613682,1,1,0.6027397260273972,0.5,1
CAZ,majority_baseline,614201,0,1,0.6027397260273972,0.5,1
CAZ,majority_baseline,669448,2,1,0.5945945945945946,0.5,1
CAZ,majority_baseline,669510,4,1,0.5945945945945946,0.5,1
CAZ,majority_baseline,672476,0,0,0.6027397260273972,0.5,1
CAZ,majority_baseline,676980,4,0,0.5945945945945946,0.5,1
CAZ,majority_baseline,6778,1,1,0.6027397260273972,0.5,1
CAZ,majority_baseline,680172,3,0,0.5945945945945946,0.5,1
CAZ,majority_baseline,681054,2,1,0.5945945945945946,0.5,1
CAZ,majority_baseline,699478,4,0,0.5945945945945946,0.5,1
CAZ,majority_baseline,699654,1,0,0.6027397260273972,0.5,1
CAZ,majority_baseline,702325,2,0,0.5945945945945946,0.5,1
CAZ,majority_baseline,7076,0,1,0.6027397260273972,0.5,1
CAZ,majority_baseline,728987,1,1,0.6027397260273972,0.5,1
CAZ,majority_baseline,730567,2,0,0.5945945945945946,0.5,1
CAZ,majority_baseline,731029,3,1,0.5945945945945946,0.5,1
CAZ,majority_baseline,736213,2,0,0.5945945945945946,0.5,1
CAZ,majority_baseline,740795,0,1,0.6027397260273972,0.5,1
CAZ,majority_baseline,742743,0,0,0.6027397260273972,0.5,1
CAZ,majority_baseline,750877,1,0,0.6027397260273972,0.5,1
CAZ,majority_baseline,750999,3,0,0.5945945945945946,0.5,1
CAZ,majority_baseline,752729,1,1,0.6027397260273972,0.5,1
CAZ,majority_baseline,761403,0,1,0.6027397260273972,0.5,1
ATM,majority_baseline,13726,2,0,0.6,0.5,1
ATM,majority_baseline,13748,2,1,0.6,0.5,1
ATM,majority_baseline,13768,4,1,0.6052631578947368,0.5,1
ATM,majority_baseline,14444,1,0,0.6133333333333333,0.5,1
ATM,majority_baseline,15219,0,1,0.6133333333333333,0.5,1
ATM,majority_baseline,15687,3,1,0.6,0.5,1
ATM,majority_baseline,15882,0,0,0.6133333333333333,0.5,1
ATM,majority_baseline,15937,3,0,0.6,0.5,1
ATM,majority_baseline,16008,4,0,0.6052631578947368,0.5,1
ATM,majority_baseline,16233,3,0,0.6,0.5,1
ATM,majority_baseline,18411,0,0,0.6133333333333333,0.5,1
ATM,majority_baseline,19073,3,1,0.6,0.5,1
ATM,majority_baseline,1912,3,0,0.6,0.5,1
ATM,majority_baseline,20522,3,1,0.6,0.5,1
ATM,majority_baseline,21304,3,0,0.6,0.5,1
ATM,majority_baseline,21352,2,1,0.6,0.5,1
ATM,majority_baseline,22232,3,1,0.6,0.5,1
ATM,majority_baseline,22265,0,1,0.6133333333333333,0.5,1
ATM,majority_baseline,25107,2,0,0.6,0.5,1
ATM,majority_baseline,25112,1,0,0.6133333333333333,0.5,1
ATM,majority_baseline,25616,1,0,0.6133333333333333,0.5,1
ATM,majority_baseline,25947,1,0,0.6133333333333333,0.5,1
ATM,majority_baseline,27106,4,0,0.6052631578947368,0.5,1
ATM,majority_baseline,27778,0,1,0.6133333333333333,0.5,1
ATM,majority_baseline,27989,1,1,0.6133333333333333,0.5,1
ATM,majority_baseline,28183,2,1,0.6,0.5,1
ATM,majority_baseline,28866,1,0,0.6133333333333333,0.5,1
ATM,majority_baseline,28880,2,0,0.6,0.5,1
ATM,majority_baseline,28887,0,0,0.6133333333333333,0.5,1
ATM,majority_baseline,28893,4,0,0.6052631578947368,0.5,1
ATM,majority_baseline,365679,4,1,0.6052631578947368,0.5,1
ATM,majority_baseline,366562,2,1,0.6,0.5,1
ATM,majority_baseline,368001,1,1,0.6133333333333333,0.5,1
ATM,majority_baseline,368320,0,1,0.6133333333333333,0.5,1
ATM,majority_baseline,371351,4,1,0.6052631578947368,0.5,1
ATM,majority_baseline,374613,2,1,0.6,0.5,1
ATM,majority_baseline,375436,1,1,0.6133333333333333,0.5,1
ATM,majority_baseline,380979,0,0,0.6133333333333333,0.5,1
ATM,majority_baseline,401050,1,0,0.6133333333333333,0.5,1
ATM,majority_baseline,410359,2,1,0.6,0.5,1
ATM,majority_baseline,4111,0,0,0.6133333333333333,0.5,1
ATM,majority_baseline,414780,4,1,0.6052631578947368,0.5,1
ATM,majority_baseline,430405,2,1,0.6,0.5,1
ATM,majority_baseline,430414,2,1,0.6,0.5,1
ATM,majority_baseline,450199,3,0,0.6,0.5,1
ATM,majority_baseline,468268,3,1,0.6,0.5,1
ATM,majority_baseline,4759,1,1,0.6133333333333333,0.5,1
ATM,majority_baseline,479404,1,1,0.6133333333333333,0.5,1
ATM,majority_baseline,4815,3,1,0.6,0.5,1
ATM,majority_baseline,511348,3,1,0.6,0.5,1
ATM,majority_baseline,513382,2,0,0.6,0.5,1
ATM,majority_baseline,515247,0,1,0.6133333333333333,0.5,1
ATM,majority_baseline,515432,3,1,0.6,0.5,1
ATM,majority_baseline,516635,1,1,0.6133333333333333,0.5,1
ATM,majority_baseline,517281,4,1,0.6052631578947368,0.5,1
ATM,majority_baseline,518712,4,1,0.6052631578947368,0.5,1
ATM,majority_baseline,526410,2,1,0.6,0.5,1
ATM,majority_baseline,546733,3,1,0.6,0.5,1
ATM,majority_baseline,560539,0,1,0.6133333333333333,0.5,1
ATM,majority_baseline,5613,4,1,0.6052631578947368,0.5,1
ATM,majority_baseline,562722,0,0,0.6133333333333333,0.5,1
ATM,majority_baseline,572640,4,0,0.6052631578947368,0.5,1
ATM,majority_baseline,5741,4,1,0.6052631578947368,0.5,1
ATM,majority_baseline,581745,3,1,0.6,0.5,1
ATM,majority_baseline,582610,1,1,0.6133333333333333,0.5,1
ATM,majority_baseline,583114,4,1,0.6052631578947368,0.5,1
ATM,majority_baseline,583141,3,1,0.6,0.5,1
ATM,majority_baseline,5881,0,1,0.6133333333333333,0.5,1
ATM,majority_baseline,591344,4,0,0.6052631578947368,0.5,1
ATM,majority_baseline,599975,4,1,0.6052631578947368,0.5,1
ATM,majority_baseline,607210,2,1,0.6,0.5,1
ATM,majority_baseline,613682,1,1,0.6133333333333333,0.5,1
ATM,majority_baseline,614201,0,1,0.6133333333333333,0.5,1
ATM,majority_baseline,669448,2,1,0.6,0.5,1
ATM,majority_baseline,672476,0,0,0.6133333333333333,0.5,1
ATM,majority_baseline,676980,4,0,0.6052631578947368,0.5,1
ATM,majority_baseline,6778,4,1,0.6052631578947368,0.5,1
ATM,majority_baseline,680172,3,0,0.6,0.5,1
ATM,majority_baseline,681054,1,1,0.6133333333333333,0.5,1
ATM,majority_baseline,699478,4,0,0.6052631578947368,0.5,1
ATM,majority_baseline,699654,1,0,0.6133333333333333,0.5,1
ATM,majority_baseline,702261,2,1,0.6,0.5,1
ATM,majority_baseline,702325,2,0,0.6,0.5,1
ATM,majority_baseline,7076,0,1,0.6133333333333333,0.5,1
ATM,majority_baseline,728987,1,1,0.6133333333333333,0.5,1
ATM,majority_baseline,730567,2,0,0.6,0.5,1
ATM,majority_baseline,731029,3,1,0.6,0.5,1
ATM,majority_baseline,736213,2,0,0.6,0.5,1
ATM,majority_baseline,740795,0,1,0.6133333333333333,0.5,1
ATM,majority_baseline,742743,0,0,0.6133333333333333,0.5,1
ATM,majority_baseline,750877,1,0,0.6133333333333333,0.5,1
ATM,majority_baseline,750999,3,0,0.6,0.5,1
ATM,majority_baseline,752729,1,1,0.6133333333333333,0.5,1
ATM,majority_baseline,761403,0,1,0.6133333333333333,0.5,1
CIP,majority_baseline,13726,1,0,0.39436619718309857,0.5,0
CIP,majority_baseline,13748,0,1,0.39436619718309857,0.5,0
CIP,majority_baseline,13761,3,1,0.39436619718309857,0.5,0
CIP,majority_baseline,13768,1,1,0.39436619718309857,0.5,0
CIP,majority_baseline,14444,4,0,0.3888888888888889,0.5,0
CIP,majority_baseline,15219,4,0,0.3888888888888889,0.5,0
CIP,majority_baseline,15687,1,0,0.39436619718309857,0.5,0
CIP,majority_baseline,15882,4,0,0.3888888888888889,0.5,0
CIP,majority_baseline,15937,0,0,0.39436619718309857,0.5,0
CIP,majority_baseline,16008,1,0,0.39436619718309857,0.5,0
CIP,majority_baseline,16233,4,0,0.3888888888888889,0.5,0
CIP,majority_baseline,18411,0,0,0.39436619718309857,0.5,0
CIP,majority_baseline,19073,2,0,0.39436619718309857,0.5,0
CIP,majority_baseline,1912,1,0,0.39436619718309857,0.5,0
CIP,majority_baseline,21304,0,0,0.39436619718309857,0.5,0
CIP,majority_baseline,21352,0,1,0.39436619718309857,0.5,0
CIP,majority_baseline,22265,1,1,0.39436619718309857,0.5,0
CIP,majority_baseline,25107,2,0,0.39436619718309857,0.5,0
CIP,majority_baseline,25112,0,0,0.39436619718309857,0.5,0
CIP,majority_baseline,25616,3,0,0.39436619718309857,0.5,0
CIP,majority_baseline,25947,0,0,0.39436619718309857,0.5,0
CIP,majority_baseline,27106,3,0,0.39436619718309857,0.5,0
CIP,majority_baseline,27778,2,1,0.39436619718309857,0.5,0
CIP,majority_baseline,27989,4,1,0.3888888888888889,0.5,0
CIP,majority_baseline,28183,3,1,0.39436619718309857,0.5,0
CIP,majority_baseline,28866,2,1,0.39436619718309857,0.5,0
CIP,majority_baseline,28880,2,0,0.39436619718309857,0.5,0
CIP,majority_baseline,28887,4,0,0.3888888888888889,0.5,0
CIP,majority_baseline,28893,3,0,0.39436619718309857,0.5,0
CIP,majority_baseline,365679,4,1,0.3888888888888889,0.5,0
CIP,majority_baseline,366562,3,1,0.39436619718309857,0.5,0
CIP,majority_baseline,368001,3,1,0.39436619718309857,0.5,0
CIP,majority_baseline,368320,2,1,0.39436619718309857,0.5,0
CIP,majority_baseline,371351,4,0,0.3888888888888889,0.5,0
CIP,majority_baseline,374613,1,0,0.39436619718309857,0.5,0
CIP,majority_baseline,375436,1,1,0.39436619718309857,0.5,0
CIP,majority_baseline,380979,0,0,0.39436619718309857,0.5,0
CIP,majority_baseline,401050,3,1,0.39436619718309857,0.5,0
CIP,majority_baseline,4111,1,0,0.39436619718309857,0.5,0
CIP,majority_baseline,414780,2,0,0.39436619718309857,0.5,0
CIP,majority_baseline,430405,4,1,0.3888888888888889,0.5,0
CIP,majority_baseline,430414,1,1,0.39436619718309857,0.5,0
CIP,majority_baseline,450199,3,0,0.39436619718309857,0.5,0
CIP,majority_baseline,468268,2,0,0.39436619718309857,0.5,0
CIP,majority_baseline,4759,1,0,0.39436619718309857,0.5,0
CIP,majority_baseline,479404,0,1,0.39436619718309857,0.5,0
CIP,majority_baseline,4815,4,1,0.3888888888888889,0.5,0
CIP,majority_baseline,499958,0,0,0.39436619718309857,0.5,0
CIP,majority_baseline,513382,4,0,0.3888888888888889,0.5,0
CIP,majority_baseline,515247,3,1,0.39436619718309857,0.5,0
CIP,majority_baseline,515432,4,1,0.3888888888888889,0.5,0
CIP,majority_baseline,516635,2,0,0.39436619718309857,0.5,0
CIP,majority_baseline,517281,2,1,0.39436619718309857,0.5,0
CIP,majority_baseline,518712,2,0,0.39436619718309857,0.5,0
CIP,majority_baseline,526410,0,1,0.39436619718309857,0.5,0
CIP,majority_baseline,539414,3,0,0.39436619718309857,0.5,0
CIP,majority_baseline,560539,2,1,0.39436619718309857,0.5,0
CIP,majority_baseline,562722,2,0,0.39436619718309857,0.5,0
CIP,majority_baseline,564304,4,0,0.3888888888888889,0.5,0
CIP,majority_baseline,572640,0,0,0.39436619718309857,0.5,0
CIP,majority_baseline,5741,1,1,0.39436619718309857,0.5,0
CIP,majority_baseline,581745,0,1,0.39436619718309857,0.5,0
CIP,majority_baseline,582610,1,0,0.39436619718309857,0.5,0
CIP,majority_baseline,583114,0,0,0.39436619718309857,0.5,0
CIP,majority_baseline,5881,4,1,0.3888888888888889,0.5,0
CIP,majority_baseline,591344,3,0,0.39436619718309857,0.5,0
CIP,majority_baseline,607210,1,1,0.39436619718309857,0.5,0
CIP,majority_baseline,613682,1,1,0.39436619718309857,0.5,0
CIP,majority_baseline,614201,3,0,0.39436619718309857,0.5,0
CIP,majority_baseline,669448,0,1,0.39436619718309857,0.5,0
CIP,majority_baseline,669510,3,0,0.39436619718309857,0.5,0
CIP,majority_baseline,672476,2,0,0.39436619718309857,0.5,0
CIP,majority_baseline,676980,3,0,0.39436619718309857,0.5,0
CIP,majority_baseline,6778,4,1,0.3888888888888889,0.5,0
CIP,majority_baseline,681054,2,1,0.39436619718309857,0.5,0
CIP,majority_baseline,699478,0,0,0.39436619718309857,0.5,0
CIP,majority_baseline,699654,2,0,0.39436619718309857,0.5,0
CIP,majority_baseline,702261,1,0,0.39436619718309857,0.5,0
CIP,majority_baseline,702325,4,0,0.3888888888888889,0.5,0
CIP,majority_baseline,7076,1,0,0.39436619718309857,0.5,0
CIP,majority_baseline,728987,0,0,0.39436619718309857,0.5,0
CIP,majority_baseline,730567,3,0,0.39436619718309857,0.5,0
CIP,majority_baseline,736213,1,0,0.39436619718309857,0.5,0
CIP,majority_baseline,740795,3,1,0.39436619718309857,0.5,0
CIP,majority_baseline,742743,2,0,0.39436619718309857,0.5,0
CIP,majority_baseline,750877,4,0,0.3888888888888889,0.5,0
CIP,majority_baseline,750999,3,0,0.39436619718309857,0.5,0
CIP,majority_baseline,752729,2,1,0.39436619718309857,0.5,0
CIP,majority_baseline,761403,0,1,0.39436619718309857,0.5,0
SXT,majority_baseline,13726,4,0,0.6,0.5,1
SXT,majority_baseline,13748,2,1,0.6125,0.5,1
SXT,majority_baseline,13761,3,1,0.6125,0.5,1
SXT,majority_baseline,13768,4,0,0.6,0.5,1
SXT,majority_baseline,14444,0,1,0.6125,0.5,1
SXT,majority_baseline,15219,4,1,0.6,0.5,1
SXT,majority_baseline,15687,0,0,0.6125,0.5,1
SXT,majority_baseline,15882,1,0,0.6125,0.5,1
SXT,majority_baseline,15937,3,1,0.6125,0.5,1
SXT,majority_baseline,16008,3,1,0.6125,0.5,1
SXT,majority_baseline,16233,3,0,0.6125,0.5,1
SXT,majority_baseline,18411,3,0,0.6125,0.5,1
SXT,majority_baseline,19073,1,1,0.6125,0.5,1
SXT,majority_baseline,1912,0,0,0.6125,0.5,1
SXT,majority_baseline,20522,3,0,0.6125,0.5,1
SXT,majority_baseline,21304,3,0,0.6125,0.5,1
SXT,majority_baseline,21352,3,1,0.6125,0.5,1
SXT,majority_baseline,22232,0,1,0.6125,0.5,1
SXT,majority_baseline,22265,0,1,0.6125,0.5,1
SXT,majority_baseline,25107,1,0,0.6125,0.5,1
SXT,majority_baseline,25112,1,1,0.6125,0.5,1
SXT,majority_baseline,25616,2,1,0.6125,0.5,1
SXT,majority_baseline,25947,2,0,0.6125,0.5,1
SXT,majority_baseline,27106,1,0,0.6125,0.5,1
SXT,majority_baseline,27778,4,1,0.6,0.5,1
SXT,majority_baseline,27989,2,1,0.6125,0.5,1
SXT,majority_baseline,28183,1,1,0.6125,0.5,1
SXT,majority_baseline,28866,2,0,0.6125,0.5,1
SXT,majority_baseline,28880,1,0,0.6125,0.5,1
SXT,majority_baseline,28887,2,0,0.6125,0.5,1
SXT,majority_baseline,28893,1,0,0.6125,0.5,1
SXT,majority_baseline,365679,0,1,0.6125,0.5,1
SXT,majority_baseline,366562,2,1,0.6125,0.5,1
SXT,majority_baseline,368001,2,1,0.6125,0.5,1
SXT,majority_baseline,368320,1,1,0.6125,0.5,1
SXT,majority_baseline,371351,2,1,0.6125,0.5,1
SXT,majority_baseline,374613,4,1,0.6,0.5,1
SXT,majority_baseline,375436,4,1,0.6,0.5,1
SXT,majority_baseline,380979,4,0,0.6,0.5,1
SXT,majority_baseline,401050,1,1,0.6125,0.5,1
SXT,majority_baseline,410359,3,1,0.6125,0.5,1
SXT,majority_baseline,4111,0,0,0.6125,0.5,1
SXT,majority_baseline,414780,3,1,0.6125,0.5,1
SXT,majority_baseline,430405,1,1,0.6125,0.5,1
SXT,majority_baseline,430414,1,1,0.6125,0.5,1
SXT,majority_baseline,450199,3,0,0.6125,0.5,1
SXT,majority_baseline,468268,3,1,0.6125,0.5,1
SXT,majority_baseline,4759,0,0,0.6125,0.5,1
SXT,majority_baseline,479404,3,1,0.6125,0.5,1
SXT,majority_baseline,4815,0,1,0.6125,0.5,1
SXT,majority_baseline,499958,3,1,0.6125,0.5,1
SXT,majority_baseline,511348,0,1,0.6125,0.5,1
SXT,majority_baseline,513382,1,0,0.6125,0.5,1
SXT,majority_baseline,515247,0,0,0.6125,0.5,1
SXT,majority_baseline,515432,4,1,0.6,0.5,1
SXT,majority_baseline,516635,4,1,0.6,0.5,1
SXT,majority_baseline,517281,2,1,0.6125,0.5,1
SXT,majority_baseline,518712,4,1,0.6,0.5,1
SXT,majority_baseline,526410,0,1,0.6125,0.5,1
SXT,majority_baseline,539414,4,1,0.6,0.5,1
SXT,majority_baseline,546733,4,1,0.6,0.5,1
SXT,majority_baseline,560539,2,1,0.6125,0.5,1
SXT,majority_baseline,5613,1,1,0.6125,0.5,1
SXT,majority_baseline,562722,4,0,0.6,0.5,1
SXT,majority_baseline,564304,4,1,0.6,0.5,1
SXT,majority_baseline,572640,2,0,0.6125,0.5,1
SXT,majority_baseline,5741,2,1,0.6125,0.5,1
SXT,majority_baseline,581745,0,1,0.6125,0.5,1
SXT,majority_baseline,582610,3,1,0.6125,0.5,1
SXT,majority_baseline,583114,4,1,0.6,0.5,1
SXT,majority_baseline,583141,3,1,0.6125,0.5,1
SXT,majority_baseline,5881,2,1,0.6125,0.5,1
SXT,majority_baseline,591344,0,0,0.6125,0.5,1
SXT,majority_baseline,599975,1,1,0.6125,0.5,1
SXT,majority_baseline,6031,0,1,0.6125,0.5,1
SXT,majority_baseline,607210,3,0,0.6125,0.5,1
SXT,majority_baseline,613682,2,1,0.6125,0.5,1
SXT,majority_baseline,614201,4,0,0.6,0.5,1
SXT,majority_baseline,669448,4,1,0.6,0.5,1
SXT,majority_baseline,669510,4,1,0.6,0.5,1
SXT,majority_baseline,672476,0,0,0.6125,0.5,1
SXT,majority_baseline,676980,4,0,0.6,0.5,1
SXT,majority_baseline,6778,1,1,0.6125,0.5,1
SXT,majority_baseline,680172,2,1,0.6125,0.5,1
SXT,majority_baseline,681054,0,1,0.6125,0.5,1
SXT,majority_baseline,699478,2,0,0.6125,0.5,1
SXT,majority_baseline,699654,3,0,0.6125,0.5,1
SXT,majority_baseline,702261,1,1,0.6125,0.5,1
SXT,majority_baseline,702325,1,0,0.6125,0.5,1
SXT,majority_baseline,7076,3,1,0.6125,0.5,1
SXT,majority_baseline,728987,0,1,0.6125,0.5,1
SXT,majority_baseline,730567,2,0,0.6125,0.5,1
SXT,majority_baseline,731029,2,0,0.6125,0.5,1
SXT,majority_baseline,736213,2,0,0.6125,0.5,1
SXT,majority_baseline,740795,0,0,0.6125,0.5,1
SXT,majority_baseline,742743,1,0,0.6125,0.5,1
SXT,majority_baseline,750877,3,0,0.6125,0.5,1
SXT,majority_baseline,750999,4,0,0.6,0.5,1
SXT,majority_baseline,752729,1,1,0.6125,0.5,1
SXT,majority_baseline,761403,0,1,0.6125,0.5,1
GEN,majority_baseline,13726,0,0,0.37662337662337664,0.5,0
GEN,majority_baseline,13748,0,1,0.37662337662337664,0.5,0
GEN,majority_baseline,13761,0,1,0.37662337662337664,0.5,0
GEN,majority_baseline,13768,0,0,0.37662337662337664,0.5,0
GEN,majority_baseline,14444,3,0,0.38461538461538464,0.5,0
GEN,majority_baseline,15219,3,1,0.38461538461538464,0.5,0
GEN,majority_baseline,15687,3,0,0.38461538461538464,0.5,0
GEN,majority_baseline,15882,1,0,0.37662337662337664,0.5,0
GEN,majority_baseline,15937,4,0,0.38461538461538464,0.5,0
GEN,majority_baseline,16008,2,0,0.38461538461538464,0.5,0
GEN,majority_baseline,16233,4,0,0.38461538461538464,0.5,0
GEN,majority_baseline,18411,1,0,0.37662337662337664,0.5,0
GEN,majority_baseline,19073,4,0,0.38461538461538464,0.5,0
GEN,majority_baseline,1912,3,0,0.38461538461538464,0.5,0
GEN,majority_baseline,20522,2,1,0.38461538461538464,0.5,0
GEN,majority_baseline,21304,4,0,0.38461538461538464,0.5,0
GEN,majority_baseline,21352,2,0,0.38461538461538464,0.5,0
GEN,majority_baseline,22232,1,1,0.37662337662337664,0.5,0
GEN,majority_baseline,22265,2,1,0.38461538461538464,0.5,0
GEN,majority_baseline,25107,0,0,0.37662337662337664,0.5,0
GEN,majority_baseline,25112,4,0,0.38461538461538464,0.5,0
GEN,majority_baseline,25616,1,0,0.37662337662337664,0.5,0
GEN,majority_baseline,25947,0,0,0.37662337662337664,0.5,0
GEN,majority_baseline,27106,0,0,0.37662337662337664,0.5,0
GEN,majority_baseline,27778,1,1,0.37662337662337664,0.5,0
GEN,majority_baseline,27989,2,1,0.38461538461538464,0.5,0
GEN,majority_baseline,28183,3,0,0.38461538461538464,0.5,0
GEN,majority_baseline,28866,0,1,0.37662337662337664,0.5,0
GEN,majority_baseline,28880,0,0,0.37662337662337664,0.5,0
GEN,majority_baseline,28887,3,0,0.38461538461538464,0.5,0
GEN,majority_baseline,28893,1,0,0.37662337662337664,0.5,0
GEN,majority_baseline,365679,4,1,0.38461538461538464,0.5,0
GEN,majority_baseline,366562,1,1,0.37662337662337664,0.5,0
GEN,majority_baseline,368001,2,1,0.38461538461538464,0.5,0
GEN,majority_baseline,368320,4,1,0.38461538461538464,0.5,0
GEN,majority_baseline,371351,3,1,0.38461538461538464,0.5,0
GEN,majority_baseline,374613,2,0,0.38461538461538464,0.5,0
GEN,majority_baseline,375436,1,1,0.37662337662337664,0.5,0
GEN,majority_baseline,380979,4,0,0.38461538461538464,0.5,0
GEN,majority_baseline,401050,2,0,0.38461538461538464,0.5,0
GEN,majority_baseline,410359,1,1,0.37662337662337664,0.5,0
GEN,majority_baseline,4111,4,0,0.38461538461538464,0.5,0
GEN,majority_baseline,414780,1,0,0.37662337662337664,0.5,0
GEN,majority_baseline,430414,4,1,0.38461538461538464,0.5,0
GEN,majority_baseline,450199,2,0,0.38461538461538464,0.5,0
GEN,majority_baseline,468268,3,1,0.38461538461538464,0.5,0
GEN,majority_baseline,4759,0,0,0.37662337662337664,0.5,0
GEN,majority_baseline,479404,2,0,0.38461538461538464,0.5,0
GEN,majority_baseline,4815,3,1,0.38461538461538464,0.5,0
GEN,majority_baseline,499958,2,0,0.38461538461538464,0.5,0
GEN,majority_baseline,511348,3,1,0.38461538461538464,0.5,0
GEN,majority_baseline,513382,1,0,0.37662337662337664,0.5,0
GEN,majority_baseline,515247,2,0,0.38461538461538464,0.5,0
GEN,majority_baseline,515432,1,1,0.37662337662337664,0.5,0
GEN,majority_baseline,516635,4,1,0.38461538461538464,0.5,0
GEN,majority_baseline,518712,4,0,0.38461538461538464,0.5,0
GEN,majority_baseline,526410,3,1,0.38461538461538464,0.5,0
GEN,majority_baseline,539414,0,0,0.37662337662337664,0.5,0
GEN,majority_baseline,546733,3,1,0.38461538461538464,0.5,0
GEN,majority_baseline,560539,1,1,0.37662337662337664,0.5,0
GEN,majority_baseline,5613,2,1,0.38461538461538464,0.5,0
GEN,majority_baseline,562722,2,0,0.38461538461538464,0.5,0
GEN,majority_baseline,564304,4,0,0.38461538461538464,0.5,0
GEN,majority_baseline,572640,3,0,0.38461538461538464,0.5,0
GEN,majority_baseline,581745,3,0,0.38461538461538464,0.5,0
GEN,majority_baseline,582610,2,0,0.38461538461538464,0.5,0
GEN,majority_baseline,583114,3,0,0.38461538461538464,0.5,0
GEN,majority_baseline,583141,0,1,0.37662337662337664,0.5,0
GEN,majority_baseline,5881,0,1,0.37662337662337664,0.5,0
GEN,majority_baseline,591344,0,0,0.37662337662337664,0.5,0
GEN,majority_baseline,599975,4,1,0.38461538461538464,0.5,0
GEN,majority_baseline,6031,1,0,0.37662337662337664,0.5,0
GEN,majority_baseline,607210,4,1,0.38461538461538464,0.5,0
GEN,majority_baseline,613682,2,1,0.38461538461538464,0.5,0
GEN,majority_baseline,614201,0,0,0.37662337662337664,0.5,0
GEN,majority_baseline,669448,0,1,0.37662337662337664,0.5,0
GEN,majority_baseline,669510,3,0,0.38461538461538464,0.5,0
GEN,majority_baseline,672476,3,0,0.38461538461538464,0.5,0
GEN,majority_baseline,676980,2,0,0.38461538461538464,0.5,0
GEN,majority_baseline,6778,2,1,0.38461538461538464,0.5,0
GEN,majority_baseline,680172,1,0,0.37662337662337664,0.5,0
GEN,majority_baseline,681054,1,1,0.37662337662337664,0.5,0
GEN,majority_baseline,699478,4,0,0.38461538461538464,0.5,0
GEN,majority_baseline,699654,0,0,0.37662337662337664,0.5,0
GEN,majority_baseline,702261,1,0,0.37662337662337664,0.5,0
GEN,majority_baseline,702325,1,0,0.37662337662337664,0.5,0
GEN,majority_baseline,7076,4,1,0.38461538461538464,0.5,0
GEN,majority_baseline,728987,0,1,0.37662337662337664,0.5,0
GEN,majority_baseline,730567,4,0,0.38461538461538464,0.5,0
GEN,majority_baseline,731029,0,1,0.37662337662337664,0.5,0
GEN,majority_baseline,736213,1,0,0.37662337662337664,0.5,0
GEN,majority_baseline,740795,0,0,0.37662337662337664,0.5,0
GEN,majority_baseline,742743,3,0,0.38461538461538464,0.5,0
GEN,majority_baseline,750877,1,0,0.37662337662337664,0.5,0
GEN,majority_baseline,750999,2,0,0.38461538461538464,0.5,0
GEN,majority_baseline,752729,4,0,0.38461538461538464,0.5,0
GEN,majority_baseline,761403,3,0,0.38461538461538464,0.5,0
CT,majority_baseline,13726,4,0,0.375,0.5,0
CT,majority_baseline,13748,4,1,0.375,0.5,0
CT,majority_baseline,13761,0,1,0.379746835443038,0.5,0
CT,majority_baseline,13768,2,1,0.3670886075949367,0.5,0
CT,majority_baseline,14444,4,0,0.375,0.5,0
CT,majority_baseline,15219,0,0,0.379746835443038,0.5,0
CT,majority_baseline,15687,3,1,0.3670886075949367,0.5,0
CT,majority_baseline,15882,4,0,0.375,0.5,0
CT,majority_baseline,15937,0,0,0.379746835443038,0.5,0
CT,majority_baseline,16008,3,0,0.3670886075949367,0.5,0
CT,majority_baseline,16233,1,0,0.379746835443038,0.5,0
CT,majority_baseline,18411,0,0,0.379746835443038,0.5,0
CT,majority_baseline,19073,1,0,0.379746835443038,0.5,0
CT,majority_baseline,1912,4,0,0.375,0.5,0
CT,majority_baseline,20522,4,1,0.375,0.5,0
CT,majority_baseline,21304,2,0,0.3670886075949367,0.5,0
CT,majority_baseline,21352,0,0,0.379746835443038,0.5,0
CT,majority_baseline,22232,3,1,0.3670886075949367,0.5,0
CT,majority_baseline,22265,0,1,0.379746835443038,0.5,0
CT,majority_baseline,25107,3,0,0.3670886075949367,0.5,0
CT,majority_baseline,25112,1,0,0.379746835443038,0.5,0
CT,majority_baseline,25616,2,0,0.3670886075949367,0.5,0
CT,majority_baseline,25947,2,0,0.3670886075949367,0.5,0
CT,majority_baseline,27106,0,0,0.379746835443038,0.5,0
CT,majority_baseline,27778,1,0,0.379746835443038,0.5,0
CT,majority_baseline,27989,1,1,0.379746835443038,0.5,0
CT,majority_baseline,28183,1,1,0.379746835443038,0.5,0
CT,majority_baseline,28866,4,0,0.375,0.5,0
CT,majority_baseline,28880,0,0,0.379746835443038,0.5,0
CT,majority_baseline,28887,0,0,0.379746835443038,0.5,0
CT,majority_baseline,28893,2,0,0.3670886075949367,0.5,0
CT,majority_baseline,365679,2,1,0.3670886075949367,0.5,0
CT,majority_baseline,366562,3,1,0.3670886075949367,0.5,0
CT,majority_baseline,368001,0,1,0.379746835443038,0.5,0
CT,majority_baseline,368320,3,1,0.3670886075949367,0.5,0
CT,majority_baseline,371351,0,0,0.379746835443038,0.5,0
CT,majority_baseline,374613,3,0,0.3670886075949367,0.5,0
CT,majority_baseline,375436,1,1,0.379746835443038,0.5,0
CT,majority_baseline,380979,1,0,0.379746835443038,0.5,0
CT,majority_baseline,401050,4,0,0.375,0.5,0
CT,majority_baseline,410359,2,0,0.3670886075949367,0.5,0
CT,majority_baseline,4111,4,0,0.375,0.5,0
CT,majority_baseline,414780,3,0,0.3670886075949367,0.5,0
CT,majority_baseline,430405,3,1,0.3670886075949367,0.5,0
CT,majority_baseline,430414,0,1,0.379746835443038,0.5,0
CT,majority_baseline,450199,4,0,0.375,0.5,0
CT,majority_baseline,468268,1,0,0.379746835443038,0.5,0
CT,majority_baseline,4759,3,0,0.3670886075949367,0.5,0
CT,majority_baseline,479404,2,1,0.3670886075949367,0.5,0
CT,majority_baseline,4815,2,0,0.3670886075949367,0.5,0
CT,majority_baseline,499958,2,0,0.3670886075949367,0.5,0
CT,majority_baseline,511348,1,1,0.379746835443038,0.5,0
CT,majority_baseline,513382,1,0,0.379746835443038,0.5,0
CT,majority_baseline,515247,2,1,0.3670886075949367,0.5,0
CT,majority_baseline,515432,2,1,0.3670886075949367,0.5,0
CT,majority_baseline,516635,3,0,0.3670886075949367,0.5,0
CT,majority_baseline,517281,4,1,0.375,0.5,0
CT,majority_baseline,518712,0,0,0.379746835443038,0.5,0
CT,majority_baseline,526410,3,1,0.3670886075949367,0.5,0
CT,majority_baseline,539414,2,0,0.3670886075949367,0.5,0
CT,majority_baseline,546733,4,0,0.375,0.5,0
CT,majority_baseline,560539,3,1,0.3670886075949367,0.5,0
CT,majority_baseline,5613,4,1,0.375,0.5,0
CT,majority_baseline,562722,3,0,0.3670886075949367,0.5,0
CT,majority_baseline,564304,2,0,0.3670886075949367,0.5,0
CT,majority_baseline,572640,2,0,0.3670886075949367,0.5,0
CT,majority_baseline,5741,1,1,0.379746835443038,0.5,0
CT,majority_baseline,581745,2,1,0.3670886075949367,0.5,0
CT,majority_baseline,583114,3,0,0.3670886075949367,0.5,0
CT,majority_baseline,583141,0,0,0.379746835443038,0.5,0
CT,majority_baseline,5881,4,1,0.375,0.5,0
CT,majority_baseline,591344,1,0,0.379746835443038,0.5,0
CT,majority_baseline,599975,0,0,0.379746835443038,0.5,0
CT,majority_baseline,6031,3,0,0.3670886075949367,0.5,0
CT,majority_baseline,607210,4,1,0.375,0.5,0
CT,majority_baseline,613682,1,1,0.379746835443038,0.5,0
CT,majority_baseline,614201,3,0,0.3670886075949367,0.5,0
CT,majority_baseline,669448,2,1,0.3670886075949367,0.5,0
CT,majority_baseline,669510,0,1,0.379746835443038,0.5,0
CT,majority_baseline,672476,2,0,0.3670886075949367,0.5,0
CT,majority_baseline,676980,1,0,0.379746835443038,0.5,0
CT,majority_baseline,6778,3,1,0.3670886075949367,0.5,0
CT,majority_baseline,680172,4,0,0.375,0.5,0
CT,majority_baseline,681054,0,1,0.379746835443038,0.5,0
CT,majority_baseline,699478,0,0,0.379746835443038,0.5,0
CT,majority_baseline,699654,1,0,0.379746835443038,0.5,0
CT,majority_baseline,702261,1,0,0.379746835443038,0.5,0
CT,majority_baseline,702325,4,0,0.375,0.5,0
CT,majority_baseline,7076,0,1,0.379746835443038,0.5,0
CT,majority_baseline,728987,1,0,0.379746835443038,0.5,0
CT,majority_baseline,730567,0,0,0.379746835443038,0.5,0
CT,majority_baseline,731029,3,0,0.3670886075949367,0.5,0
CT,majority_baseline,736213,1,0,0.379746835443038,0.5,0
CT,majority_baseline,740795,2,1,0.3670886075949367,0.5,0
CT,majority_baseline,742743,2,0,0.3670886075949367,0.5,0
CT,majority_baseline,750877,4,0,0.375,0.5,0
CT,majority_baseline,750999,3,0,0.3670886075949367,0.5,0
CT,majority_baseline,752729,1,1,0.379746835443038,0.5,0
CT,majority_baseline,761403,4,1,0.375,0.5,0
TZP,majority_baseline,13726,1,0,0.3787878787878788,0.5,0
TZP,majority_baseline,13748,0,1,0.3787878787878788,0.5,0
TZP,majority_baseline,13761,3,1,0.373134328358209,0.5,0
TZP,majority_baseline,13768,4,1,0.373134328358209,0.5,0
TZP,majority_baseline,14444,3,0,0.373134328358209,0.5,0
TZP,majority_baseline,15219,4,0,0.373134328358209,0.5,0
TZP,majority_baseline,15882,1,0,0.3787878787878788,0.5,0
TZP,majority_baseline,15937,4,0,0.373134328358209,0.5,0
TZP,majority_baseline,16008,0,0,0.3787878787878788,0.5,0
TZP,majority_baseline,16233,1,1,0.3787878787878788,0.5,0
TZP,majority_baseline,18411,1,0,0.3787878787878788,0.5,0
TZP,majority_baseline,19073,4,0,0.373134328358209,0.5,0
TZP,majority_baseline,1912,0,0,0.3787878787878788,0.5,0
TZP,majority_baseline,25616,1,1,0.3787878787878788,0.5,0
TZP,majority_baseline,25947,3,0,0.373134328358209,0.5,0
TZP,majority_baseline,27106,1,0,0.3787878787878788,0.5,0
TZP,majority_baseline,27778,0,0,0.3787878787878788,0.5,0
TZP,majority_baseline,27989,2,0,0.36363636363636365,0.5,0
TZP,majority_baseline,28866,0,0,0.3787878787878788,0.5,0
TZP,majority_baseline,28880,3,0,0.373134328358209,0.5,0
TZP,majority_baseline,28887,0,0,0.3787878787878788,0.5,0
TZP,majority_baseline,28893,3,0,0.373134328358209,0.5,0
TZP,majority_baseline,365679,3,1,0.373134328358209,0.5,0
TZP,majority_baseline,366562,4,1,0.373134328358209,0.5,0
TZP,majority_baseline,368001,0,1,0.3787878787878788,0.5,0
TZP,majority_baseline,368320,3,1,0.373134328358209,0.5,0
TZP,majority_baseline,371351,2,0,0.36363636363636365,0.5,0
TZP,majority_baseline,374613,4,0,0.373134328358209,0.5,0
TZP,majority_baseline,375436,2,1,0.36363636363636365,0.5,0
TZP,majority_baseline,380979,3,0,0.373134328358209,0.5,0
TZP,majority_baseline,401050,1,1,0.3787878787878788,0.5,0
TZP,majority_baseline,4111,4,0,0.373134328358209,0.5,0
TZP,majority_baseline,430405,2,1,0.36363636363636365,0.5,0
TZP,majority_baseline,430414,0,1,0.3787878787878788,0.5,0
TZP,majority_baseline,450199,1,0,0.3787878787878788,0.5,0
TZP,majority_baseline,468268,0,0,0.3787878787878788,0.5,0
TZP,majority_baseline,4759,1,0,0.3787878787878788,0.5,0
TZP,majority_baseline,479404,4,1,0.373134328358209,0.5,0
TZP,majority_baseline,4815,2,0,0.36363636363636365,0.5,0
TZP,majority_baseline,499958,3,0,0.373134328358209,0.5,0
TZP,majority_baseline,511348,4,1,0.373134328358209,0.5,0
TZP,majority_baseline,513382,2,0,0.36363636363636365,0.5,0
TZP,majority_baseline,515247,2,1,0.36363636363636365,0.5,0
TZP,majority_baseline,515432,3,1,0.373134328358209,0.5,0
TZP,majority_baseline,516635,1,0,0.3787878787878788,0.5,0
TZP,majority_baseline,517281,2,1,0.36363636363636365,0.5,0
TZP,majority_baseline,518712,0,0,0.3787878787878788,0.5,0
TZP,majority_baseline,526410,0,1,0.3787878787878788,0.5,0
TZP,majority_baseline,539414,4,0,0.373134328358209,0.5,0
TZP,majority_baseline,546733,2,0,0.36363636363636365,0.5,0
TZP,majority_baseline,560539,2,1,0.36363636363636365,0.5,0
TZP,majority_baseline,562722,2,0,0.36363636363636365,0.5,0
TZP,majority_baseline,564304,3,0,0.373134328358209,0.5,0
TZP,majority_baseline,572640,2,0,0.36363636363636365,0.5,0
TZP,majority_baseline,5741,2,1,0.36363636363636365,0.5,0
TZP,majority_baseline,581745,0,1,0.3787878787878788,0.5,0
TZP,majority_baseline,583114,4,0,0.373134328358209,0.5,0
TZP,majority_baseline,583141,0,0,0.3787878787878788,0.5,0
TZP,majority_baseline,5881,4,1,0.373134328358209,0.5,0
TZP,majority_baseline,591344,1,1,0.3787878787878788,0.5,0
TZP,majority_baseline,599975,1,0,0.3787878787878788,0.5,0
TZP,majority_baseline,6031,0,0,0.3787878787878788,0.5,0
TZP,majority_baseline,613682,1,1,0.3787878787878788,0.5,0
TZP,majority_baseline,614201,3,0,0.373134328358209,0.5,0
TZP,majority_baseline,669448,1,1,0.3787878787878788,0.5,0
TZP,majority_baseline,669510,2,1,0.36363636363636365,0.5,0
TZP,majority_baseline,672476,3,0,0.373134328358209,0.5,0
TZP,majority_baseline,676980,2,0,0.36363636363636365,0.5,0
TZP,majority_baseline,680172,4,0,0.373134328358209,0.5,0
TZP,majority_baseline,681054,4,1,0.373134328358209,0.5,0
TZP,majority_baseline,699478,0,0,0.3787878787878788,0.5,0
TZP,majority_baseline,699654,2,0,0.36363636363636365,0.5,0
TZP,majority_baseline,702261,1,0,0.3787878787878788,0.5,0
TZP,majority_baseline,728987,4,0,0.373134328358209,0.5,0
TZP,majority_baseline,730567,1,0,0.3787878787878788,0.5,0
TZP,majority_baseline,731029,0,0,0.3787878787878788,0.5,0
TZP,majority_baseline,736213,4,0,0.373134328358209,0.5,0
TZP,majority_baseline,740795,3,1,0.373134328358209,0.5,0
TZP,majority_baseline,742743,1,0,0.3787878787878788,0.5,0
TZP,majority_baseline,750877,2,0,0.36363636363636365,0.5,0
TZP,majority_baseline,750999,3,0,0.373134328358209,0.5,0
TZP,majority_baseline,752729,0,1,0.3787878787878788,0.5,0
TZP,majority_baseline,761403,3,1,0.373134328358209,0.5,0
CRO,majority_baseline,13726,2,0,0.625,0.5,1
CRO,majority_baseline,13748,4,1,0.625,0.5,1
CRO,majority_baseline,13761,0,1,0.6375,0.5,1
CRO,majority_baseline,13768,0,1,0.6375,0.5,1
CRO,majority_baseline,14444,1,0,0.6375,0.5,1
CRO,majority_baseline,15219,2,1,0.625,0.5,1
CRO,majority_baseline,15687,3,1,0.625,0.5,1
CRO,majority_baseline,15882,0,0,0.6375,0.5,1
CRO,majority_baseline,15937,3,0,0.625,0.5,1
CRO,majority_baseline,16008,4,0,0.625,0.5,1
CRO,majority_baseline,16233,3,0,0.625,0.5,1
CRO,majority_baseline,18411,0,0,0.6375,0.5,1
CRO,majority_baseline,19073,0,1,0.6375,0.5,1
CRO,majority_baseline,1912,3,0,0.625,0.5,1
CRO,majority_baseline,20522,2,1,0.625,0.5,1
CRO,majority_baseline,21304,3,0,0.625,0.5,1
CRO,majority_baseline,21352,2,1,0.625,0.5,1
CRO,majority_baseline,22232,1,1,0.6375,0.5,1
CRO,majority_baseline,22265,0,1,0.6375,0.5,1
CRO,majority_baseline,25107,2,0,0.625,0.5,1
CRO,majority_baseline,25112,1,0,0.6375,0.5,1
CRO,majority_baseline,25616,1,0,0.6375,0.5,1
CRO,majority_baseline,25947,1,0,0.6375,0.5,1
CRO,majority_baseline,27106,4,0,0.625,0.5,1
CRO,majority_baseline,27778,3,1,0.625,0.5,1
CRO,majority_baseline,27989,3,1,0.625,0.5,1
CRO,majority_baseline,28183,0,1,0.6375,0.5,1
CRO,majority_baseline,28866,1,0,0.6375,0.5,1
CRO,majority_baseline,28880,2,0,0.625,0.5,1
CRO,majority_baseline,28887,0,0,0.6375,0.5,1
CRO,majority_baseline,28893,4,0,0.625,0.5,1
CRO,majority_baseline,365679,1,1,0.6375,0.5,1
CRO,majority_baseline,366562,1,1,0.6375,0.5,1
CRO,majority_baseline,368001,4,1,0.625,0.5,1
CRO,majority_baseline,368320,4,1,0.625,0.5,1
CRO,majority_baseline,371351,4,1,0.625,0.5,1
CRO,majority_baseline,374613,4,1,0.625,0.5,1
CRO,majority_baseline,375436,3,1,0.625,0.5,1
CRO,majority_baseline,380979,0,0,0.6375,0.5,1
CRO,majority_baseline,401050,1,0,0.6375,0.5,1
CRO,majority_baseline,410359,1,1,0.6375,0.5,1
CRO,majority_baseline,4111,0,0,0.6375,0.5,1
CRO,majority_baseline,414780,3,1,0.625,0.5,1
CRO,majority_baseline,430405,4,1,0.625,0.5,1
CRO,majority_baseline,430414,2,1,0.625,0.5,1
CRO,majority_baseline,450199,3,0,0.625,0.5,1
CRO,majority_baseline,468268,1,1,0.6375,0.5,1
CRO,majority_baseline,4759,2,1,0.625,0.5,1
CRO,majority_baseline,479404,3,1,0.625,0.5,1
CRO,majority_baseline,4815,1,1,0.6375,0.5,1
CRO,majority_baseline,499958,1,1,0.6375,0.5,1
CRO,majority_baseline,511348,3,1,0.625,0.5,1
CRO,majority_baseline,513382,2,0,0.625,0.5,1
CRO,majority_baseline,515247,2,1,0.625,0.5,1
CRO,majority_baseline,515432,2,1,0.625,0.5,1
CRO,majority_baseline,516635,0,1,0.6375,0.5,1
CRO,majority_baseline,517281,4,1,0.625,0.5,1
CRO,majority_baseline,518712,4,1,0.625,0.5,1
CRO,majority_baseline,526410,2,1,0.625,0.5,1
CRO,majority_baseline,539414,3,1,0.625,0.5,1
CRO,majority_baseline,546733,0,1,0.6375,0.5,1
CRO,majority_baseline,560539,4,1,0.625,0.5,1
CRO,majority_baseline,5613,4,1,0.625,0.5,1
CRO,majority_baseline,562722,0,0,0.6375,0.5,1
CRO,majority_baseline,564304,3,1,0.625,0.5,1
CRO,majority_baseline,572640,4,0,0.625,0.5,1
CRO,majority_baseline,5741,2,1,0.625,0.5,1
CRO,majority_baseline,581745,1,1,0.6375,0.5,1
CRO,majority_baseline,582610,4,1,0.625,0.5,1
CRO,majority_baseline,583114,2,1,0.625,0.5,1
CRO,majority_baseline,583141,0,1,0.6375,0.5,1
CRO,majority_baseline,5881,3,1,0.625,0.5,1
CRO,majority_baseline,591344,4,0,0.625,0.5,1
CRO,majority_baseline,599975,4,1,0.625,0.5,1
CRO,majority_baseline,6031,3,1,0.625,0.5,1
CRO,majority_baseline,607210,2,1,0.625,0.5,1
CRO,majority_baseline,613682,1,1,0.6375,0.5,1
CRO,majority_baseline,614201,0,1,0.6375,0.5,1
CRO,majority_baseline,669448,2,1,0.625,0.5,1
CRO,majority_baseline,669510,4,1,0.625,0.5,1
CRO,majority_baseline,672476,0,0,0.6375,0.5,1
CRO,majority_baseline,676980,4,0,0.625,0.5,1
CRO,majority_baseline,6778,3,1,0.625,0.5,1
CRO,majority_baseline,680172,3,0,0.625,0.5,1
CRO,majority_baseline,681054,1,1,0.6375,0.5,1
CRO,majority_baseline,699478,4,0,0.625,0.5,1
CRO,majority_baseline,699654,1,0,0.6375,0.5,1
CRO,majority_baseline,702261,2,1,0.625,0.5,1
CRO,majority_baseline,702325,2,0,0.625,0.5,1
CRO,majority_baseline,7076,0,1,0.6375,0.5,1
CRO,majority_baseline,728987,1,1,0.6375,0.5,1
CRO,majority_baseline,730567,2,0,0.625,0.5,1
CRO,majority_baseline,731029,3,1,0.625,0.5,1
CRO,majority_baseline,736213,2,0,0.625,0.5,1
CRO,majority_baseline,740795,0,1,0.6375,0.5,1
CRO,majority_baseline,742743,0,0,0.6375,0.5,1
CRO,majority_baseline,750877,1,0,0.6375,0.5,1
CRO,majority_baseline,750999,3,0,0.625,0.5,1
CRO,majority_baseline,752729,1,1,0.6375,0.5,1
CRO,majority_baseline,761403,0,1,0.6375,0.5,1
LVX,majority_baseline,13726,0,0,0.3333333333333333,0.5,0
LVX,majority_baseline,13748,0,1,0.3333333333333333,0.5,0
LVX,majority_baseline,13768,4,1,0.3194444444444444,0.5,0
LVX,majority_baseline,14444,0,0,0.3333333333333333,0.5,0
LVX,majority_baseline,15219,3,0,0.3194444444444444,0.5,0
LVX,majority_baseline,15687,2,0,0.3194444444444444,0.5,0
LVX,majority_baseline,15882,1,0,0.3194444444444444,0.5,0
LVX,majority_baseline,15937,4,0,0.3194444444444444,0.5,0
LVX,majority_baseline,16008,2,0,0.3194444444444444,0.5,0
LVX,majority_baseline,16233,4,0,0.3194444444444444,0.5,0
LVX,majority_baseline,18411,0,0,0.3333333333333333,0.5,0
LVX,majority_baseline,19073,3,0,0.3194444444444444,0.5,0
LVX,majority_baseline,1912,2,0,0.3194444444444444,0.5,0
LVX,majority_baseline,20522,4,0,0.3194444444444444,0.5,0
LVX,majority_baseline,21304,1,0,0.3194444444444444,0.5,0
LVX,majority_baseline,21352,1,1,0.3194444444444444,0.5,0
LVX,majority_baseline,22232,0,0,0.3333333333333333,0.5,0
LVX,majority_baseline,22265,0,1,0.3333333333333333,0.5,0
LVX,majority_baseline,25107,4,0,0.3194444444444444,0.5,0
LVX,majority_baseline,25112,1,0,0.3194444444444444,0.5,0
LVX,majority_baseline,25616,0,0,0.3333333333333333,0.5,0
LVX,majority_baseline,25947,0,0,0.3333333333333333,0.5,0
LVX,majority_baseline,27106,3,0,0.3194444444444444,0.5,0
LVX,majority_baseline,27778,1,1,0.3194444444444444,0.5,0
LVX,majority_baseline,28183,3,1,0.3194444444444444,0.5,0
LVX,majority_baseline,28866,4,1,0.3194444444444444,0.5,0
LVX,majority_baseline,28880,0,0,0.3333333333333333,0.5,0
LVX,majority_baseline,28887,3,0,0.3194444444444444,0.5,0
LVX,majority_baseline,28893,1,0,0.3194444444444444,0.5,0
LVX,majority_baseline,365679,2,1,0.3194444444444444,0.5,0
LVX,majority_baseline,366562,4,1,0.3194444444444444,0.5,0
LVX,majority_baseline,368001,4,1,0.3194444444444444,0.5,0
LVX,majority_baseline,368320,4,1,0.3194444444444444,0.5,0
LVX,majority_baseline,371351,3,0,0.3194444444444444,0.5,0
LVX,majority_baseline,374613,4,0,0.3194444444444444,0.5,0
LVX,majority_baseline,375436,3,1,0.3194444444444444,0.5,0
LVX,majority_baseline,380979,2,0,0.3194444444444444,0.5,0
LVX,majority_baseline,4111,4,0,0.3194444444444444,0.5,0
LVX,majority_baseline,414780,1,0,0.3194444444444444,0.5,0
LVX,majority_baseline,430405,2,1,0.3194444444444444,0.5,0
LVX,majority_baseline,430414,3,1,0.3194444444444444,0.5,0
LVX,majority_baseline,450199,4,0,0.3194444444444444,0.5,0
LVX,majority_baseline,468268,2,0,0.3194444444444444,0.5,0
LVX,majority_baseline,4759,0,0,0.3333333333333333,0.5,0
LVX,majority_baseline,479404,1,1,0.3194444444444444,0.5,0
LVX,majority_baseline,4815,3,1,0.3194444444444444,0.5,0
LVX,majority_baseline,499958,2,0,0.3194444444444444,0.5,0
LVX,majority_baseline,511348,2,0,0.3194444444444444,0.5,0
LVX,majority_baseline,513382,2,0,0.3194444444444444,0.5,0
LVX,majority_baseline,515247,1,1,0.3194444444444444,0.5,0
LVX,majority_baseline,515432,0,1,0.3333333333333333,0.5,0
LVX,majority_baseline,516635,1,0,0.3194444444444444,0.5,0
LVX,majority_baseline,517281,3,1,0.3194444444444444,0.5,0
LVX,majority_baseline,518712,3,0,0.3194444444444444,0.5,0
LVX,majority_baseline,526410,4,1,0.3194444444444444,0.5,0
LVX,majority_baseline,539414,0,0,0.3333333333333333,0.5,0
LVX,majority_baseline,546733,2,0,0.3194444444444444,0.5,0
LVX,majority_baseline,560539,3,1,0.3194444444444444,0.5,0
LVX,majority_baseline,562722,4,0,0.3194444444444444,0.5,0
LVX,majority_baseline,564304,4,0,0.3194444444444444,0.5,0
LVX,majority_baseline,572640,3,0,0.3194444444444444,0.5,0
LVX,majority_baseline,5741,0,1,0.3333333333333333,0.5,0
LVX,majority_baseline,582610,2,0,0.3194444444444444,0.5,0
LVX,majority_baseline,583114,3,0,0.3194444444444444,0.5,0
LVX,majority_baseline,583141,0,0,0.3333333333333333,0.5,0
LVX,majority_baseline,591344,1,0,0.3194444444444444,0.5,0
LVX,majority_baseline,599975,0,0,0.3333333333333333,0.5,0
LVX,majority_baseline,6031,3,0,0.3194444444444444,0.5,0
LVX,majority_baseline,607210,2,1,0.3194444444444444,0.5,0
LVX,majority_baseline,613682,2,1,0.3194444444444444,0.5,0
LVX,majority_baseline,614201,3,0,0.3194444444444444,0.5,0
LVX,majority_baseline,669448,0,1,0.3333333333333333,0.5,0
LVX,majority_baseline,669510,2,0,0.3194444444444444,0.5,0
LVX,majority_baseline,672476,1,0,0.3194444444444444,0.5,0
LVX,majority_baseline,676980,4,0,0.3194444444444444,0.5,0
LVX,majority_baseline,681054,2,1,0.3194444444444444,0.5,0
LVX,majority_baseline,699478,0,0,0.3333333333333333,0.5,0
LVX,majority_baseline,699654,1,0,0.3194444444444444,0.5,0
LVX,majority_baseline,702261,1,0,0.3194444444444444,0.5,0
LVX,majority_baseline,702325,4,0,0.3194444444444444,0.5,0
LVX,majority_baseline,7076,1,0,0.3194444444444444,0.5,0
LVX,majority_baseline,728987,0,0,0.3333333333333333,0.5,0
LVX,majority_baseline,730567,3,0,0.3194444444444444,0.5,0
LVX,majority_baseline,736213,1,0,0.3194444444444444,0.5,0
LVX,majority_baseline,740795,1,1,0.3194444444444444,0.5,0
LVX,majority_baseline,742743,2,0,0.3194444444444444,0.5,0
LVX,majority_baseline,750877,4,0,0.3194444444444444,0.5,0
LVX,majority_baseline,750999,3,0,0.3194444444444444,0.5,0
LVX,majority_baseline,752729,2,1,0.3194444444444444,0.5,0
LVX,majority_baseline,761403,1,1,0.3194444444444444,0.5,0
SAM,majority_baseline,13726,1,0,0.7272727272727273,0.5,1
SAM,majority_baseline,13748,2,1,0.7307692307692307,0.5,1
SAM,majority_baseline,13761,1,1,0.7272727272727273,0.5,1
SAM,majority_baseline,13768,3,1,0.7307692307692307,0.5,1
SAM,majority_baseline,14444,3,0,0.7307692307692307,0.5,1
SAM,majority_baseline,15219,2,1,0.7307692307692307,0.5,1
SAM,majority_baseline,15687,0,1,0.7402597402597403,0.5,1
SAM,majority_baseline,15882,1,1,0.7272727272727273,0.5,1
SAM,majority_baseline,15937,2,1,0.7307692307692307,0.5,1
SAM,majority_baseline,16008,0,0,0.7402597402597403,0.5,1
SAM,majority_baseline,16233,4,0,0.7307692307692307,0.5,1
SAM,majority_baseline,19073,4,1,0.7307692307692307,0.5,1
SAM,majority_baseline,1912,2,0,0.7307692307692307,0.5,1
SAM,majority_baseline,20522,0,1,0.7402597402597403,0.5,1
SAM,majority_baseline,21304,3,1,0.7307692307692307,0.5,1
SAM,majority_baseline,21352,1,1,0.7272727272727273,0.5,1
SAM,majority_baseline,22232,2,1,0.7307692307692307,0.5,1
SAM,majority_baseline,22265,4,1,0.7307692307692307,0.5,1
SAM,majority_baseline,25107,4,1,0.7307692307692307,0.5,1
SAM,majority_baseline,25112,0,1,0.7402597402597403,0.5,1
SAM,majority_baseline,25616,0,1,0.7402597402597403,0.5,1
SAM,majority_baseline,25947,1,0,0.7272727272727273,0.5,1
SAM,majority_baseline,27106,2,0,0.7307692307692307,0.5,1
SAM,majority_baseline,27778,1,1,0.7272727272727273,0.5,1
SAM,majority_baseline,27989,1,1,0.7272727272727273,0.5,1
SAM,majority_baseline,28183,3,1,0.7307692307692307,0.5,1
SAM,majority_baseline,28866,0,0,0.7402597402597403,0.5,1
SAM,majority_baseline,28880,4,0,0.7307692307692307,0.5,1
SAM,majority_baseline,28887,0,0,0.7402597402597403,0.5,1
SAM,majority_baseline,28893,0,0,0.7402597402597403,0.5,1
SAM,majority_baseline,365679,4,1,0.7307692307692307,0.5,1
SAM,majority_baseline,366562,1,1,0.7272727272727273,0.5,1
SAM,majority_baseline,368001,4,1,0.7307692307692307,0.5,1
SAM,majority_baseline,368320,2,1,0.7307692307692307,0.5,1
SAM,majority_baseline,374613,2,1,0.7307692307692307,0.5,1
SAM,majority_baseline,375436,2,1,0.7307692307692307,0.5,1
SAM,majority_baseline,380979,2,0,0.7307692307692307,0.5,1
SAM,majority_baseline,401050,0,1,0.7402597402597403,0.5,1
SAM,majority_baseline,410359,4,1,0.7307692307692307,0.5,1
SAM,majority_baseline,4111,2,0,0.7307692307692307,0.5,1
SAM,majority_baseline,414780,4,1,0.7307692307692307,0.5,1
SAM,majority_baseline,430405,2,1,0.7307692307692307,0.5,1
SAM,majority_baseline,430414,2,1,0.7307692307692307,0.5,1
SAM,majority_baseline,450199,0,1,0.7402597402597403,0.5,1
SAM,majority_baseline,4759,4,1,0.7307692307692307,0.5,1
SAM,majority_baseline,479404,0,1,0.7402597402597403,0.5,1
SAM,majority_baseline,4815,2,1,0.7307692307692307,0.5,1
SAM,majority_baseline,499958,3,1,0.7307692307692307,0.5,1
SAM,majority_baseline,511348,1,1,0.7272727272727273,0.5,1
SAM,majority_baseline,513382,0,0,0.7402597402597403,0.5,1
SAM,majority_baseline,515247,3,1,0.7307692307692307,0.5,1
SAM,majority_baseline,515432,2,1,0.7307692307692307,0.5,1
SAM,majority_baseline,516635,0,1,0.7402597402597403,0.5,1
SAM,majority_baseline,517281,3,1,0.7307692307692307,0.5,1
SAM,majority_baseline,518712,1,1,0.7272727272727273,0.5,1
SAM,majority_baseline,526410,1,1,0.7272727272727273,0.5,1
SAM,majority_baseline,539414,0,1,0.7402597402597403,0.5,1
SAM,majority_baseline,546733,1,1,0.7272727272727273,0.5,1
SAM,majority_baseline,560539,3,1,0.7307692307692307,0.5,1
SAM,majority_baseline,5613,0,1,0.7402597402597403,0.5,1
SAM,majority_baseline,562722,0,0,0.7402597402597403,0.5,1
SAM,majority_baseline,564304,1,1,0.7272727272727273,0.5,1
SAM,majority_baseline,572640,0,1,0.7402597402597403,0.5,1
SAM,majority_baseline,5741,1,1,0.7272727272727273,0.5,1
SAM,majority_baseline,581745,2,1,0.7307692307692307,0.5,1
SAM,majority_baseline,582610,0,1,0.7402597402597403,0.5,1
SAM,majority_baseline,583114,4,0,0.7307692307692307,0.5,1
SAM,majority_baseline,583141,1,1,0.7272727272727273,0.5,1
SAM,majority_baseline,5881,0,1,0.7402597402597403,0.5,1
SAM,majority_baseline,591344,4,1,0.7307692307692307,0.5,1
SAM,majority_baseline,599975,2,1,0.7307692307692307,0.5,1
SAM,majority_baseline,6031,0,1,0.7402597402597403,0.5,1
SAM,majority_baseline,607210,3,1,0.7307692307692307,0.5,1
SAM,majority_baseline,613682,3,1,0.7307692307692307,0.5,1
SAM,majority_baseline,614201,3,1,0.7307692307692307,0.5,1
SAM,majority_baseline,669448,3,1,0.7307692307692307,0.5,1
SAM,majority_baseline,669510,3,1,0.7307692307692307,0.5,1
SAM,majority_baseline,672476,3,0,0.7307692307692307,0.5,1
SAM,majority_baseline,676980,4,0,0.7307692307692307,0.5,1
SAM,majority_baseline,6778,3,1,0.7307692307692307,0.5,1
SAM,majority_baseline,680172,3,0,0.7307692307692307,0.5,1
SAM,majority_baseline,681054,4,1,0.7307692307692307,0.5,1
SAM,majority_baseline,699478,4,0,0.7307692307692307,0.5,1
SAM,majority_baseline,699654,3,0,0.7307692307692307,0.5,1
SAM,majority_baseline,702261,4,1,0.7307692307692307,0.5,1
SAM,majority_baseline,702325,1,1,0.7272727272727273,0.5,1
SAM,majority_baseline,7076,4,1,0.7307692307692307,0.5,1
SAM,majority_baseline,728987,2,1,0.7307692307692307,0.5,1
SAM,majority_baseline,730567,1,0,0.7272727272727273,0.5,1
SAM,majority_baseline,731029,4,1,0.7307692307692307,0.5,1
SAM,majority_baseline,736213,1,0,0.7272727272727273,0.5,1
SAM,majority_baseline,740795,3,1,0.7307692307692307,0.5,1
SAM,majority_baseline,742743,2,0,0.7307692307692307,0.5,1
SAM,majority_baseline,750877,3,0,0.7307692307692307,0.5,1
SAM,majority_baseline,750999,1,0,0.7272727272727273,0.5,1
SAM,majority_baseline,752729,1,1,0.7272727272727273,0.5,1
SAM,majority_baseline,761403,4,1,0.7307692307692307,0.5,1
ETP,majority_baseline,13726,0,0,0.24050632911392406,0.5,0
ETP,majority_baseline,13748,0,1,0.24050632911392406,0.5,0
ETP,majority_baseline,13761,2,1,0.22784810126582278,0.5,0
ETP,majority_baseline,13768,1,1,0.22784810126582278,0.5,0
ETP,majority_baseline,14444,2,0,0.22784810126582278,0.5,0
ETP,majority_baseline,15219,0,0,0.24050632911392406,0.5,0
ETP,majority_baseline,15687,0,0,0.24050632911392406,0.5,0
ETP,majority_baseline,15882,2,0,0.22784810126582278,0.5,0
ETP,majority_baseline,15937,3,0,0.22784810126582278,0.5,0
ETP,majority_baseline,16008,4,0,0.2375,0.5,0
ETP,majority_baseline,16233,3,0,0.22784810126582278,0.5,0
ETP,majority_baseline,18411,3,0,0.22784810126582278,0.5,0
ETP,majority_baseline,19073,1,0,0.22784810126582278,0.5,0
ETP,majority_baseline,1912,4,0,0.2375,0.5,0
ETP,majority_baseline,20522,4,0,0.2375,0.5,0
ETP,majority_baseline,21304,1,0,0.22784810126582278,0.5,0
ETP,majority_baseline,21352,0,0,0.24050632911392406,0.5,0
ETP,majority_baseline,22232,3,0,0.22784810126582278,0.5,0
ETP,majority_baseline,22265,2,0,0.22784810126582278,0.5,0
ETP,majority_baseline,25107,0,0,0.24050632911392406,0.5,0
ETP,majority_baseline,25112,0,0,0.24050632911392406,0.5,0
ETP,majority_baseline,25616,2,0,0.22784810126582278,0.5,0
ETP,majority_baseline,25947,1,0,0.22784810126582278,0.5,0
ETP,majority_baseline,27106,1,0,0.22784810126582278,0.5,0
ETP,majority_baseline,27778,2,0,0.22784810126582278,0.5,0
ETP,majority_baseline,27989,2,0,0.22784810126582278,0.5,0
ETP,majority_baseline,28183,1,0,0.22784810126582278,0.5,0
ETP,majority_baseline,28866,4,0,0.2375,0.5,0
ETP,majority_baseline,28880,3,0,0.22784810126582278,0.5,0
ETP,majority_baseline,28887,2,0,0.22784810126582278,0.5,0
ETP,majority_baseline,28893,0,0,0.24050632911392406,0.5,0
ETP,majority_baseline,365679,2,1,0.22784810126582278,0.5,0
ETP,majority_baseline,366562,1,1,0.22784810126582278,0.5,0
ETP,majority_baseline,368001,0,1,0.24050632911392406,0.5,0
ETP,majority_baseline,368320,0,1,0.24050632911392406,0.5,0
ETP,majority_baseline,371351,4,0,0.2375,0.5,0
ETP,majority_baseline,374613,2,0,0.22784810126582278,0.5,0
ETP,majority_baseline,375436,2,1,0.22784810126582278,0.5,0
ETP,majority_baseline,380979,4,0,0.2375,0.5,0
ETP,majority_baseline,401050,3,0,0.22784810126582278,0.5,0
ETP,majority_baseline,410359,4,0,0.2375,0.5,0
ETP,majority_baseline,4111,1,0,0.22784810126582278,0.5,0
ETP,majority_baseline,414780,4,0,0.2375,0.5,0
ETP,majority_baseline,430405,1,1,0.22784810126582278,0.5,0
ETP,majority_baseline,430414,2,1,0.22784810126582278,0.5,0
ETP,majority_baseline,450199,1,0,0.22784810126582278,0.5,0
ETP,majority_baseline,468268,2,0,0.22784810126582278,0.5,0
ETP,majority_baseline,4759,0,0,0.24050632911392406,0.5,0
ETP,majority_baseline,479404,1,1,0.22784810126582278,0.5,0
ETP,majority_baseline,4815,3,0,0.22784810126582278,0.5,0
ETP,majority_baseline,499958,0,0,0.24050632911392406,0.5,0
ETP,majority_baseline,511348,3,1,0.22784810126582278,0.5,0
ETP,majority_baseline,513382,1,0,0.22784810126582278,0.5,0
ETP,majority_baseline,515247,0,1,0.24050632911392406,0.5,0
ETP,majority_baseline,515432,2,0,0.22784810126582278,0.5,0
ETP,majority_baseline,516635,0,0,0.24050632911392406,0.5,0
ETP,majority_baseline,517281,4,1,0.2375,0.5,0
ETP,majority_baseline,518712,4,0,0.2375,0.5,0
ETP,majority_baseline,526410,3,1,0.22784810126582278,0.5,0
ETP,majority_baseline,539414,0,0,0.24050632911392406,0.5,0
ETP,majority_baseline,546733,2,0,0.22784810126582278,0.5,0
ETP,majority_baseline,560539,4,1,0.2375,0.5,0
ETP,majority_baseline,5613,4,0,0.2375,0.5,0
ETP,majority_baseline,562722,3,0,0.22784810126582278,0.5,0
ETP,majority_baseline,564304,3,0,0.22784810126582278,0.5,0
ETP,majority_baseline,572640,4,0,0.2375,0.5,0
ETP,majority_baseline,5741,0,0,0.24050632911392406,0.5,0
ETP,majority_baseline,581745,1,1,0.22784810126582278,0.5,0
ETP,majority_baseline,582610,1,0,0.22784810126582278,0.5,0
ETP,majority_baseline,583114,2,0,0.22784810126582278,0.5,0
ETP,majority_baseline,583141,1,0,0.22784810126582278,0.5,0
ETP,majority_baseline,5881,3,0,0.22784810126582278,0.5,0
ETP,majority_baseline,591344,1,0,0.22784810126582278,0.5,0
ETP,majority_baseline,599975,2,0,0.22784810126582278,0.5,0
ETP,majority_baseline,6031,4,0,0.2375,0.5,0
ETP,majority_baseline,607210,3,0,0.22784810126582278,0.5,0
ETP,majority_baseline,613682,4,1,0.2375,0.5,0
ETP,majority_baseline,614201,0,0,0.24050632911392406,0.5,0
ETP,majority_baseline,669448,3,1,0.22784810126582278,0.5,0
ETP,majority_baseline,672476,2,0,0.22784810126582278,0.5,0
ETP,majority_baseline,676980,4,0,0.2375,0.5,0
ETP,majority_baseline,6778,3,0,0.22784810126582278,0.5,0
ETP,majority_baseline,680172,4,0,0.2375,0.5,0
ETP,majority_baseline,681054,3,1,0.22784810126582278,0.5,0
ETP,majority_baseline,699478,2,0,0.22784810126582278,0.5,0
ETP,majority_baseline,699654,1,0,0.22784810126582278,0.5,0
ETP,majority_baseline,702261,0,0,0.24050632911392406,0.5,0
ETP,majority_baseline,702325,3,0,0.22784810126582278,0.5,0
ETP,majority_baseline,7076,1,0,0.22784810126582278,0.5,0
ETP,majority_baseline,728987,0,0,0.24050632911392406,0.5,0
ETP,majority_baseline,730567,1,0,0.22784810126582278,0.5,0
ETP,majority_baseline,731029,1,0,0.22784810126582278,0.5,0
ETP,majority_baseline,736213,3,0,0.22784810126582278,0.5,0
ETP,majority_baseline,740795,2,1,0.22784810126582278,0.5,0
ETP,majority_baseline,742743,4,0,0.2375,0.5,0
ETP,majority_baseline,750877,0,0,0.24050632911392406,0.5,0
ETP,majority_baseline,750999,3,0,0.22784810126582278,0.5,0
ETP,majority_baseline,752729,3,1,0.22784810126582278,0.5,0
ETP,majority_baseline,761403,4,1,0.2375,0.5,0
MEM,majority_baseline,13726,0,0,0.23076923076923078,0.5,0
MEM,majority_baseline,13748,0,1,0.23076923076923078,0.5,0
MEM,majority_baseline,13761,2,1,0.21794871794871795,0.5,0
MEM,majority_baseline,13768,1,1,0.21794871794871795,0.5,0
MEM,majority_baseline,14444,2,0,0.21794871794871795,0.5,0
MEM,majority_baseline,15219,0,0,0.23076923076923078,0.5,0
MEM,majority_baseline,15687,0,0,0.23076923076923078,0.5,0
MEM,majority_baseline,15882,2,0,0.21794871794871795,0.5,0
MEM,majority_baseline,15937,3,0,0.22784810126582278,0.5,0
MEM,majority_baseline,16008,4,0,0.22784810126582278,0.5,0
MEM,majority_baseline,16233,3,0,0.22784810126582278,0.5,0
MEM,majority_baseline,18411,3,0,0.22784810126582278,0.5,0
MEM,majority_baseline,19073,1,0,0.21794871794871795,0.5,0
MEM,majority_baseline,1912,4,0,0.22784810126582278,0.5,0
MEM,majority_baseline,20522,4,0,0.22784810126582278,0.5,0
MEM,majority_baseline,21304,1,0,0.21794871794871795,0.5,0
MEM,majority_baseline,21352,0,0,0.23076923076923078,0.5,0
MEM,majority_baseline,22232,3,0,0.22784810126582278,0.5,0
MEM,majority_baseline,22265,2,0,0.21794871794871795,0.5,0
MEM,majority_baseline,25107,0,0,0.23076923076923078,0.5,0
MEM,majority_baseline,25112,0,0,0.23076923076923078,0.5,0
MEM,majority_baseline,25616,2,0,0.21794871794871795,0.5,0
MEM,majority_baseline,25947,1,0,0.21794871794871795,0.5,0
MEM,majority_baseline,27106,1,0,0.21794871794871795,0.5,0
MEM,majority_baseline,27778,2,0,0.21794871794871795,0.5,0
MEM,majority_baseline,27989,2,0,0.21794871794871795,0.5,0
MEM,majority_baseline,28183,1,0,0.21794871794871795,0.5,0
MEM,majority_baseline,28866,4,0,0.22784810126582278,0.5,0
MEM,majority_baseline,28880,3,0,0.22784810126582278,0.5,0
MEM,majority_baseline,28887,2,0,0.21794871794871795,0.5,0
MEM,majority_baseline,28893,0,0,0.23076923076923078,0.5,0
MEM,majority_baseline,365679,2,1,0.21794871794871795,0.5,0
MEM,majority_baseline,366562,1,1,0.21794871794871795,0.5,0
MEM,majority_baseline,368001,0,1,0.23076923076923078,0.5,0
MEM,majority_baseline,368320,0,1,0.23076923076923078,0.5,0
MEM,majority_baseline,371351,4,0,0.22784810126582278,0.5,0
MEM,majority_baseline,374613,2,0,0.21794871794871795,0.5,0
MEM,majority_baseline,375436,2,1,0.21794871794871795,0.5,0
MEM,majority_baseline,380979,4,0,0.22784810126582278,0.5,0
MEM,majority_baseline,401050,3,0,0.22784810126582278,0.5,0
MEM,majority_baseline,410359,4,0,0.22784810126582278,0.5,0
MEM,majority_baseline,4111,1,0,0.21794871794871795,0.5,0
MEM,majority_baseline,414780,4,0,0.22784810126582278,0.5,0
MEM,majority_baseline,430405,1,1,0.21794871794871795,0.5,0
MEM,majority_baseline,430414,2,1,0.21794871794871795,0.5,0
MEM,majority_baseline,450199,1,0,0.21794871794871795,0.5,0
MEM,majority_baseline,468268,2,0,0.21794871794871795,0.5,0
MEM,majority_baseline,4759,0,0,0.23076923076923078,0.5,0
MEM,majority_baseline,479404,1,1,0.21794871794871795,0.5,0
MEM,majority_baseline,4815,3,0,0.22784810126582278,0.5,0
MEM,majority_baseline,499958,0,0,0.23076923076923078,0.5,0
MEM,majority_baseline,511348,4,1,0.22784810126582278,0.5,0
MEM,majority_baseline,513382,1,0,0.21794871794871795,0.5,0
MEM,majority_baseline,515247,0,1,0.23076923076923078,0.5,0
MEM,majority_baseline,515432,2,0,0.21794871794871795,0.5,0
MEM,majority_baseline,516635,0,0,0.23076923076923078,0.5,0
MEM,majority_baseline,517281,4,1,0.22784810126582278,0.5,0
MEM,majority_baseline,518712,4,0,0.22784810126582278,0.5,0
MEM,majority_baseline,539414,0,0,0.23076923076923078,0.5,0
MEM,majority_baseline,546733,2,0,0.21794871794871795,0.5,0
MEM,majority_baseline,560539,3,1,0.22784810126582278,0.5,0
MEM,majority_baseline,5613,4,0,0.22784810126582278,0.5,0
MEM,majority_baseline,562722,3,0,0.22784810126582278,0.5,0
MEM,majority_baseline,564304,3,0,0.22784810126582278,0.5,0
MEM,majority_baseline,572640,4,0,0.22784810126582278,0.5,0
MEM,majority_baseline,5741,0,0,0.23076923076923078,0.5,0
MEM,majority_baseline,582610,1,0,0.21794871794871795,0.5,0
MEM,majority_baseline,583114,2,0,0.21794871794871795,0.5,0
MEM,majority_baseline,583141,1,0,0.21794871794871795,0.5,0
MEM,majority_baseline,5881,3,0,0.22784810126582278,0.5,0
MEM,majority_baseline,591344,1,0,0.21794871794871795,0.5,0
MEM,majority_baseline,599975,2,0,0.21794871794871795,0.5,0
MEM,majority_baseline,6031,4,0,0.22784810126582278,0.5,0
MEM,majority_baseline,607210,3,0,0.22784810126582278,0.5,0
MEM,majority_baseline,613682,1,1,0.21794871794871795,0.5,0
MEM,majority_baseline,614201,0,0,0.23076923076923078,0.5,0
MEM,majority_baseline,669448,4,1,0.22784810126582278,0.5,0
MEM,majority_baseline,669510,3,1,0.22784810126582278,0.5,0
MEM,majority_baseline,672476,2,0,0.21794871794871795,0.5,0
MEM,majority_baseline,676980,4,0,0.22784810126582278,0.5,0
MEM,majority_baseline,6778,3,0,0.22784810126582278,0.5,0
MEM,majority_baseline,680172,4,0,0.22784810126582278,0.5,0
MEM,majority_baseline,681054,3,1,0.22784810126582278,0.5,0
MEM,majority_baseline,699478,2,0,0.21794871794871795,0.5,0
MEM,majority_baseline,699654,1,0,0.21794871794871795,0.5,0
MEM,majority_baseline,702261,0,0,0.23076923076923078,0.5,0
MEM,majority_baseline,702325,3,0,0.22784810126582278,0.5,0
MEM,majority_baseline,7076,1,0,0.21794871794871795,0.5,0
MEM,majority_baseline,728987,0,0,0.23076923076923078,0.5,0
MEM,majority_baseline,730567,1,0,0.21794871794871795,0.5,0
MEM,majority_baseline,731029,1,0,0.21794871794871795,0.5,0
MEM,majority_baseline,736213,3,0,0.22784810126582278,0.5,0
MEM,majority_baseline,740795,2,1,0.21794871794871795,0.5,0
MEM,majority_baseline,742743,4,0,0.22784810126582278,0.5,0
MEM,majority_baseline,750877,0,0,0.23076923076923078,0.5,0
MEM,majority_baseline,750999,3,0,0.22784810126582278,0.5,0
MEM,majority_baseline,752729,3,1,0.22784810126582278,0.5,0
MEM,majority_baseline,761403,4,1,0.22784810126582278,0.5,0
IPM,majority_baseline,13726,0,0,0.21052631578947367,0.5,0
IPM,majority_baseline,13748,0,1,0.21052631578947367,0.5,0
IPM,majority_baseline,13761,1,1,0.2077922077922078,0.5,0
IPM,majority_baseline,13768,0,1,0.21052631578947367,0.5,0
IPM,majority_baseline,14444,2,0,0.2077922077922078,0.5,0
IPM,majority_baseline,15219,0,0,0.21052631578947367,0.5,0
IPM,majority_baseline,15687,0,0,0.21052631578947367,0.5,0
IPM,majority_baseline,15882,2,0,0.2077922077922078,0.5,0
IPM,majority_baseline,15937,3,0,0.2077922077922078,0.5,0
IPM,majority_baseline,16008,4,0,0.2077922077922078,0.5,0
IPM,majority_baseline,16233,3,0,0.2077922077922078,0.5,0
IPM,majority_baseline,18411,3,0,0.2077922077922078,0.5,0
IPM,majority_baseline,19073,1,0,0.2077922077922078,0.5,0
IPM,majority_baseline,1912,4,0,0.2077922077922078,0.5,0
IPM,majority_baseline,20522,4,0,0.2077922077922078,0.5,0
IPM,majority_baseline,21304,1,0,0.2077922077922078,0.5,0
IPM,majority_baseline,21352,0,0,0.21052631578947367,0.5,0
IPM,majority_baseline,22232,3,0,0.2077922077922078,0.5,0
IPM,majority_baseline,22265,2,0,0.2077922077922078,0.5,0
IPM,majority_baseline,25107,0,0,0.21052631578947367,0.5,0
IPM,majority_baseline,25112,0,0,0.21052631578947367,0.5,0
IPM,majority_baseline,25616,2,0,0.2077922077922078,0.5,0
IPM,majority_baseline,25947,1,0,0.2077922077922078,0.5,0
IPM,majority_baseline,27106,1,0,0.2077922077922078,0.5,0
IPM,majority_baseline,27778,2,0,0.2077922077922078,0.5,0
IPM,majority_baseline,27989,2,0,0.2077922077922078,0.5,0
IPM,majority_baseline,28183,1,0,0.2077922077922078,0.5,0
IPM,majority_baseline,28866,4,0,0.2077922077922078,0.5,0
IPM,majority_baseline,28880,3,0,0.2077922077922078,0.5,0
IPM,majority_baseline,28887,2,0,0.2077922077922078,0.5,0
IPM,majority_baseline,28893,0,0,0.21052631578947367,0.5,0
IPM,majority_baseline,365679,4,1,0.2077922077922078,0.5,0
IPM,majority_baseline,368001,0,1,0.21052631578947367,0.5,0
IPM,majority_baseline,371351,4,0,0.2077922077922078,0.5,0
IPM,majority_baseline,374613,2,0,0.2077922077922078,0.5,0
IPM,majority_baseline,375436,4,1,0.2077922077922078,0.5,0
IPM,majority_baseline,380979,4,0,0.2077922077922078,0.5,0
IPM,majority_baseline,401050,3,0,0.2077922077922078,0.5,0
IPM,majority_baseline,410359,4,0,0.2077922077922078,0.5,0
IPM,majority_baseline,4111,1,0,0.2077922077922078,0.5,0
IPM,majority_baseline,414780,4,0,0.2077922077922078,0.5,0
IPM,majority_baseline,430405,3,1,0.2077922077922078,0.5,0
IPM,majority_baseline,430414,1,1,0.2077922077922078,0.5,0
IPM,majority_baseline,450199,1,0,0.2077922077922078,0.5,0
IPM,majority_baseline,468268,2,0,0.2077922077922078,0.5,0
IPM,majority_baseline,4759,0,0,0.21052631578947367,0.5,0
IPM,majority_baseline,479404,2,1,0.2077922077922078,0.5,0
IPM,majority_baseline,4815,3,0,0.2077922077922078,0.5,0
IPM,majority_baseline,499958,0,0,0.21052631578947367,0.5,0
IPM,majority_baseline,513382,1,0,0.2077922077922078,0.5,0
IPM,majority_baseline,515247,0,1,0.21052631578947367,0.5,0
IPM,majority_baseline,515432,2,0,0.2077922077922078,0.5,0
IPM,majority_baseline,516635,0,0,0.21052631578947367,0.5,0
IPM,majority_baseline,517281,4,1,0.2077922077922078,0.5,0
IPM,majority_baseline,518712,4,0,0.2077922077922078,0.5,0
IPM,majority_baseline,539414,0,0,0.21052631578947367,0.5,0
IPM,majority_baseline,546733,2,0,0.2077922077922078,0.5,0
IPM,majority_baseline,560539,2,1,0.2077922077922078,0.5,0
IPM,majority_baseline,5613,4,0,0.2077922077922078,0.5,0
IPM,majority_baseline,562722,3,0,0.2077922077922078,0.5,0
IPM,majority_baseline,564304,3,0,0.2077922077922078,0.5,0
IPM,majority_baseline,572640,4,0,0.2077922077922078,0.5,0
IPM,majority_baseline,5741,0,0,0.21052631578947367,0.5,0
IPM,majority_baseline,581745,2,1,0.2077922077922078,0.5,0
IPM,majority_baseline,582610,1,0,0.2077922077922078,0.5,0
IPM,majority_baseline,583114,2,0,0.2077922077922078,0.5,0
IPM,majority_baseline,583141,1,0,0.2077922077922078,0.5,0
IPM,majority_baseline,5881,3,0,0.2077922077922078,0.5,0
IPM,majority_baseline,591344,1,0,0.2077922077922078,0.5,0
IPM,majority_baseline,599975,2,0,0.2077922077922078,0.5,0
IPM,majority_baseline,6031,4,0,0.2077922077922078,0.5,0
IPM,majority_baseline,607210,3,0,0.2077922077922078,0.5,0
IPM,majority_baseline,613682,2,1,0.2077922077922078,0.5,0
IPM,majority_baseline,614201,0,0,0.21052631578947367,0.5,0
IPM,majority_baseline,669448,1,1,0.2077922077922078,0.5,0
IPM,majority_baseline,669510,1,1,0.2077922077922078,0.5,0
IPM,majority_baseline,672476,2,0,0.2077922077922078,0.5,0
IPM,majority_baseline,676980,4,0,0.2077922077922078,0.5,0
IPM,majority_baseline,6778,3,0,0.2077922077922078,0.5,0
IPM,majority_baseline,680172,4,0,0.2077922077922078,0.5,0
IPM,majority_baseline,681054,3,1,0.2077922077922078,0.5,0
IPM,majority_baseline,699478,2,0,0.2077922077922078,0.5,0
IPM,majority_baseline,699654,1,0,0.2077922077922078,0.5,0
IPM,majority_baseline,702261,0,0,0.21052631578947367,0.5,0
IPM,majority_baseline,702325,3,0,0.2077922077922078,0.5,0
IPM,majority_baseline,7076,1,0,0.2077922077922078,0.5,0
IPM,majority_baseline,728987,0,0,0.21052631578947367,0.5,0
IPM,majority_baseline,730567,1,0,0.2077922077922078,0.5,0
IPM,majority_baseline,731029,1,0,0.2077922077922078,0.5,0
IPM,majority_baseline,736213,3,0,0.2077922077922078,0.5,0
IPM,majority_baseline,740795,4,1,0.2077922077922078,0.5,0
IPM,majority_baseline,742743,4,0,0.2077922077922078,0.5,0
IPM,majority_baseline,750877,0,0,0.21052631578947367,0.5,0
IPM,majority_baseline,750999,3,0,0.2077922077922078,0.5,0
IPM,majority_baseline,752729,3,1,0.2077922077922078,0.5,0
IPM,majority_baseline,761403,3,1,0.2077922077922078,0.5,0
