isolate_id,antibiotic,original_phenotype,standardized_phenotype,binary_label,usable_for_binary,primary_antibiotic
13726,AMK,S ,S,0,True,True
13748,AMK,S ,S,0,True,True
13761,AMK,S ,S,0,True,True
13768,AMK,S ,S,0,True,True
14444,AMK,S ,S,0,True,True
15219,AMK,S ,S,0,True,True
15687,AMK,S ,S,0,True,True
15882,AMK,S ,S,0,True,True
15937,AMK,S ,S,0,True,True
16008,AMK,S ,S,0,True,True
16233,AMK,S ,S,0,True,True
18411,AMK,S ,S,0,True,True
19073,AMK,S ,S,0,True,True
1912,AMK,S ,S,0,True,True
20522,AMK,S ,S,0,True,True
21304,AMK,S ,S,0,True,True
21352,AMK,S ,S,0,True,True
22232,AMK,S ,S,0,True,True
22265,AMK,S ,S,0,True,True
25107,AMK,S ,S,0,True,True
25112,AMK,S ,S,0,True,True
25616,AMK,S ,S,0,True,True
25947,AMK,S ,S,0,True,True
27106,AMK,S ,S,0,True,True
27778,AMK,R ,R,1,True,True
27989,AMK,S ,S,0,True,True
28183,AMK,S ,S,0,True,True
28866,AMK,S ,S,0,True,True
28880,AMK,S ,S,0,True,True
28887,AMK,S ,S,0,True,True
28893,AMK,S ,S,0,True,True
365679,AMK,I ,I,,False,True
366562,AMK,R ,R,1,True,True
368001,AMK,R ,R,1,True,True
368320,AMK,S ,S,0,True,True
371351,AMK,S ,S,0,True,True
374613,AMK,S ,S,0,True,True
375436,AMK,S ,S,0,True,True
380979,AMK,S ,S,0,True,True
401050,AMK,S ,S,0,True,True
410359,AMK,S ,S,0,True,True
4111,AMK,S ,S,0,True,True
414780,AMK,S ,S,0,True,True
430405,AMK,R ,R,1,True,True
430414,AMK,S ,S,0,True,True
450199,AMK,S ,S,0,True,True
468268,AMK,S ,S,0,True,True
4759,AMK,S ,S,0,True,True
479404,AMK,S ,S,0,True,True
4815,AMK,S ,S,0,True,True
499958,AMK,S ,S,0,True,True
511348,AMK,S ,S,0,True,True
513382,AMK,S ,S,0,True,True
515247,AMK,R ,R,1,True,True
515432,AMK,S ,S,0,True,True
516635,AMK,S ,S,0,True,True
517281,AMK,R ,R,1,True,True
518712,AMK,S ,S,0,True,True
526410,AMK,S ,S,0,True,True
539414,AMK,S ,S,0,True,True
546733,AMK,S ,S,0,True,True
560539,AMK,S ,S,0,True,True
5613,AMK,S ,S,0,True,True
562722,AMK,S ,S,0,True,True
564304,AMK,S ,S,0,True,True
572640,AMK,S ,S,0,True,True
5741,AMK,S ,S,0,True,True
581745,AMK,S ,S,0,True,True
582610,AMK,S ,S,0,True,True
583114,AMK,S ,S,0,True,True
583141,AMK,S ,S,0,True,True
5881,AMK,R ,R,1,True,True
591344,AMK,S ,S,0,True,True
599975,AMK,S ,S,0,True,True
6031,AMK,S ,S,0,True,True
607210,AMK,R ,R,1,True,True
613682,AMK,R ,R,1,True,True
614201,AMK,S ,S,0,True,True
669448,AMK,S ,S,0,True,True
669510,AMK,S ,S,0,True,True
672476,AMK,S ,S,0,True,True
676980,AMK,S ,S,0,True,True
6778,AMK,S ,S,0,True,True
680172,AMK,S ,S,0,True,True
681054,AMK,S ,S,0,True,True
699478,AMK,S ,S,0,True,True
699654,AMK,S ,S,0,True,True
702261,AMK,S ,S,0,True,True
702325,AMK,S ,S,0,True,True
7076,AMK,S ,S,0,True,True
728987,AMK,S ,S,0,True,True
730567,AMK,S ,S,0,True,True
731029,AMK,S ,S,0,True,True
736213,AMK,S ,S,0,True,True
740795,AMK,S ,S,0,True,True
742743,AMK,S ,S,0,True,True
750877,AMK,S ,S,0,True,True
750999,AMK,S ,S,0,True,True
752729,AMK,S ,S,0,True,True
761403,AMK,R ,R,1,True,True
13726,GEN,S ,S,0,True,True
13748,GEN,R ,R,1,True,True
13761,GEN,R ,R,1,True,True
13768,GEN,S ,S,0,True,True
14444,GEN,S ,S,0,True,True
15219,GEN,R ,R,1,True,True
15687,GEN,S ,S,0,True,True
15882,GEN,S ,S,0,True,True
15937,GEN,S ,S,0,True,True
16008,GEN,S ,S,0,True,True
16233,GEN,S ,S,0,True,True
18411,GEN,S ,S,0,True,True
19073,GEN,S ,S,0,True,True
1912,GEN,S ,S,0,True,True
20522,GEN,R ,R,1,True,True
21304,GEN,S ,S,0,True,True
21352,GEN,S ,S,0,True,True
22232,GEN,R ,R,1,True,True
22265,GEN,R ,R,1,True,True
25107,GEN,S ,S,0,True,True
25112,GEN,S ,S,0,True,True
25616,GEN,S ,S,0,True,True
25947,GEN,S ,S,0,True,True
27106,GEN,S ,S,0,True,True
27778,GEN,R ,R,1,True,True
27989,GEN,R ,R,1,True,True
28183,GEN,S ,S,0,True,True
28866,GEN,R ,R,1,True,True
28880,GEN,S ,S,0,True,True
28887,GEN,S ,S,0,True,True
28893,GEN,S ,S,0,True,True
365679,GEN,R ,R,1,True,True
366562,GEN,R ,R,1,True,True
368001,GEN,R ,R,1,True,True
368320,GEN,R ,R,1,True,True
371351,GEN,R ,R,1,True,True
374613,GEN,S ,S,0,True,True
375436,GEN,R ,R,1,True,True
380979,GEN,S ,S,0,True,True
401050,GEN,S ,S,0,True,True
410359,GEN,R ,R,1,True,True
4111,GEN,S ,S,0,True,True
414780,GEN,S ,S,0,True,True
430405,GEN,I ,I,,False,True
430414,GEN,R ,R,1,True,True
450199,GEN,S ,S,0,True,True
468268,GEN,R ,R,1,True,True
4759,GEN,S ,S,0,True,True
479404,GEN,S ,S,0,True,True
4815,GEN,R ,R,1,True,True
499958,GEN,S ,S,0,True,True
511348,GEN,R ,R,1,True,True
513382,GEN,S ,S,0,True,True
515247,GEN,S ,S,0,True,True
515432,GEN,R ,R,1,True,True
516635,GEN,R ,R,1,True,True
517281,GEN,I ,I,,False,True
518712,GEN,S ,S,0,True,True
526410,GEN,R ,R,1,True,True
539414,GEN,S ,S,0,True,True
546733,GEN,R ,R,1,True,True
560539,GEN,R ,R,1,True,True
5613,GEN,R ,R,1,True,True
562722,GEN,S ,S,0,True,True
564304,GEN,S ,S,0,True,True
572640,GEN,S ,S,0,True,True
5741,GEN,I ,I,,False,True
581745,GEN,S ,S,0,True,True
582610,GEN,S ,S,0,True,True
583114,GEN,S ,S,0,True,True
583141,GEN,R ,R,1,True,True
5881,GEN,R ,R,1,True,True
591344,GEN,S ,S,0,True,True
599975,GEN,R ,R,1,True,True
6031,GEN,S ,S,0,True,True
607210,GEN,R ,R,1,True,True
613682,GEN,R ,R,1,True,True
614201,GEN,S ,S,0,True,True
669448,GEN,R ,R,1,True,True
669510,GEN,S ,S,0,True,True
672476,GEN,S ,S,0,True,True
676980,GEN,S ,S,0,True,True
6778,GEN,R ,R,1,True,True
680172,GEN,S ,S,0,True,True
681054,GEN,R ,R,1,True,True
699478,GEN,S ,S,0,True,True
699654,GEN,S ,S,0,True,True
702261,GEN,S ,S,0,True,True
702325,GEN,S ,S,0,True,True
7076,GEN,R ,R,1,True,True
728987,GEN,R ,R,1,True,True
730567,GEN,S ,S,0,True,True
731029,GEN,R ,R,1,True,True
736213,GEN,S ,S,0,True,True
740795,GEN,S ,S,0,True,True
742743,GEN,S ,S,0,True,True
750877,GEN,S ,S,0,True,True
750999,GEN,S ,S,0,True,True
752729,GEN,S ,S,0,True,True
761403,GEN,S ,S,0,True,True
13726,TOB,S ,S,0,True,True
13748,TOB,I ,I,,False,True
13761,TOB,R ,R,1,True,True
13768,TOB,R ,R,1,True,True
14444,TOB,S ,S,0,True,True
15219,TOB,R ,R,1,True,True
15687,TOB,R ,R,1,True,True
15882,TOB,S ,S,0,True,True
15937,TOB,S ,S,0,True,True
16008,TOB,S ,S,0,True,True
16233,TOB,S ,S,0,True,True
18411,TOB,S ,S,0,True,True
19073,TOB,S ,S,0,True,True
1912,TOB,S ,S,0,True,True
20522,TOB,R ,R,1,True,True
21304,TOB,S ,S,0,True,True
21352,TOB,I ,I,,False,True
22232,TOB,R ,R,1,True,True
22265,TOB,R ,R,1,True,True
25107,TOB,S ,S,0,True,True
25112,TOB,S ,S,0,True,True
25616,TOB,S ,S,0,True,True
25947,TOB,S ,S,0,True,True
27106,TOB,S ,S,0,True,True
27778,TOB,R ,R,1,True,True
27989,TOB,R ,R,1,True,True
28183,TOB,R ,R,1,True,True
28866,TOB,I ,I,,False,True
28880,TOB,S ,S,0,True,True
28887,TOB,S ,S,0,True,True
28893,TOB,S ,S,0,True,True
365679,TOB,R ,R,1,True,True
366562,TOB,R ,R,1,True,True
368001,TOB,R ,R,1,True,True
368320,TOB,R ,R,1,True,True
371351,TOB,R ,R,1,True,True
374613,TOB,S ,S,0,True,True
375436,TOB,S ,S,0,True,True
380979,TOB,S ,S,0,True,True
401050,TOB,S ,S,0,True,True
410359,TOB,I ,I,,False,True
4111,TOB,S ,S,0,True,True
414780,TOB,I ,I,,False,True
430405,TOB,R ,R,1,True,True
430414,TOB,I ,I,,False,True
450199,TOB,S ,S,0,True,True
468268,TOB,S ,S,0,True,True
4759,TOB,S ,S,0,True,True
479404,TOB,R ,R,1,True,True
4815,TOB,S ,S,0,True,True
499958,TOB,R ,R,1,True,True
511348,TOB,R ,R,1,True,True
513382,TOB,S ,S,0,True,True
515247,TOB,R ,R,1,True,True
515432,TOB,R ,R,1,True,True
516635,TOB,I ,I,,False,True
517281,TOB,R ,R,1,True,True
518712,TOB,S ,S,0,True,True
526410,TOB,R ,R,1,True,True
539414,TOB,R ,R,1,True,True
546733,TOB,R ,R,1,True,True
560539,TOB,I ,I,,False,True
5613,TOB,R ,R,1,True,True
562722,TOB,S ,S,0,True,True
564304,TOB,R ,R,1,True,True
572640,TOB,S ,S,0,True,True
5741,TOB,I ,I,,False,True
581745,TOB,R ,R,1,True,True
582610,TOB,I ,I,,False,True
583114,TOB,S ,S,0,True,True
583141,TOB,R ,R,1,True,True
5881,TOB,R ,R,1,True,True
591344,TOB,S ,S,0,True,True
599975,TOB,R ,R,1,True,True
6031,TOB,R ,R,1,True,True
607210,TOB,R ,R,1,True,True
613682,TOB,R ,R,1,True,True
614201,TOB,S ,S,0,True,True
669448,TOB,R ,R,1,True,True
669510,TOB,I ,I,,False,True
672476,TOB,S ,S,0,True,True
676980,TOB,S ,S,0,True,True
6778,TOB,R ,R,1,True,True
680172,TOB,S ,S,0,True,True
681054,TOB,I ,I,,False,True
699478,TOB,S ,S,0,True,True
699654,TOB,S ,S,0,True,True
702261,TOB,R ,R,1,True,True
702325,TOB,S ,S,0,True,True
7076,TOB,R ,R,1,True,True
728987,TOB,I ,I,,False,True
730567,TOB,S ,S,0,True,True
731029,TOB,S ,S,0,True,True
736213,TOB,S ,S,0,True,True
740795,TOB,R ,R,1,True,True
742743,TOB,S ,S,0,True,True
750877,TOB,S ,S,0,True,True
750999,TOB,S ,S,0,True,True
752729,TOB,R ,R,1,True,True
761403,TOB,R ,R,1,True,True
13726,SAM,S ,S,0,True,True
13748,SAM,R ,R,1,True,True
13761,SAM,R ,R,1,True,True
13768,SAM,R ,R,1,True,True
14444,SAM,S ,S,0,True,True
15219,SAM,R ,R,1,True,True
15687,SAM,R ,R,1,True,True
15882,SAM,R ,R,1,True,True
15937,SAM,R ,R,1,True,True
16008,SAM,S ,S,0,True,True
16233,SAM,S ,S,0,True,True
18411,SAM,I ,I,,False,True
19073,SAM,R ,R,1,True,True
1912,SAM,S ,S,0,True,True
20522,SAM,R ,R,1,True,True
21304,SAM,R ,R,1,True,True
21352,SAM,R ,R,1,True,True
22232,SAM,R ,R,1,True,True
22265,SAM,R ,R,1,True,True
25107,SAM,R ,R,1,True,True
25112,SAM,R ,R,1,True,True
25616,SAM,R ,R,1,True,True
25947,SAM,S ,S,0,True,True
27106,SAM,S ,S,0,True,True
27778,SAM,R ,R,1,True,True
27989,SAM,R ,R,1,True,True
28183,SAM,R ,R,1,True,True
28866,SAM,S ,S,0,True,True
28880,SAM,S ,S,0,True,True
28887,SAM,S ,S,0,True,True
28893,SAM,S ,S,0,True,True
365679,SAM,R ,R,1,True,True
366562,SAM,R ,R,1,True,True
368001,SAM,R ,R,1,True,True
368320,SAM,R ,R,1,True,True
371351,SAM,I ,I,,False,True
374613,SAM,R ,R,1,True,True
375436,SAM,R ,R,1,True,True
380979,SAM,S ,S,0,True,True
401050,SAM,R ,R,1,True,True
410359,SAM,R ,R,1,True,True
4111,SAM,S ,S,0,True,True
414780,SAM,R ,R,1,True,True
430405,SAM,R ,R,1,True,True
430414,SAM,R ,R,1,True,True
450199,SAM,R ,R,1,True,True
468268,SAM,I ,I,,False,True
4759,SAM,R ,R,1,True,True
479404,SAM,R ,R,1,True,True
4815,SAM,R ,R,1,True,True
499958,SAM,R ,R,1,True,True
511348,SAM,R ,R,1,True,True
513382,SAM,S ,S,0,True,True
515247,SAM,R ,R,1,True,True
515432,SAM,R ,R,1,True,True
516635,SAM,R ,R,1,True,True
517281,SAM,R ,R,1,True,True
518712,SAM,R ,R,1,True,True
526410,SAM,R ,R,1,True,True
539414,SAM,R ,R,1,True,True
546733,SAM,R ,R,1,True,True
560539,SAM,R ,R,1,True,True
5613,SAM,R ,R,1,True,True
562722,SAM,S ,S,0,True,True
564304,SAM,R ,R,1,True,True
572640,SAM,R ,R,1,True,True
5741,SAM,R ,R,1,True,True
581745,SAM,R ,R,1,True,True
582610,SAM,R ,R,1,True,True
583114,SAM,S ,S,0,True,True
583141,SAM,R ,R,1,True,True
5881,SAM,R ,R,1,True,True
591344,SAM,R ,R,1,True,True
599975,SAM,R ,R,1,True,True
6031,SAM,R ,R,1,True,True
607210,SAM,R ,R,1,True,True
613682,SAM,R ,R,1,True,True
614201,SAM,R ,R,1,True,True
669448,SAM,R ,R,1,True,True
669510,SAM,R ,R,1,True,True
672476,SAM,S ,S,0,True,True
676980,SAM,S ,S,0,True,True
6778,SAM,R ,R,1,True,True
680172,SAM,S ,S,0,True,True
681054,SAM,R ,R,1,True,True
699478,SAM,S ,S,0,True,True
699654,SAM,S ,S,0,True,True
702261,SAM,R ,R,1,True,True
702325,SAM,R ,R,1,True,True
7076,SAM,R ,R,1,True,True
728987,SAM,R ,R,1,True,True
730567,SAM,S ,S,0,True,True
731029,SAM,R ,R,1,True,True
736213,SAM,S ,S,0,True,True
740795,SAM,R ,R,1,True,True
742743,SAM,S ,S,0,True,True
750877,SAM,S ,S,0,True,True
750999,SAM,S ,S,0,True,True
752729,SAM,R ,R,1,True,True
761403,SAM,R ,R,1,True,True
13726,ATM,S ,S,0,True,True
13748,ATM,R ,R,1,True,True
13761,ATM,I ,I,,False,True
13768,ATM,R ,R,1,True,True
14444,ATM,S ,S,0,True,True
15219,ATM,R ,R,1,True,True
15687,ATM,R ,R,1,True,True
15882,ATM,S ,S,0,True,True
15937,ATM,S ,S,0,True,True
16008,ATM,S ,S,0,True,True
16233,ATM,S ,S,0,True,True
18411,ATM,S ,S,0,True,True
19073,ATM,R ,R,1,True,True
1912,ATM,S ,S,0,True,True
20522,ATM,R ,R,1,True,True
21304,ATM,S ,S,0,True,True
21352,ATM,R ,R,1,True,True
22232,ATM,R ,R,1,True,True
22265,ATM,R ,R,1,True,True
25107,ATM,S ,S,0,True,True
25112,ATM,S ,S,0,True,True
25616,ATM,S ,S,0,True,True
25947,ATM,S ,S,0,True,True
27106,ATM,S ,S,0,True,True
27778,ATM,R ,R,1,True,True
27989,ATM,R ,R,1,True,True
28183,ATM,R ,R,1,True,True
28866,ATM,S ,S,0,True,True
28880,ATM,S ,S,0,True,True
28887,ATM,S ,S,0,True,True
28893,ATM,S ,S,0,True,True
365679,ATM,R ,R,1,True,True
366562,ATM,R ,R,1,True,True
368001,ATM,R ,R,1,True,True
368320,ATM,R ,R,1,True,True
371351,ATM,R ,R,1,True,True
374613,ATM,R ,R,1,True,True
375436,ATM,R ,R,1,True,True
380979,ATM,S ,S,0,True,True
401050,ATM,S ,S,0,True,True
410359,ATM,R ,R,1,True,True
4111,ATM,S ,S,0,True,True
414780,ATM,R ,R,1,True,True
430405,ATM,R ,R,1,True,True
430414,ATM,R ,R,1,True,True
450199,ATM,S ,S,0,True,True
468268,ATM,R ,R,1,True,True
4759,ATM,R ,R,1,True,True
479404,ATM,R ,R,1,True,True
4815,ATM,R ,R,1,True,True
499958,ATM,I ,I,,False,True
511348,ATM,R ,R,1,True,True
513382,ATM,S ,S,0,True,True
515247,ATM,R ,R,1,True,True
515432,ATM,R ,R,1,True,True
516635,ATM,R ,R,1,True,True
517281,ATM,R ,R,1,True,True
518712,ATM,R ,R,1,True,True
526410,ATM,R ,R,1,True,True
539414,ATM,I ,I,,False,True
546733,ATM,R ,R,1,True,True
560539,ATM,R ,R,1,True,True
5613,ATM,R ,R,1,True,True
562722,ATM,S ,S,0,True,True
564304,ATM,I ,I,,False,True
572640,ATM,S ,S,0,True,True
5741,ATM,R ,R,1,True,True
581745,ATM,R ,R,1,True,True
582610,ATM,R ,R,1,True,True
583114,ATM,R ,R,1,True,True
583141,ATM,R ,R,1,True,True
5881,ATM,R ,R,1,True,True
591344,ATM,S ,S,0,True,True
599975,ATM,R ,R,1,True,True
6031,ATM,I ,I,,False,True
607210,ATM,R ,R,1,True,True
613682,ATM,R ,R,1,True,True
614201,ATM,R ,R,1,True,True
669448,ATM,R ,R,1,True,True
669510,ATM,I ,I,,False,True
672476,ATM,S ,S,0,True,True
676980,ATM,S ,S,0,True,True
6778,ATM,R ,R,1,True,True
680172,ATM,S ,S,0,True,True
681054,ATM,R ,R,1,True,True
699478,ATM,S ,S,0,True,True
699654,ATM,S ,S,0,True,True
702261,ATM,R ,R,1,True,True
702325,ATM,S ,S,0,True,True
7076,ATM,R ,R,1,True,True
728987,ATM,R ,R,1,True,True
730567,ATM,S ,S,0,True,True
731029,ATM,R ,R,1,True,True
736213,ATM,S ,S,0,True,True
740795,ATM,R ,R,1,True,True
742743,ATM,S ,S,0,True,True
750877,ATM,S ,S,0,True,True
750999,ATM,S ,S,0,True,True
752729,ATM,R ,R,1,True,True
761403,ATM,R ,R,1,True,True
13726,CAZ,S ,S,0,True,True
13748,CAZ,I ,I,,False,True
13761,CAZ,I ,I,,False,True
13768,CAZ,R ,R,1,True,True
14444,CAZ,S ,S,0,True,True
15219,CAZ,R ,R,1,True,True
15687,CAZ,R ,R,1,True,True
15882,CAZ,S ,S,0,True,True
15937,CAZ,S ,S,0,True,True
16008,CAZ,S ,S,0,True,True
16233,CAZ,S ,S,0,True,True
18411,CAZ,S ,S,0,True,True
19073,CAZ,R ,R,1,True,True
1912,CAZ,S ,S,0,True,True
20522,CAZ,R ,R,1,True,True
21304,CAZ,S ,S,0,True,True
21352,CAZ,I ,I,,False,True
22232,CAZ,R ,R,1,True,True
22265,CAZ,R ,R,1,True,True
25107,CAZ,S ,S,0,True,True
25112,CAZ,S ,S,0,True,True
25616,CAZ,S ,S,0,True,True
25947,CAZ,S ,S,0,True,True
27106,CAZ,S ,S,0,True,True
27778,CAZ,R ,R,1,True,True
27989,CAZ,R ,R,1,True,True
28183,CAZ,R ,R,1,True,True
28866,CAZ,S ,S,0,True,True
28880,CAZ,S ,S,0,True,True
28887,CAZ,S ,S,0,True,True
28893,CAZ,S ,S,0,True,True
365679,CAZ,R ,R,1,True,True
366562,CAZ,R ,R,1,True,True
368001,CAZ,R ,R,1,True,True
368320,CAZ,R ,R,1,True,True
371351,CAZ,R ,R,1,True,True
374613,CAZ,R ,R,1,True,True
375436,CAZ,R ,R,1,True,True
380979,CAZ,S ,S,0,True,True
401050,CAZ,S ,S,0,True,True
410359,CAZ,R ,R,1,True,True
4111,CAZ,S ,S,0,True,True
414780,CAZ,R ,R,1,True,True
430405,CAZ,R ,R,1,True,True
430414,CAZ,R ,R,1,True,True
450199,CAZ,S ,S,0,True,True
468268,CAZ,R ,R,1,True,True
4759,CAZ,R ,R,1,True,True
479404,CAZ,R ,R,1,True,True
4815,CAZ,R ,R,1,True,True
499958,CAZ,R ,R,1,True,True
511348,CAZ,R ,R,1,True,True
513382,CAZ,S ,S,0,True,True
515247,CAZ,R ,R,1,True,True
515432,CAZ,R ,R,1,True,True
516635,CAZ,R ,R,1,True,True
517281,CAZ,R ,R,1,True,True
518712,CAZ,R ,R,1,True,True
526410,CAZ,R ,R,1,True,True
539414,CAZ,I ,I,,False,True
546733,CAZ,R ,R,1,True,True
560539,CAZ,I ,I,,False,True
5613,CAZ,R ,R,1,True,True
562722,CAZ,S ,S,0,True,True
564304,CAZ,I ,I,,False,True
572640,CAZ,S ,S,0,True,True
5741,CAZ,R ,R,1,True,True
581745,CAZ,R ,R,1,True,True
582610,CAZ,I ,I,,False,True
583114,CAZ,R ,R,1,True,True
583141,CAZ,R ,R,1,True,True
5881,CAZ,R ,R,1,True,True
591344,CAZ,S ,S,0,True,True
599975,CAZ,R ,R,1,True,True
6031,CAZ,R ,R,1,True,True
607210,CAZ,R ,R,1,True,True
613682,CAZ,R ,R,1,True,True
614201,CAZ,R ,R,1,True,True
669448,CAZ,R ,R,1,True,True
669510,CAZ,R ,R,1,True,True
672476,CAZ,S ,S,0,True,True
676980,CAZ,S ,S,0,True,True
6778,CAZ,R ,R,1,True,True
680172,CAZ,S ,S,0,True,True
681054,CAZ,R ,R,1,True,True
699478,CAZ,S ,S,0,True,True
699654,CAZ,S ,S,0,True,True
702261,CAZ,I ,I,,False,True
702325,CAZ,S ,S,0,True,True
7076,CAZ,R ,R,1,True,True
728987,CAZ,R ,R,1,True,True
730567,CAZ,S ,S,0,True,True
731029,CAZ,R ,R,1,True,True
736213,CAZ,S ,S,0,True,True
740795,CAZ,R ,R,1,True,True
742743,CAZ,S ,S,0,True,True
750877,CAZ,S ,S,0,True,True
750999,CAZ,S ,S,0,True,True
752729,CAZ,R ,R,1,True,True
761403,CAZ,R ,R,1,True,True
13726,CRO,S ,S,0,True,True
13748,CRO,R ,R,1,True,True
13761,CRO,R ,R,1,True,True
13768,CRO,R ,R,1,True,True
14444,CRO,S ,S,0,True,True
15219,CRO,R ,R,1,True,True
15687,CRO,R ,R,1,True,True
15882,CRO,S ,S,0,True,True
15937,CRO,S ,S,0,True,True
16008,CRO,S ,S,0,True,True
16233,CRO,S ,S,0,True,True
18411,CRO,S ,S,0,True,True
19073,CRO,R ,R,1,True,True
1912,CRO,S ,S,0,True,True
20522,CRO,R ,R,1,True,True
21304,CRO,S ,S,0,True,True
21352,CRO,R ,R,1,True,True
22232,CRO,R ,R,1,True,True
22265,CRO,R ,R,1,True,True
25107,CRO,S ,S,0,True,True
25112,CRO,S ,S,0,True,True
25616,CRO,S ,S,0,True,True
25947,CRO,S ,S,0,True,True
27106,CRO,S ,S,0,True,True
27778,CRO,R ,R,1,True,True
27989,CRO,R ,R,1,True,True
28183,CRO,R ,R,1,True,True
28866,CRO,S ,S,0,True,True
28880,CRO,S ,S,0,True,True
28887,CRO,S ,S,0,True,True
28893,CRO,S ,S,0,True,True
365679,CRO,R ,R,1,True,True
366562,CRO,R ,R,1,True,True
368001,CRO,R ,R,1,True,True
368320,CRO,R ,R,1,True,True
371351,CRO,R ,R,1,True,True
374613,CRO,R ,R,1,True,True
375436,CRO,R ,R,1,True,True
380979,CRO,S ,S,0,True,True
401050,CRO,S ,S,0,True,True
410359,CRO,R ,R,1,True,True
4111,CRO,S ,S,0,True,True
414780,CRO,R ,R,1,True,True
430405,CRO,R ,R,1,True,True
430414,CRO,R ,R,1,True,True
450199,CRO,S ,S,0,True,True
468268,CRO,R ,R,1,True,True
4759,CRO,R ,R,1,True,True
479404,CRO,R ,R,1,True,True
4815,CRO,R ,R,1,True,True
499958,CRO,R ,R,1,True,True
511348,CRO,R ,R,1,True,True
513382,CRO,S ,S,0,True,True
515247,CRO,R ,R,1,True,True
515432,CRO,R ,R,1,True,True
516635,CRO,R ,R,1,True,True
517281,CRO,R ,R,1,True,True
518712,CRO,R ,R,1,True,True
526410,CRO,R ,R,1,True,True
539414,CRO,R ,R,1,True,True
546733,CRO,R ,R,1,True,True
560539,CRO,R ,R,1,True,True
5613,CRO,R ,R,1,True,True
562722,CRO,S ,S,0,True,True
564304,CRO,R ,R,1,True,True
572640,CRO,S ,S,0,True,True
5741,CRO,R ,R,1,True,True
581745,CRO,R ,R,1,True,True
582610,CRO,R ,R,1,True,True
583114,CRO,R ,R,1,True,True
583141,CRO,R ,R,1,True,True
5881,CRO,R ,R,1,True,True
591344,CRO,S ,S,0,True,True
599975,CRO,R ,R,1,True,True
6031,CRO,R ,R,1,True,True
607210,CRO,R ,R,1,True,True
613682,CRO,R ,R,1,True,True
614201,CRO,R ,R,1,True,True
669448,CRO,R ,R,1,True,True
669510,CRO,R ,R,1,True,True
672476,CRO,S ,S,0,True,True
676980,CRO,S ,S,0,True,True
6778,CRO,R ,R,1,True,True
680172,CRO,S ,S,0,True,True
681054,CRO,R ,R,1,True,True
699478,CRO,S ,S,0,True,True
699654,CRO,S ,S,0,True,True
702261,CRO,R ,R,1,True,True
702325,CRO,S ,S,0,True,True
7076,CRO,R ,R,1,True,True
728987,CRO,R ,R,1,True,True
730567,CRO,S ,S,0,True,True
731029,CRO,R ,R,1,True,True
736213,CRO,S ,S,0,True,True
740795,CRO,R ,R,1,True,True
742743,CRO,S ,S,0,True,True
750877,CRO,S ,S,0,True,True
750999,CRO,S ,S,0,True,True
752729,CRO,R ,R,1,True,True
761403,CRO,R ,R,1,True,True
13726,FEP,S ,S,0,True,True
13748,FEP,R ,R,1,True,True
13761,FEP,R ,R,1,True,True
13768,FEP,R ,R,1,True,True
14444,FEP,S ,S,0,True,True
15219,FEP,S ,S,0,True,True
15687,FEP,R ,R,1,True,True
15882,FEP,S ,S,0,True,True
15937,FEP,S ,S,0,True,True
16008,FEP,S ,S,0,True,True
16233,FEP,S ,S,0,True,True
18411,FEP,S ,S,0,True,True
19073,FEP,R ,R,1,True,True
1912,FEP,S ,S,0,True,True
20522,FEP,R ,R,1,True,True
21304,FEP,S ,S,0,True,True
21352,FEP,R ,R,1,True,True
22232,FEP,R ,R,1,True,True
22265,FEP,S ,S,0,True,True
25107,FEP,S ,S,0,True,True
25112,FEP,S ,S,0,True,True
25616,FEP,S ,S,0,True,True
25947,FEP,S ,S,0,True,True
27106,FEP,S ,S,0,True,True
27778,FEP,R ,R,1,True,True
27989,FEP,R ,R,1,True,True
28183,FEP,S ,S,0,True,True
28866,FEP,S ,S,0,True,True
28880,FEP,S ,S,0,True,True
28887,FEP,S ,S,0,True,True
28893,FEP,S ,S,0,True,True
365679,FEP,R ,R,1,True,True
366562,FEP,R ,R,1,True,True
368001,FEP,R ,R,1,True,True
368320,FEP,R ,R,1,True,True
371351,FEP,S ,S,0,True,True
374613,FEP,I ,I,,False,True
375436,FEP,R ,R,1,True,True
380979,FEP,S ,S,0,True,True
401050,FEP,S ,S,0,True,True
410359,FEP,R ,R,1,True,True
4111,FEP,S ,S,0,True,True
414780,FEP,R ,R,1,True,True
430405,FEP,R ,R,1,True,True
430414,FEP,R ,R,1,True,True
450199,FEP,S ,S,0,True,True
468268,FEP,R ,R,1,True,True
4759,FEP,S ,S,0,True,True
479404,FEP,R ,R,1,True,True
4815,FEP,I ,I,,False,True
499958,FEP,R ,R,1,True,True
511348,FEP,R ,R,1,True,True
513382,FEP,S ,S,0,True,True
515247,FEP,R ,R,1,True,True
515432,FEP,R ,R,1,True,True
516635,FEP,R ,R,1,True,True
517281,FEP,R ,R,1,True,True
518712,FEP,R ,R,1,True,True
526410,FEP,R ,R,1,True,True
539414,FEP,R ,R,1,True,True
546733,FEP,R ,R,1,True,True
560539,FEP,R ,R,1,True,True
5613,FEP,R ,R,1,True,True
562722,FEP,S ,S,0,True,True
564304,FEP,R ,R,1,True,True
572640,FEP,S ,S,0,True,True
5741,FEP,S ,S,0,True,True
581745,FEP,R ,R,1,True,True
582610,FEP,R ,R,1,True,True
583114,FEP,S ,S,0,True,True
583141,FEP,R ,R,1,True,True
5881,FEP,R ,R,1,True,True
591344,FEP,S ,S,0,True,True
599975,FEP,R ,R,1,True,True
6031,FEP,R ,R,1,True,True
607210,FEP,R ,R,1,True,True
613682,FEP,R ,R,1,True,True
614201,FEP,R ,R,1,True,True
669448,FEP,R ,R,1,True,True
669510,FEP,R ,R,1,True,True
672476,FEP,S ,S,0,True,True
676980,FEP,S ,S,0,True,True
6778,FEP,R ,R,1,True,True
680172,FEP,S ,S,0,True,True
681054,FEP,R ,R,1,True,True
699478,FEP,S ,S,0,True,True
699654,FEP,S ,S,0,True,True
702261,FEP,R ,R,1,True,True
702325,FEP,S ,S,0,True,True
7076,FEP,R ,R,1,True,True
728987,FEP,R ,R,1,True,True
730567,FEP,S ,S,0,True,True
731029,FEP,R ,R,1,True,True
736213,FEP,S ,S,0,True,True
740795,FEP,R ,R,1,True,True
742743,FEP,S ,S,0,True,True
750877,FEP,S ,S,0,True,True
750999,FEP,S ,S,0,True,True
752729,FEP,R ,R,1,True,True
761403,FEP,R ,R,1,True,True
13726,CZA,S ,S,0,True,True
13748,CZA,S ,S,0,True,True
13761,CZA,S ,S,0,True,True
13768,CZA,S ,S,0,True,True
14444,CZA,S ,S,0,True,True
15219,CZA,S ,S,0,True,True
15687,CZA,S ,S,0,True,True
15882,CZA,S ,S,0,True,True
15937,CZA,S ,S,0,True,True
16008,CZA,S ,S,0,True,True
16233,CZA,S ,S,0,True,True
18411,CZA,S ,S,0,True,True
19073,CZA,S ,S,0,True,True
1912,CZA,S ,S,0,True,True
20522,CZA,S ,S,0,True,True
21304,CZA,S ,S,0,True,True
21352,CZA,S ,S,0,True,True
22232,CZA,S ,S,0,True,True
22265,CZA,S ,S,0,True,True
25107,CZA,S ,S,0,True,True
25112,CZA,S ,S,0,True,True
25616,CZA,S ,S,0,True,True
25947,CZA,S ,S,0,True,True
27106,CZA,S ,S,0,True,True
27778,CZA,S ,S,0,True,True
27989,CZA,S ,S,0,True,True
28183,CZA,S ,S,0,True,True
28866,CZA,S ,S,0,True,True
28880,CZA,S ,S,0,True,True
28887,CZA,S ,S,0,True,True
28893,CZA,S ,S,0,True,True
365679,CZA,R ,R,1,True,True
366562,CZA,S ,S,0,True,True
368001,CZA,R ,R,1,True,True
368320,CZA,S ,S,0,True,True
371351,CZA,S ,S,0,True,True
374613,CZA,S ,S,0,True,True
375436,CZA,S ,S,0,True,True
380979,CZA,S ,S,0,True,True
401050,CZA,S ,S,0,True,True
410359,CZA,S ,S,0,True,True
4111,CZA,S ,S,0,True,True
414780,CZA,S ,S,0,True,True
430405,CZA,S ,S,0,True,True
430414,CZA,S ,S,0,True,True
450199,CZA,S ,S,0,True,True
468268,CZA,S ,S,0,True,True
4759,CZA,S ,S,0,True,True
479404,CZA,R ,R,1,True,True
4815,CZA,S ,S,0,True,True
499958,CZA,S ,S,0,True,True
511348,CZA,S ,S,0,True,True
513382,CZA,S ,S,0,True,True
515247,CZA,R ,R,1,True,True
515432,CZA,S ,S,0,True,True
516635,CZA,S ,S,0,True,True
517281,CZA,R ,R,1,True,True
518712,CZA,S ,S,0,True,True
526410,CZA,S ,S,0,True,True
539414,CZA,S ,S,0,True,True
546733,CZA,S ,S,0,True,True
560539,CZA,S ,S,0,True,True
5613,CZA,S ,S,0,True,True
562722,CZA,S ,S,0,True,True
564304,CZA,S ,S,0,True,True
572640,CZA,S ,S,0,True,True
5741,CZA,S ,S,0,True,True
581745,CZA,R ,R,1,True,True
582610,CZA,S ,S,0,True,True
583114,CZA,S ,S,0,True,True
583141,CZA,S ,S,0,True,True
5881,CZA,S ,S,0,True,True
591344,CZA,S ,S,0,True,True
599975,CZA,S ,S,0,True,True
6031,CZA,S ,S,0,True,True
607210,CZA,S ,S,0,True,True
613682,CZA,R ,R,1,True,True
614201,CZA,S ,S,0,True,True
669448,CZA,S ,S,0,True,True
669510,CZA,R ,R,1,True,True
672476,CZA,S ,S,0,True,True
676980,CZA,S ,S,0,True,True
6778,CZA,S ,S,0,True,True
680172,CZA,S ,S,0,True,True
681054,CZA,R ,R,1,True,True
699478,CZA,S ,S,0,True,True
699654,CZA,S ,S,0,True,True
702261,CZA,S ,S,0,True,True
702325,CZA,S ,S,0,True,True
7076,CZA,S ,S,0,True,True
728987,CZA,S ,S,0,True,True
730567,CZA,S ,S,0,True,True
731029,CZA,S ,S,0,True,True
736213,CZA,S ,S,0,True,True
740795,CZA,S ,S,0,True,True
742743,CZA,S ,S,0,True,True
750877,CZA,S ,S,0,True,True
750999,CZA,S ,S,0,True,True
752729,CZA,R ,R,1,True,True
761403,CZA,S ,S,0,True,True
13726,C/T,S ,S,0,True,True
13748,C/T,R ,R,1,True,True
13761,C/T,R ,R,1,True,True
13768,C/T,R ,R,1,True,True
14444,C/T,S ,S,0,True,True
15219,C/T,S ,S,0,True,True
15687,C/T,R ,R,1,True,True
15882,C/T,S ,S,0,True,True
15937,C/T,S ,S,0,True,True
16008,C/T,S ,S,0,True,True
16233,C/T,S ,S,0,True,True
18411,C/T,S ,S,0,True,True
19073,C/T,S ,S,0,True,True
1912,C/T,S ,S,0,True,True
20522,C/T,R ,R,1,True,True
21304,C/T,S ,S,0,True,True
21352,C/T,S ,S,0,True,True
22232,C/T,R ,R,1,True,True
22265,C/T,R ,R,1,True,True
25107,C/T,S ,S,0,True,True
25112,C/T,S ,S,0,True,True
25616,C/T,S ,S,0,True,True
25947,C/T,S ,S,0,True,True
27106,C/T,S ,S,0,True,True
27778,C/T,S ,S,0,True,True
27989,C/T,R ,R,1,True,True
28183,C/T,R ,R,1,True,True
28866,C/T,S ,S,0,True,True
28880,C/T,S ,S,0,True,True
28887,C/T,S ,S,0,True,True
28893,C/T,S ,S,0,True,True
365679,C/T,R ,R,1,True,True
366562,C/T,R ,R,1,True,True
368001,C/T,R ,R,1,True,True
368320,C/T,R ,R,1,True,True
371351,C/T,S ,S,0,True,True
374613,C/T,S ,S,0,True,True
375436,C/T,R ,R,1,True,True
380979,C/T,S ,S,0,True,True
401050,C/T,S ,S,0,True,True
410359,C/T,S ,S,0,True,True
4111,C/T,S ,S,0,True,True
414780,C/T,S ,S,0,True,True
430405,C/T,R ,R,1,True,True
430414,C/T,R ,R,1,True,True
450199,C/T,S ,S,0,True,True
468268,C/T,S ,S,0,True,True
4759,C/T,S ,S,0,True,True
479404,C/T,R ,R,1,True,True
4815,C/T,S ,S,0,True,True
499958,C/T,S ,S,0,True,True
511348,C/T,R ,R,1,True,True
513382,C/T,S ,S,0,True,True
515247,C/T,R ,R,1,True,True
515432,C/T,R ,R,1,True,True
516635,C/T,S ,S,0,True,True
517281,C/T,R ,R,1,True,True
518712,C/T,S ,S,0,True,True
526410,C/T,R ,R,1,True,True
539414,C/T,S ,S,0,True,True
546733,C/T,S ,S,0,True,True
560539,C/T,R ,R,1,True,True
5613,C/T,R ,R,1,True,True
562722,C/T,S ,S,0,True,True
564304,C/T,S ,S,0,True,True
572640,C/T,S ,S,0,True,True
5741,C/T,R ,R,1,True,True
581745,C/T,R ,R,1,True,True
582610,C/T,I ,I,,False,True
583114,C/T,S ,S,0,True,True
583141,C/T,S ,S,0,True,True
5881,C/T,R ,R,1,True,True
591344,C/T,S ,S,0,True,True
599975,C/T,S ,S,0,True,True
6031,C/T,S ,S,0,True,True
607210,C/T,R ,R,1,True,True
613682,C/T,R ,R,1,True,True
614201,C/T,S ,S,0,True,True
669448,C/T,R ,R,1,True,True
669510,C/T,R ,R,1,True,True
672476,C/T,S ,S,0,True,True
676980,C/T,S ,S,0,True,True
6778,C/T,R ,R,1,True,True
680172,C/T,S ,S,0,True,True
681054,C/T,R ,R,1,True,True
699478,C/T,S ,S,0,True,True
699654,C/T,S ,S,0,True,True
702261,C/T,S ,S,0,True,True
702325,C/T,S ,S,0,True,True
7076,C/T,R ,R,1,True,True
728987,C/T,S ,S,0,True,True
730567,C/T,S ,S,0,True,True
731029,C/T,S ,S,0,True,True
736213,C/T,S ,S,0,True,True
740795,C/T,R ,R,1,True,True
742743,C/T,S ,S,0,True,True
750877,C/T,S ,S,0,True,True
750999,C/T,S ,S,0,True,True
752729,C/T,R ,R,1,True,True
761403,C/T,R ,R,1,True,True
13726,ETP,S ,S,0,True,True
13748,ETP,R ,R,1,True,True
13761,ETP,R ,R,1,True,True
13768,ETP,R ,R,1,True,True
14444,ETP,S ,S,0,True,True
15219,ETP,S ,S,0,True,True
15687,ETP,S ,S,0,True,True
15882,ETP,S ,S,0,True,True
15937,ETP,S ,S,0,True,True
16008,ETP,S ,S,0,True,True
16233,ETP,S ,S,0,True,True
18411,ETP,S ,S,0,True,True
19073,ETP,S ,S,0,True,True
1912,ETP,S ,S,0,True,True
20522,ETP,S ,S,0,True,True
21304,ETP,S ,S,0,True,True
21352,ETP,S ,S,0,True,True
22232,ETP,S ,S,0,True,True
22265,ETP,S ,S,0,True,True
25107,ETP,S ,S,0,True,True
25112,ETP,S ,S,0,True,True
25616,ETP,S ,S,0,True,True
25947,ETP,S ,S,0,True,True
27106,ETP,S ,S,0,True,True
27778,ETP,S ,S,0,True,True
27989,ETP,S ,S,0,True,True
28183,ETP,S ,S,0,True,True
28866,ETP,S ,S,0,True,True
28880,ETP,S ,S,0,True,True
28887,ETP,S ,S,0,True,True
28893,ETP,S ,S,0,True,True
365679,ETP,R ,R,1,True,True
366562,ETP,R ,R,1,True,True
368001,ETP,R ,R,1,True,True
368320,ETP,R ,R,1,True,True
371351,ETP,S ,S,0,True,True
374613,ETP,S ,S,0,True,True
375436,ETP,R ,R,1,True,True
380979,ETP,S ,S,0,True,True
401050,ETP,S ,S,0,True,True
410359,ETP,S ,S,0,True,True
4111,ETP,S ,S,0,True,True
414780,ETP,S ,S,0,True,True
430405,ETP,R ,R,1,True,True
430414,ETP,R ,R,1,True,True
450199,ETP,S ,S,0,True,True
468268,ETP,S ,S,0,True,True
4759,ETP,S ,S,0,True,True
479404,ETP,R ,R,1,True,True
4815,ETP,S ,S,0,True,True
499958,ETP,S ,S,0,True,True
511348,ETP,R ,R,1,True,True
513382,ETP,S ,S,0,True,True
515247,ETP,R ,R,1,True,True
515432,ETP,S ,S,0,True,True
516635,ETP,S ,S,0,True,True
517281,ETP,R ,R,1,True,True
518712,ETP,S ,S,0,True,True
526410,ETP,R ,R,1,True,True
539414,ETP,S ,S,0,True,True
546733,ETP,S ,S,0,True,True
560539,ETP,R ,R,1,True,True
5613,ETP,S ,S,0,True,True
562722,ETP,S ,S,0,True,True
564304,ETP,S ,S,0,True,True
572640,ETP,S ,S,0,True,True
5741,ETP,S ,S,0,True,True
581745,ETP,R ,R,1,True,True
582610,ETP,S ,S,0,True,True
583114,ETP,S ,S,0,True,True
583141,ETP,S ,S,0,True,True
5881,ETP,S ,S,0,True,True
591344,ETP,S ,S,0,True,True
599975,ETP,S ,S,0,True,True
6031,ETP,S ,S,0,True,True
607210,ETP,S ,S,0,True,True
613682,ETP,R ,R,1,True,True
614201,ETP,S ,S,0,True,True
669448,ETP,R ,R,1,True,True
669510,ETP,I ,I,,False,True
672476,ETP,S ,S,0,True,True
676980,ETP,S ,S,0,True,True
6778,ETP,S ,S,0,True,True
680172,ETP,S ,S,0,True,True
681054,ETP,R ,R,1,True,True
699478,ETP,S ,S,0,True,True
699654,ETP,S ,S,0,True,True
702261,ETP,S ,S,0,True,True
702325,ETP,S ,S,0,True,True
7076,ETP,S ,S,0,True,True
728987,ETP,S ,S,0,True,True
730567,ETP,S ,S,0,True,True
731029,ETP,S ,S,0,True,True
736213,ETP,S ,S,0,True,True
740795,ETP,R ,R,1,True,True
742743,ETP,S ,S,0,True,True
750877,ETP,S ,S,0,True,True
750999,ETP,S ,S,0,True,True
752729,ETP,R ,R,1,True,True
761403,ETP,R ,R,1,True,True
13726,IPM,S ,S,0,True,True
13748,IPM,R ,R,1,True,True
13761,IPM,R ,R,1,True,True
13768,IPM,R ,R,1,True,True
14444,IPM,S ,S,0,True,True
15219,IPM,S ,S,0,True,True
15687,IPM,S ,S,0,True,True
15882,IPM,S ,S,0,True,True
15937,IPM,S ,S,0,True,True
16008,IPM,S ,S,0,True,True
16233,IPM,S ,S,0,True,True
18411,IPM,S ,S,0,True,True
19073,IPM,S ,S,0,True,True
1912,IPM,S ,S,0,True,True
20522,IPM,S ,S,0,True,True
21304,IPM,S ,S,0,True,True
21352,IPM,S ,S,0,True,True
22232,IPM,S ,S,0,True,True
22265,IPM,S ,S,0,True,True
25107,IPM,S ,S,0,True,True
25112,IPM,S ,S,0,True,True
25616,IPM,S ,S,0,True,True
25947,IPM,S ,S,0,True,True
27106,IPM,S ,S,0,True,True
27778,IPM,S ,S,0,True,True
27989,IPM,S ,S,0,True,True
28183,IPM,S ,S,0,True,True
28866,IPM,S ,S,0,True,True
28880,IPM,S ,S,0,True,True
28887,IPM,S ,S,0,True,True
28893,IPM,S ,S,0,True,True
365679,IPM,R ,R,1,True,True
366562,IPM,I,I,,False,True
368001,IPM,R ,R,1,True,True
368320,IPM,I,I,,False,True
371351,IPM,S ,S,0,True,True
374613,IPM,S ,S,0,True,True
375436,IPM,R ,R,1,True,True
380979,IPM,S ,S,0,True,True
401050,IPM,S ,S,0,True,True
410359,IPM,S ,S,0,True,True
4111,IPM,S ,S,0,True,True
414780,IPM,S ,S,0,True,True
430405,IPM,R ,R,1,True,True
430414,IPM,R ,R,1,True,True
450199,IPM,S ,S,0,True,True
468268,IPM,S ,S,0,True,True
4759,IPM,S ,S,0,True,True
479404,IPM,R ,R,1,True,True
4815,IPM,S ,S,0,True,True
499958,IPM,S ,S,0,True,True
511348,IPM,I ,I,,False,True
513382,IPM,S ,S,0,True,True
515247,IPM,R ,R,1,True,True
515432,IPM,S ,S,0,True,True
516635,IPM,S ,S,0,True,True
517281,IPM,R ,R,1,True,True
518712,IPM,S ,S,0,True,True
526410,IPM,I,I,,False,True
539414,IPM,S ,S,0,True,True
546733,IPM,S ,S,0,True,True
560539,IPM,R ,R,1,True,True
5613,IPM,S ,S,0,True,True
562722,IPM,S ,S,0,True,True
564304,IPM,S ,S,0,True,True
572640,IPM,S ,S,0,True,True
5741,IPM,S ,S,0,True,True
581745,IPM,R ,R,1,True,True
582610,IPM,S ,S,0,True,True
583114,IPM,S ,S,0,True,True
583141,IPM,S ,S,0,True,True
5881,IPM,S ,S,0,True,True
591344,IPM,S ,S,0,True,True
599975,IPM,S ,S,0,True,True
6031,IPM,S ,S,0,True,True
607210,IPM,S ,S,0,True,True
613682,IPM,R ,R,1,True,True
614201,IPM,S ,S,0,True,True
669448,IPM,R ,R,1,True,True
669510,IPM,R ,R,1,True,True
672476,IPM,S ,S,0,True,True
676980,IPM,S ,S,0,True,True
6778,IPM,S ,S,0,True,True
680172,IPM,S ,S,0,True,True
681054,IPM,R ,R,1,True,True
699478,IPM,S ,S,0,True,True
699654,IPM,S ,S,0,True,True
702261,IPM,S ,S,0,True,True
702325,IPM,S ,S,0,True,True
7076,IPM,S ,S,0,True,True
728987,IPM,S ,S,0,True,True
730567,IPM,S ,S,0,True,True
731029,IPM,S ,S,0,True,True
736213,IPM,S ,S,0,True,True
740795,IPM,R ,R,1,True,True
742743,IPM,S ,S,0,True,True
750877,IPM,S ,S,0,True,True
750999,IPM,S ,S,0,True,True
752729,IPM,R ,R,1,True,True
761403,IPM,R ,R,1,True,True
13726,MEM,S ,S,0,True,True
13748,MEM,R ,R,1,True,True
13761,MEM,R ,R,1,True,True
13768,MEM,R ,R,1,True,True
14444,MEM,S ,S,0,True,True
15219,MEM,S ,S,0,True,True
15687,MEM,S ,S,0,True,True
15882,MEM,S ,S,0,True,True
15937,MEM,S ,S,0,True,True
16008,MEM,S ,S,0,True,True
16233,MEM,S ,S,0,True,True
18411,MEM,S ,S,0,True,True
19073,MEM,S ,S,0,True,True
1912,MEM,S ,S,0,True,True
20522,MEM,S ,S,0,True,True
21304,MEM,S ,S,0,True,True
21352,MEM,S ,S,0,True,True
22232,MEM,S ,S,0,True,True
22265,MEM,S ,S,0,True,True
25107,MEM,S ,S,0,True,True
25112,MEM,S ,S,0,True,True
25616,MEM,S ,S,0,True,True
25947,MEM,S ,S,0,True,True
27106,MEM,S ,S,0,True,True
27778,MEM,S ,S,0,True,True
27989,MEM,S ,S,0,True,True
28183,MEM,S ,S,0,True,True
28866,MEM,S ,S,0,True,True
28880,MEM,S ,S,0,True,True
28887,MEM,S ,S,0,True,True
28893,MEM,S ,S,0,True,True
365679,MEM,R ,R,1,True,True
366562,MEM,R ,R,1,True,True
368001,MEM,R ,R,1,True,True
368320,MEM,R ,R,1,True,True
371351,MEM,S ,S,0,True,True
374613,MEM,S ,S,0,True,True
375436,MEM,R ,R,1,True,True
380979,MEM,S ,S,0,True,True
401050,MEM,S ,S,0,True,True
410359,MEM,S ,S,0,True,True
4111,MEM,S ,S,0,True,True
414780,MEM,S ,S,0,True,True
430405,MEM,R ,R,1,True,True
430414,MEM,R ,R,1,True,True
450199,MEM,S ,S,0,True,True
468268,MEM,S ,S,0,True,True
4759,MEM,S ,S,0,True,True
479404,MEM,R ,R,1,True,True
4815,MEM,S ,S,0,True,True
499958,MEM,S ,S,0,True,True
511348,MEM,R ,R,1,True,True
513382,MEM,S ,S,0,True,True
515247,MEM,R ,R,1,True,True
515432,MEM,S ,S,0,True,True
516635,MEM,S ,S,0,True,True
517281,MEM,R ,R,1,True,True
518712,MEM,S ,S,0,True,True
526410,MEM,I ,I,,False,True
539414,MEM,S ,S,0,True,True
546733,MEM,S ,S,0,True,True
560539,MEM,R ,R,1,True,True
5613,MEM,S ,S,0,True,True
562722,MEM,S ,S,0,True,True
564304,MEM,S ,S,0,True,True
572640,MEM,S ,S,0,True,True
5741,MEM,S ,S,0,True,True
581745,MEM,I ,I,,False,True
582610,MEM,S ,S,0,True,True
583114,MEM,S ,S,0,True,True
583141,MEM,S ,S,0,True,True
5881,MEM,S ,S,0,True,True
591344,MEM,S ,S,0,True,True
599975,MEM,S ,S,0,True,True
6031,MEM,S ,S,0,True,True
607210,MEM,S ,S,0,True,True
613682,MEM,R ,R,1,True,True
614201,MEM,S ,S,0,True,True
669448,MEM,R ,R,1,True,True
669510,MEM,R ,R,1,True,True
672476,MEM,S ,S,0,True,True
676980,MEM,S ,S,0,True,True
6778,MEM,S ,S,0,True,True
680172,MEM,S ,S,0,True,True
681054,MEM,R ,R,1,True,True
699478,MEM,S ,S,0,True,True
699654,MEM,S ,S,0,True,True
702261,MEM,S ,S,0,True,True
702325,MEM,S ,S,0,True,True
7076,MEM,S ,S,0,True,True
728987,MEM,S ,S,0,True,True
730567,MEM,S ,S,0,True,True
731029,MEM,S ,S,0,True,True
736213,MEM,S ,S,0,True,True
740795,MEM,R ,R,1,True,True
742743,MEM,S ,S,0,True,True
750877,MEM,S ,S,0,True,True
750999,MEM,S ,S,0,True,True
752729,MEM,R ,R,1,True,True
761403,MEM,R ,R,1,True,True
13726,CIP,S ,S,0,True,True
13748,CIP,R ,R,1,True,True
13761,CIP,R ,R,1,True,True
13768,CIP,R ,R,1,True,True
14444,CIP,S ,S,0,True,True
15219,CIP,S ,S,0,True,True
15687,CIP,S ,S,0,True,True
15882,CIP,S ,S,0,True,True
15937,CIP,S ,S,0,True,True
16008,CIP,S ,S,0,True,True
16233,CIP,S ,S,0,True,True
18411,CIP,S ,S,0,True,True
19073,CIP,S ,S,0,True,True
1912,CIP,S ,S,0,True,True
20522,CIP,I ,I,,False,True
21304,CIP,S ,S,0,True,True
21352,CIP,R ,R,1,True,True
22232,CIP,I ,I,,False,True
22265,CIP,R ,R,1,True,True
25107,CIP,S ,S,0,True,True
25112,CIP,S ,S,0,True,True
25616,CIP,S ,S,0,True,True
25947,CIP,S ,S,0,True,True
27106,CIP,S ,S,0,True,True
27778,CIP,R ,R,1,True,True
27989,CIP,R ,R,1,True,True
28183,CIP,R ,R,1,True,True
28866,CIP,R ,R,1,True,True
28880,CIP,S ,S,0,True,True
28887,CIP,S ,S,0,True,True
28893,CIP,S ,S,0,True,True
365679,CIP,R ,R,1,True,True
366562,CIP,R ,R,1,True,True
368001,CIP,R ,R,1,True,True
368320,CIP,R ,R,1,True,True
371351,CIP,S ,S,0,True,True
374613,CIP,S ,S,0,True,True
375436,CIP,R ,R,1,True,True
380979,CIP,S ,S,0,True,True
401050,CIP,R ,R,1,True,True
410359,CIP,I ,I,,False,True
4111,CIP,S ,S,0,True,True
414780,CIP,S ,S,0,True,True
430405,CIP,R ,R,1,True,True
430414,CIP,R ,R,1,True,True
450199,CIP,S ,S,0,True,True
468268,CIP,S ,S,0,True,True
4759,CIP,S ,S,0,True,True
479404,CIP,R ,R,1,True,True
4815,CIP,R ,R,1,True,True
499958,CIP,S ,S,0,True,True
511348,CIP,I ,I,,False,True
513382,CIP,S ,S,0,True,True
515247,CIP,R ,R,1,True,True
515432,CIP,R ,R,1,True,True
516635,CIP,S ,S,0,True,True
517281,CIP,R ,R,1,True,True
518712,CIP,S ,S,0,True,True
526410,CIP,R ,R,1,True,True
539414,CIP,S ,S,0,True,True
546733,CIP,I ,I,,False,True
560539,CIP,R ,R,1,True,True
5613,CIP,I ,I,,False,True
562722,CIP,S ,S,0,True,True
564304,CIP,S ,S,0,True,True
572640,CIP,S ,S,0,True,True
5741,CIP,R ,R,1,True,True
581745,CIP,R ,R,1,True,True
582610,CIP,S ,S,0,True,True
583114,CIP,S ,S,0,True,True
583141,CIP,I ,I,,False,True
5881,CIP,R ,R,1,True,True
591344,CIP,S ,S,0,True,True
599975,CIP,I ,I,,False,True
6031,CIP,I ,I,,False,True
607210,CIP,R ,R,1,True,True
613682,CIP,R ,R,1,True,True
614201,CIP,S ,S,0,True,True
669448,CIP,R ,R,1,True,True
669510,CIP,S ,S,0,True,True
672476,CIP,S ,S,0,True,True
676980,CIP,S ,S,0,True,True
6778,CIP,R ,R,1,True,True
680172,CIP,I ,I,,False,True
681054,CIP,R ,R,1,True,True
699478,CIP,S ,S,0,True,True
699654,CIP,S ,S,0,True,True
702261,CIP,S ,S,0,True,True
702325,CIP,S ,S,0,True,True
7076,CIP,S ,S,0,True,True
728987,CIP,S ,S,0,True,True
730567,CIP,S ,S,0,True,True
731029,CIP,I ,I,,False,True
736213,CIP,S ,S,0,True,True
740795,CIP,R ,R,1,True,True
742743,CIP,S ,S,0,True,True
750877,CIP,S ,S,0,True,True
750999,CIP,S ,S,0,True,True
752729,CIP,R ,R,1,True,True
761403,CIP,R ,R,1,True,True
13726,LVX,S ,S,0,True,True
13748,LVX,R ,R,1,True,True
13761,LVX,I ,I,,False,True
13768,LVX,R ,R,1,True,True
14444,LVX,S ,S,0,True,True
15219,LVX,S ,S,0,True,True
15687,LVX,S ,S,0,True,True
15882,LVX,S ,S,0,True,True
15937,LVX,S ,S,0,True,True
16008,LVX,S ,S,0,True,True
16233,LVX,S ,S,0,True,True
18411,LVX,S ,S,0,True,True
19073,LVX,S ,S,0,True,True
1912,LVX,S ,S,0,True,True
20522,LVX,S ,S,0,True,True
21304,LVX,S ,S,0,True,True
21352,LVX,R ,R,1,True,True
22232,LVX,S ,S,0,True,True
22265,LVX,R ,R,1,True,True
25107,LVX,S ,S,0,True,True
25112,LVX,S ,S,0,True,True
25616,LVX,S ,S,0,True,True
25947,LVX,S ,S,0,True,True
27106,LVX,S ,S,0,True,True
27778,LVX,R ,R,1,True,True
27989,LVX,I ,I,,False,True
28183,LVX,R ,R,1,True,True
28866,LVX,R ,R,1,True,True
28880,LVX,S ,S,0,True,True
28887,LVX,S ,S,0,True,True
28893,LVX,S ,S,0,True,True
365679,LVX,R ,R,1,True,True
366562,LVX,R ,R,1,True,True
368001,LVX,R ,R,1,True,True
368320,LVX,R ,R,1,True,True
371351,LVX,S ,S,0,True,True
374613,LVX,S ,S,0,True,True
375436,LVX,R ,R,1,True,True
380979,LVX,S ,S,0,True,True
401050,LVX,I ,I,,False,True
410359,LVX,I ,I,,False,True
4111,LVX,S ,S,0,True,True
414780,LVX,S ,S,0,True,True
430405,LVX,R ,R,1,True,True
430414,LVX,R ,R,1,True,True
450199,LVX,S ,S,0,True,True
468268,LVX,S ,S,0,True,True
4759,LVX,S ,S,0,True,True
479404,LVX,R ,R,1,True,True
4815,LVX,R ,R,1,True,True
499958,LVX,S ,S,0,True,True
511348,LVX,S ,S,0,True,True
513382,LVX,S ,S,0,True,True
515247,LVX,R ,R,1,True,True
515432,LVX,R ,R,1,True,True
516635,LVX,S ,S,0,True,True
517281,LVX,R ,R,1,True,True
518712,LVX,S ,S,0,True,True
526410,LVX,R ,R,1,True,True
539414,LVX,S ,S,0,True,True
546733,LVX,S ,S,0,True,True
560539,LVX,R ,R,1,True,True
5613,LVX,I ,I,,False,True
562722,LVX,S ,S,0,True,True
564304,LVX,S ,S,0,True,True
572640,LVX,S ,S,0,True,True
5741,LVX,R ,R,1,True,True
581745,LVX,I ,I,,False,True
582610,LVX,S ,S,0,True,True
583114,LVX,S ,S,0,True,True
583141,LVX,S ,S,0,True,True
5881,LVX,I ,I,,False,True
591344,LVX,S ,S,0,True,True
599975,LVX,S ,S,0,True,True
6031,LVX,S ,S,0,True,True
607210,LVX,R ,R,1,True,True
613682,LVX,R ,R,1,True,True
614201,LVX,S ,S,0,True,True
669448,LVX,R ,R,1,True,True
669510,LVX,S ,S,0,True,True
672476,LVX,S ,S,0,True,True
676980,LVX,S ,S,0,True,True
6778,LVX,I ,I,,False,True
680172,LVX,I ,I,,False,True
681054,LVX,R ,R,1,True,True
699478,LVX,S ,S,0,True,True
699654,LVX,S ,S,0,True,True
702261,LVX,S ,S,0,True,True
702325,LVX,S ,S,0,True,True
7076,LVX,S ,S,0,True,True
728987,LVX,S ,S,0,True,True
730567,LVX,S ,S,0,True,True
731029,LVX,I ,I,,False,True
736213,LVX,S ,S,0,True,True
740795,LVX,R ,R,1,True,True
742743,LVX,S ,S,0,True,True
750877,LVX,S ,S,0,True,True
750999,LVX,S ,S,0,True,True
752729,LVX,R ,R,1,True,True
761403,LVX,R ,R,1,True,True
13726,TZP,S ,S,0,True,True
13748,TZP,R ,R,1,True,True
13761,TZP,R ,R,1,True,True
13768,TZP,R ,R,1,True,True
14444,TZP,S ,S,0,True,True
15219,TZP,S ,S,0,True,True
15687,TZP,I ,I,,False,True
15882,TZP,S ,S,0,True,True
15937,TZP,S ,S,0,True,True
16008,TZP,S ,S,0,True,True
16233,TZP,R ,R,1,True,True
18411,TZP,S ,S,0,True,True
19073,TZP,S ,S,0,True,True
1912,TZP,S ,S,0,True,True
20522,TZP,I ,I,,False,True
21304,TZP,I ,I,,False,True
21352,TZP,I ,I,,False,True
22232,TZP,I ,I,,False,True
22265,TZP,I ,I,,False,True
25107,TZP,I ,I,,False,True
25112,TZP,I ,I,,False,True
25616,TZP,R ,R,1,True,True
25947,TZP,S ,S,0,True,True
27106,TZP,S ,S,0,True,True
27778,TZP,S ,S,0,True,True
27989,TZP,S ,S,0,True,True
28183,TZP,I ,I,,False,True
28866,TZP,S ,S,0,True,True
28880,TZP,S ,S,0,True,True
28887,TZP,S ,S,0,True,True
28893,TZP,S ,S,0,True,True
365679,TZP,R ,R,1,True,True
366562,TZP,R ,R,1,True,True
368001,TZP,R ,R,1,True,True
368320,TZP,R ,R,1,True,True
371351,TZP,S ,S,0,True,True
374613,TZP,S ,S,0,True,True
375436,TZP,R ,R,1,True,True
380979,TZP,S ,S,0,True,True
401050,TZP,R ,R,1,True,True
410359,TZP,I ,I,,False,True
4111,TZP,S ,S,0,True,True
414780,TZP,I ,I,,False,True
430405,TZP,R ,R,1,True,True
430414,TZP,R ,R,1,True,True
450199,TZP,S ,S,0,True,True
468268,TZP,S ,S,0,True,True
4759,TZP,S ,S,0,True,True
479404,TZP,R ,R,1,True,True
4815,TZP,S ,S,0,True,True
499958,TZP,S ,S,0,True,True
511348,TZP,R ,R,1,True,True
513382,TZP,S ,S,0,True,True
515247,TZP,R ,R,1,True,True
515432,TZP,R ,R,1,True,True
516635,TZP,S ,S,0,True,True
517281,TZP,R ,R,1,True,True
518712,TZP,S ,S,0,True,True
526410,TZP,R ,R,1,True,True
539414,TZP,S ,S,0,True,True
546733,TZP,S ,S,0,True,True
560539,TZP,R ,R,1,True,True
5613,TZP,I ,I,,False,True
562722,TZP,S ,S,0,True,True
564304,TZP,S ,S,0,True,True
572640,TZP,S ,S,0,True,True
5741,TZP,R ,R,1,True,True
581745,TZP,R ,R,1,True,True
582610,TZP,I ,I,,False,True
583114,TZP,S ,S,0,True,True
583141,TZP,S ,S,0,True,True
5881,TZP,R ,R,1,True,True
591344,TZP,R ,R,1,True,True
599975,TZP,S ,S,0,True,True
6031,TZP,S ,S,0,True,True
607210,TZP,I ,I,,False,True
613682,TZP,R ,R,1,True,True
614201,TZP,S ,S,0,True,True
669448,TZP,R ,R,1,True,True
669510,TZP,R ,R,1,True,True
672476,TZP,S ,S,0,True,True
676980,TZP,S ,S,0,True,True
6778,TZP,I ,I,,False,True
680172,TZP,S ,S,0,True,True
681054,TZP,R ,R,1,True,True
699478,TZP,S ,S,0,True,True
699654,TZP,S ,S,0,True,True
702261,TZP,S ,S,0,True,True
702325,TZP,I ,I,,False,True
7076,TZP,I ,I,,False,True
728987,TZP,S ,S,0,True,True
730567,TZP,S ,S,0,True,True
731029,TZP,S ,S,0,True,True
736213,TZP,S ,S,0,True,True
740795,TZP,R ,R,1,True,True
742743,TZP,S ,S,0,True,True
750877,TZP,S ,S,0,True,True
750999,TZP,S ,S,0,True,True
752729,TZP,R ,R,1,True,True
761403,TZP,R ,R,1,True,True
13726,SXT,S ,S,0,True,True
13748,SXT,R ,R,1,True,True
13761,SXT,R ,R,1,True,True
13768,SXT,S ,S,0,True,True
14444,SXT,R ,R,1,True,True
15219,SXT,R ,R,1,True,True
15687,SXT,S ,S,0,True,True
15882,SXT,S,S,0,True,True
15937,SXT,R ,R,1,True,True
16008,SXT,R ,R,1,True,True
16233,SXT,S ,S,0,True,True
18411,SXT,S ,S,0,True,True
19073,SXT,R ,R,1,True,True
1912,SXT,S ,S,0,True,True
20522,SXT,S ,S,0,True,True
21304,SXT,S ,S,0,True,True
21352,SXT,R ,R,1,True,True
22232,SXT,R ,R,1,True,True
22265,SXT,R ,R,1,True,True
25107,SXT,S ,S,0,True,True
25112,SXT,R ,R,1,True,True
25616,SXT,R ,R,1,True,True
25947,SXT,S ,S,0,True,True
27106,SXT,S ,S,0,True,True
27778,SXT,R ,R,1,True,True
27989,SXT,R ,R,1,True,True
28183,SXT,R ,R,1,True,True
28866,SXT,S ,S,0,True,True
28880,SXT,S ,S,0,True,True
28887,SXT,S ,S,0,True,True
28893,SXT,S ,S,0,True,True
365679,SXT,R ,R,1,True,True
366562,SXT,R ,R,1,True,True
368001,SXT,R ,R,1,True,True
368320,SXT,R ,R,1,True,True
371351,SXT,R ,R,1,True,True
374613,SXT,R ,R,1,True,True
375436,SXT,R ,R,1,True,True
380979,SXT,S ,S,0,True,True
401050,SXT,R ,R,1,True,True
410359,SXT,R ,R,1,True,True
4111,SXT,S ,S,0,True,True
414780,SXT,R ,R,1,True,True
430405,SXT,R ,R,1,True,True
430414,SXT,R ,R,1,True,True
450199,SXT,S ,S,0,True,True
468268,SXT,R ,R,1,True,True
4759,SXT,S ,S,0,True,True
479404,SXT,R ,R,1,True,True
4815,SXT,R ,R,1,True,True
499958,SXT,R ,R,1,True,True
511348,SXT,R ,R,1,True,True
513382,SXT,S ,S,0,True,True
515247,SXT,S ,S,0,True,True
515432,SXT,R ,R,1,True,True
516635,SXT,R ,R,1,True,True
517281,SXT,R ,R,1,True,True
518712,SXT,R ,R,1,True,True
526410,SXT,R ,R,1,True,True
539414,SXT,R ,R,1,True,True
546733,SXT,R ,R,1,True,True
560539,SXT,R ,R,1,True,True
5613,SXT,R ,R,1,True,True
562722,SXT,S ,S,0,True,True
564304,SXT,R ,R,1,True,True
572640,SXT,S ,S,0,True,True
5741,SXT,R ,R,1,True,True
581745,SXT,R ,R,1,True,True
582610,SXT,R ,R,1,True,True
583114,SXT,R ,R,1,True,True
583141,SXT,R ,R,1,True,True
5881,SXT,R ,R,1,True,True
591344,SXT,S ,S,0,True,True
599975,SXT,R ,R,1,True,True
6031,SXT,R ,R,1,True,True
607210,SXT,S ,S,0,True,True
613682,SXT,R ,R,1,True,True
614201,SXT,S ,S,0,True,True
669448,SXT,R ,R,1,True,True
669510,SXT,R ,R,1,True,True
672476,SXT,S ,S,0,True,True
676980,SXT,S ,S,0,True,True
6778,SXT,R ,R,1,True,True
680172,SXT,R ,R,1,True,True
681054,SXT,R ,R,1,True,True
699478,SXT,S ,S,0,True,True
699654,SXT,S ,S,0,True,True
702261,SXT,R ,R,1,True,True
702325,SXT,S ,S,0,True,True
7076,SXT,R ,R,1,True,True
728987,SXT,R ,R,1,True,True
730567,SXT,S ,S,0,True,True
731029,SXT,S ,S,0,True,True
736213,SXT,S ,S,0,True,True
740795,SXT,S ,S,0,True,True
742743,SXT,S ,S,0,True,True
750877,SXT,S ,S,0,True,True
750999,SXT,S ,S,0,True,True
752729,SXT,R ,R,1,True,True
761403,SXT,R ,R,1,True,True
13726,TET,R ,R,1,True,True
13748,TET,R ,R,1,True,True
13761,TET,R ,R,1,True,True
13768,TET,R ,R,1,True,True
14444,TET,R ,R,1,True,True
15219,TET,R ,R,1,True,True
15687,TET,S ,S,0,True,True
15882,TET,R ,R,1,True,True
15937,TET,R ,R,1,True,True
16008,TET,S ,S,0,True,True
16233,TET,S ,S,0,True,True
18411,TET,I ,I,,False,True
19073,TET,R ,R,1,True,True
1912,TET,S ,S,0,True,True
20522,TET,R ,R,1,True,True
21304,TET,R ,R,1,True,True
21352,TET,S ,S,0,True,True
22232,TET,R ,R,1,True,True
22265,TET,S ,S,0,True,True
25107,TET,R ,R,1,True,True
25112,TET,S ,S,0,True,True
25616,TET,R ,R,1,True,True
25947,TET,S ,S,0,True,True
27106,TET,S ,S,0,True,True
27778,TET,I ,I,,False,True
27989,TET,R ,R,1,True,True
28183,TET,R ,R,1,True,True
28866,TET,R ,R,1,True,True
28880,TET,S ,S,0,True,True
28887,TET,S ,S,0,True,True
28893,TET,S ,S,0,True,True
365679,TET,R ,R,1,True,True
366562,TET,R ,R,1,True,True
368001,TET,S ,S,0,True,True
368320,TET,R ,R,1,True,True
371351,TET,S ,S,0,True,True
374613,TET,R ,R,1,True,True
375436,TET,S ,S,0,True,True
380979,TET,S ,S,0,True,True
401050,TET,S ,S,0,True,True
410359,TET,R ,R,1,True,True
4111,TET,S ,S,0,True,True
414780,TET,R ,R,1,True,True
430405,TET,I ,I,,False,True
430414,TET,R ,R,1,True,True
450199,TET,R ,R,1,True,True
468268,TET,R ,R,1,True,True
4759,TET,S ,S,0,True,True
479404,TET,R ,R,1,True,True
4815,TET,R ,R,1,True,True
499958,TET,R ,R,1,True,True
511348,TET,S ,S,0,True,True
513382,TET,S ,S,0,True,True
515247,TET,R ,R,1,True,True
515432,TET,S ,S,0,True,True
516635,TET,R ,R,1,True,True
517281,TET,R ,R,1,True,True
518712,TET,S ,S,0,True,True
526410,TET,R ,R,1,True,True
539414,TET,R ,R,1,True,True
546733,TET,R ,R,1,True,True
560539,TET,R ,R,1,True,True
5613,TET,R ,R,1,True,True
562722,TET,S ,S,0,True,True
564304,TET,R ,R,1,True,True
572640,TET,R ,R,1,True,True
5741,TET,S ,S,0,True,True
581745,TET,R ,R,1,True,True
582610,TET,R ,R,1,True,True
583114,TET,R ,R,1,True,True
583141,TET,R ,R,1,True,True
5881,TET,R ,R,1,True,True
591344,TET,R ,R,1,True,True
599975,TET,R ,R,1,True,True
6031,TET,R ,R,1,True,True
607210,TET,S ,S,0,True,True
613682,TET,R ,R,1,True,True
614201,TET,S ,S,0,True,True
669448,TET,I ,I,,False,True
669510,TET,S ,S,0,True,True
672476,TET,S ,S,0,True,True
676980,TET,S ,S,0,True,True
6778,TET,S ,S,0,True,True
680172,TET,S ,S,0,True,True
681054,TET,R ,R,1,True,True
699478,TET,S ,S,0,True,True
699654,TET,S ,S,0,True,True
702261,TET,R ,R,1,True,True
702325,TET,R ,R,1,True,True
7076,TET,R ,R,1,True,True
728987,TET,R ,R,1,True,True
730567,TET,S ,S,0,True,True
731029,TET,R ,R,1,True,True
736213,TET,S ,S,0,True,True
740795,TET,S ,S,0,True,True
742743,TET,S ,S,0,True,True
750877,TET,S ,S,0,True,True
750999,TET,S ,S,0,True,True
752729,TET,S ,S,0,True,True
761403,TET,I ,I,,False,True
13726,TGC,S ,S,0,True,True
13748,TGC,R ,R,1,True,True
13761,TGC,S ,S,0,True,True
13768,TGC,S ,S,0,True,True
14444,TGC,S ,S,0,True,True
15219,TGC,S ,S,0,True,True
15687,TGC,S ,S,0,True,True
15882,TGC,S ,S,0,True,True
15937,TGC,S ,S,0,True,True
16008,TGC,S ,S,0,True,True
16233,TGC,S ,S,0,True,True
18411,TGC,S ,S,0,True,True
19073,TGC,S ,S,0,True,True
1912,TGC,S ,S,0,True,True
20522,TGC,S ,S,0,True,True
21304,TGC,S ,S,0,True,True
21352,TGC,S ,S,0,True,True
22232,TGC,S ,S,0,True,True
22265,TGC,S ,S,0,True,True
25107,TGC,S ,S,0,True,True
25112,TGC,S ,S,0,True,True
25616,TGC,S ,S,0,True,True
25947,TGC,S ,S,0,True,True
27106,TGC,S ,S,0,True,True
27778,TGC,S ,S,0,True,True
27989,TGC,S ,S,0,True,True
28183,TGC,S ,S,0,True,True
28866,TGC,S ,S,0,True,True
28880,TGC,S ,S,0,True,True
28887,TGC,S ,S,0,True,True
28893,TGC,S ,S,0,True,True
365679,TGC,S ,S,0,True,True
366562,TGC,R ,R,1,True,True
368001,TGC,S ,S,0,True,True
368320,TGC,R ,R,1,True,True
371351,TGC,S ,S,0,True,True
374613,TGC,S ,S,0,True,True
375436,TGC,S ,S,0,True,True
380979,TGC,S ,S,0,True,True
401050,TGC,S ,S,0,True,True
410359,TGC,R ,R,1,True,True
4111,TGC,S ,S,0,True,True
414780,TGC,I ,I,,False,True
430405,TGC,S ,S,0,True,True
430414,TGC,I ,I,,False,True
450199,TGC,S ,S,0,True,True
468268,TGC,S ,S,0,True,True
4759,TGC,S ,S,0,True,True
479404,TGC,S ,S,0,True,True
4815,TGC,R ,R,1,True,True
499958,TGC,S ,S,0,True,True
511348,TGC,S ,S,0,True,True
513382,TGC,S ,S,0,True,True
515247,TGC,R ,R,1,True,True
515432,TGC,S ,S,0,True,True
516635,TGC,S ,S,0,True,True
517281,TGC,R ,R,1,True,True
518712,TGC,S ,S,0,True,True
526410,TGC,R ,R,1,True,True
539414,TGC,S ,S,0,True,True
546733,TGC,S ,S,0,True,True
560539,TGC,S ,S,0,True,True
5613,TGC,S ,S,0,True,True
562722,TGC,S ,S,0,True,True
564304,TGC,S ,S,0,True,True
572640,TGC,R ,R,1,True,True
5741,TGC,S ,S,0,True,True
581745,TGC,R ,R,1,True,True
582610,TGC,S ,S,0,True,True
583114,TGC,S ,S,0,True,True
583141,TGC,S ,S,0,True,True
5881,TGC,S ,S,0,True,True
591344,TGC,R ,R,1,True,True
599975,TGC,S ,S,0,True,True
6031,TGC,S ,S,0,True,True
607210,TGC,S ,S,0,True,True
613682,TGC,S ,S,0,True,True
614201,TGC,S ,S,0,True,True
669448,TGC,I ,I,,False,True
669510,TGC,S ,S,0,True,True
672476,TGC,S ,S,0,True,True
676980,TGC,S ,S,0,True,True
6778,TGC,S ,S,0,True,True
680172,TGC,S ,S,0,True,True
681054,TGC,S ,S,0,True,True
699478,TGC,S ,S,0,True,True
699654,TGC,S ,S,0,True,True
702261,TGC,S ,S,0,True,True
702325,TGC,S ,S,0,True,True
7076,TGC,R ,R,1,True,True
728987,TGC,S ,S,0,True,True
730567,TGC,S ,S,0,True,True
731029,TGC,S ,S,0,True,True
736213,TGC,S ,S,0,True,True
740795,TGC,S ,S,0,True,True
742743,TGC,S ,S,0,True,True
750877,TGC,S ,S,0,True,True
750999,TGC,S ,S,0,True,True
752729,TGC,S ,S,0,True,True
761403,TGC,S ,S,0,True,True
13726,CST,,,,False,False
13748,CST,,,,False,False
13761,CST,,,,False,False
13768,CST,R,R,1,True,False
14444,CST,,,,False,False
15219,CST,,,,False,False
15687,CST,,,,False,False
15882,CST,,,,False,False
15937,CST,,,,False,False
16008,CST,,,,False,False
16233,CST,,,,False,False
18411,CST,,,,False,False
19073,CST,,,,False,False
1912,CST,,,,False,False
20522,CST,,,,False,False
21304,CST,,,,False,False
21352,CST,,,,False,False
22232,CST,,,,False,False
22265,CST,,,,False,False
25107,CST,,,,False,False
25112,CST,,,,False,False
25616,CST,,,,False,False
25947,CST,,,,False,False
27106,CST,,,,False,False
27778,CST,,,,False,False
27989,CST,,,,False,False
28183,CST,,,,False,False
28866,CST,,,,False,False
28880,CST,,,,False,False
28887,CST,,,,False,False
28893,CST,,,,False,False
365679,CST,,,,False,False
366562,CST,R,R,1,True,False
368001,CST,,,,False,False
368320,CST,,,,False,False
371351,CST,,,,False,False
374613,CST,,,,False,False
375436,CST,I,I,,False,False
380979,CST,,,,False,False
401050,CST,,,,False,False
410359,CST,,,,False,False
4111,CST,,,,False,False
414780,CST,,,,False,False
430405,CST,R,R,1,True,False
430414,CST,R,R,1,True,False
450199,CST,,,,False,False
468268,CST,,,,False,False
4759,CST,,,,False,False
479404,CST,,,,False,False
4815,CST,,,,False,False
499958,CST,,,,False,False
511348,CST,,,,False,False
513382,CST,,,,False,False
515247,CST,,,,False,False
515432,CST,,,,False,False
516635,CST,,,,False,False
517281,CST,,,,False,False
518712,CST,,,,False,False
526410,CST,R,R,1,True,False
539414,CST,,,,False,False
546733,CST,,,,False,False
560539,CST,,,,False,False
5613,CST,,,,False,False
562722,CST,,,,False,False
564304,CST,,,,False,False
572640,CST,,,,False,False
5741,CST,,,,False,False
581745,CST,,,,False,False
582610,CST,,,,False,False
583114,CST,,,,False,False
583141,CST,,,,False,False
5881,CST,,,,False,False
591344,CST,,,,False,False
599975,CST,,,,False,False
6031,CST,,,,False,False
607210,CST,,,,False,False
613682,CST,,,,False,False
614201,CST,,,,False,False
669448,CST,,,,False,False
669510,CST,,,,False,False
672476,CST,,,,False,False
676980,CST,,,,False,False
6778,CST,,,,False,False
680172,CST,,,,False,False
681054,CST,,,,False,False
699478,CST,,,,False,False
699654,CST,,,,False,False
702261,CST,,,,False,False
702325,CST,,,,False,False
7076,CST,,,,False,False
728987,CST,,,,False,False
730567,CST,,,,False,False
731029,CST,,,,False,False
736213,CST,,,,False,False
740795,CST,,,,False,False
742743,CST,,,,False,False
750877,CST,,,,False,False
750999,CST,,,,False,False
752729,CST,,,,False,False
761403,CST,I,I,,False,False
